Date,Call time
1/16/2024,6:01:40 AM
1/16/2024,6:02:35 AM
1/16/2024,6:03:01 AM
1/16/2024,6:03:14 AM
1/16/2024,6:03:16 AM
1/16/2024,6:03:17 AM
1/16/2024,6:04:18 AM
1/16/2024,6:04:57 AM
1/16/2024,6:06:44 AM
1/16/2024,6:07:40 AM
1/16/2024,6:09:44 AM
1/16/2024,6:09:46 AM
1/16/2024,6:10:16 AM
1/16/2024,6:10:57 AM
1/16/2024,6:12:00 AM
1/16/2024,6:15:15 AM
1/16/2024,6:15:52 AM
1/16/2024,6:16:27 AM
1/16/2024,6:16:32 AM
1/16/2024,6:16:42 AM
1/16/2024,6:17:16 AM
1/16/2024,6:19:32 AM
1/16/2024,6:22:37 AM
1/16/2024,6:23:27 AM
1/16/2024,6:23:48 AM
1/16/2024,6:24:10 AM
1/16/2024,6:24:54 AM
1/16/2024,6:25:13 AM
1/16/2024,6:25:28 AM
1/16/2024,6:25:31 AM
1/16/2024,6:26:49 AM
1/16/2024,6:28:00 AM
1/16/2024,6:28:59 AM
1/16/2024,6:29:44 AM
1/16/2024,6:30:05 AM
1/16/2024,6:30:16 AM
1/16/2024,6:30:26 AM
1/16/2024,6:30:37 AM
1/16/2024,6:31:52 AM
1/16/2024,6:33:12 AM
1/16/2024,6:33:18 AM
1/16/2024,6:33:26 AM
1/16/2024,6:34:48 AM
1/16/2024,6:35:40 AM
1/16/2024,6:36:09 AM
1/16/2024,6:37:53 AM
1/16/2024,6:38:11 AM
1/16/2024,6:38:46 AM
1/16/2024,6:39:17 AM
1/16/2024,6:41:15 AM
1/16/2024,6:41:38 AM
1/16/2024,6:42:16 AM
1/16/2024,6:42:39 AM
1/16/2024,6:43:19 AM
1/16/2024,6:43:20 AM
1/16/2024,6:43:34 AM
1/16/2024,6:43:36 AM
1/16/2024,6:44:53 AM
1/16/2024,6:45:04 AM
1/16/2024,6:45:09 AM
1/16/2024,6:45:38 AM
1/16/2024,6:46:05 AM
1/16/2024,6:46:07 AM
1/16/2024,6:46:33 AM
1/16/2024,6:47:32 AM
1/16/2024,6:48:40 AM
1/16/2024,6:49:16 AM
1/16/2024,6:50:29 AM
1/16/2024,6:51:03 AM
1/16/2024,6:51:33 AM
1/16/2024,6:52:23 AM
1/16/2024,6:53:15 AM
1/16/2024,6:53:27 AM
1/16/2024,6:53:55 AM
1/16/2024,6:54:33 AM
1/16/2024,6:54:40 AM
1/16/2024,6:55:30 AM
1/16/2024,6:57:43 AM
1/16/2024,6:58:29 AM
1/16/2024,6:58:41 AM
1/16/2024,6:59:20 AM
1/16/2024,6:03:25 AM
1/16/2024,6:07:21 AM
1/16/2024,6:13:46 AM
1/16/2024,6:21:07 AM
1/16/2024,6:38:50 AM
1/16/2024,6:50:11 AM
1/16/2024,6:57:23 AM
1/16/2024,6:58:32 AM
1/16/2024,7:00:05 AM
1/16/2024,7:00:25 AM
1/16/2024,7:01:02 AM
1/16/2024,7:01:58 AM
1/16/2024,7:02:00 AM
1/16/2024,7:02:02 AM
1/16/2024,7:03:14 AM
1/16/2024,7:04:41 AM
1/16/2024,7:05:08 AM
1/16/2024,7:05:46 AM
1/16/2024,7:06:31 AM
1/16/2024,7:07:42 AM
1/16/2024,7:09:01 AM
1/16/2024,7:09:39 AM
1/16/2024,7:09:59 AM
1/16/2024,7:10:22 AM
1/16/2024,7:10:37 AM
1/16/2024,7:14:21 AM
1/16/2024,7:15:04 AM
1/16/2024,7:15:25 AM
1/16/2024,7:16:01 AM
1/16/2024,7:16:28 AM
1/16/2024,7:17:52 AM
1/16/2024,7:17:55 AM
1/16/2024,7:18:23 AM
1/16/2024,7:18:40 AM
1/16/2024,7:18:52 AM
1/16/2024,7:20:20 AM
1/16/2024,7:20:27 AM
1/16/2024,7:23:46 AM
1/16/2024,7:24:34 AM
1/16/2024,7:24:39 AM
1/16/2024,7:25:51 AM
1/16/2024,7:26:33 AM
1/16/2024,7:27:12 AM
1/16/2024,7:29:10 AM
1/16/2024,7:29:48 AM
1/16/2024,7:30:32 AM
1/16/2024,7:30:46 AM
1/16/2024,7:31:04 AM
1/16/2024,7:31:32 AM
1/16/2024,7:32:33 AM
1/16/2024,7:32:54 AM
1/16/2024,7:33:18 AM
1/16/2024,7:33:18 AM
1/16/2024,7:35:43 AM
1/16/2024,7:40:46 AM
1/16/2024,7:40:47 AM
1/16/2024,7:40:52 AM
1/16/2024,7:41:21 AM
1/16/2024,7:42:59 AM
1/16/2024,7:44:57 AM
1/16/2024,7:47:20 AM
1/16/2024,7:48:39 AM
1/16/2024,7:49:10 AM
1/16/2024,7:53:21 AM
1/16/2024,7:54:22 AM
1/16/2024,7:55:21 AM
1/16/2024,7:55:28 AM
1/16/2024,7:55:34 AM
1/16/2024,7:56:38 AM
1/16/2024,7:57:34 AM
1/16/2024,7:58:26 AM
1/16/2024,7:58:56 AM
1/16/2024,7:00:53 AM
1/16/2024,7:02:32 AM
1/16/2024,7:02:39 AM
1/16/2024,7:10:10 AM
1/16/2024,7:13:07 AM
1/16/2024,7:14:14 AM
1/16/2024,7:15:26 AM
1/16/2024,7:16:43 AM
1/16/2024,7:17:21 AM
1/16/2024,7:19:56 AM
1/16/2024,7:21:32 AM
1/16/2024,7:22:36 AM
1/16/2024,7:24:26 AM
1/16/2024,7:24:52 AM
1/16/2024,7:26:58 AM
1/16/2024,7:27:21 AM
1/16/2024,7:29:16 AM
1/16/2024,7:32:15 AM
1/16/2024,7:34:05 AM
1/16/2024,7:35:18 AM
1/16/2024,7:37:16 AM
1/16/2024,7:37:27 AM
1/16/2024,7:41:05 AM
1/16/2024,7:42:16 AM
1/16/2024,7:43:59 AM
1/16/2024,7:47:46 AM
1/16/2024,7:50:04 AM
1/16/2024,7:51:35 AM
1/16/2024,7:52:51 AM
1/16/2024,7:53:39 AM
1/16/2024,7:54:50 AM
1/16/2024,7:56:35 AM
1/16/2024,7:59:53 AM
1/17/2024,6:00:21 AM
1/17/2024,6:01:16 AM
1/17/2024,6:01:19 AM
1/17/2024,6:02:08 AM
1/17/2024,6:02:22 AM
1/17/2024,6:03:47 AM
1/17/2024,6:03:51 AM
1/17/2024,6:04:04 AM
1/17/2024,6:04:26 AM
1/17/2024,6:04:35 AM
1/17/2024,6:04:44 AM
1/17/2024,6:05:11 AM
1/17/2024,6:05:33 AM
1/17/2024,6:06:23 AM
1/17/2024,6:06:24 AM
1/17/2024,6:07:14 AM
1/17/2024,6:07:28 AM
1/17/2024,6:08:18 AM
1/17/2024,6:09:43 AM
1/17/2024,6:10:06 AM
1/17/2024,6:11:25 AM
1/17/2024,6:12:06 AM
1/17/2024,6:12:11 AM
1/17/2024,6:12:39 AM
1/17/2024,6:14:07 AM
1/17/2024,6:14:07 AM
1/17/2024,6:15:16 AM
1/17/2024,6:16:15 AM
1/17/2024,6:16:25 AM
1/17/2024,6:16:26 AM
1/17/2024,6:16:46 AM
1/17/2024,6:16:50 AM
1/17/2024,6:17:03 AM
1/17/2024,6:18:01 AM
1/17/2024,6:18:34 AM
1/17/2024,6:21:09 AM
1/17/2024,6:23:13 AM
1/17/2024,6:23:40 AM
1/17/2024,6:24:25 AM
1/17/2024,6:25:22 AM
1/17/2024,6:25:28 AM
1/17/2024,6:26:35 AM
1/17/2024,6:26:41 AM
1/17/2024,6:26:52 AM
1/17/2024,6:28:38 AM
1/17/2024,6:29:39 AM
1/17/2024,6:29:40 AM
1/17/2024,6:30:37 AM
1/17/2024,6:32:14 AM
1/17/2024,6:32:39 AM
1/17/2024,6:32:45 AM
1/17/2024,6:33:03 AM
1/17/2024,6:37:11 AM
1/17/2024,6:37:20 AM
1/17/2024,6:37:39 AM
1/17/2024,6:38:20 AM
1/17/2024,6:39:52 AM
1/17/2024,6:40:23 AM
1/17/2024,6:43:39 AM
1/17/2024,6:44:41 AM
1/17/2024,6:46:37 AM
1/17/2024,6:48:01 AM
1/17/2024,6:49:17 AM
1/17/2024,6:49:35 AM
1/17/2024,6:49:47 AM
1/17/2024,6:50:03 AM
1/17/2024,6:51:00 AM
1/17/2024,6:51:24 AM
1/17/2024,6:51:37 AM
1/17/2024,6:52:07 AM
1/17/2024,6:53:32 AM
1/17/2024,6:54:25 AM
1/17/2024,6:56:15 AM
1/17/2024,6:56:26 AM
1/17/2024,6:57:22 AM
1/17/2024,6:58:03 AM
1/17/2024,6:58:08 AM
1/17/2024,6:59:58 AM
1/17/2024,7:00:27 AM
1/17/2024,7:00:59 AM
1/17/2024,7:01:04 AM
1/17/2024,7:02:35 AM
1/17/2024,7:03:01 AM
1/17/2024,7:03:11 AM
1/17/2024,7:03:38 AM
1/17/2024,7:04:12 AM
1/17/2024,7:04:48 AM
1/17/2024,7:06:04 AM
1/17/2024,7:06:12 AM
1/17/2024,7:07:04 AM
1/17/2024,7:09:01 AM
1/17/2024,7:09:04 AM
1/17/2024,7:10:24 AM
1/17/2024,7:10:44 AM
1/17/2024,7:11:11 AM
1/17/2024,7:11:34 AM
1/17/2024,7:11:39 AM
1/17/2024,7:14:07 AM
1/17/2024,7:14:24 AM
1/17/2024,7:16:35 AM
1/17/2024,7:16:48 AM
1/17/2024,7:18:25 AM
1/17/2024,7:20:32 AM
1/17/2024,7:22:00 AM
1/17/2024,7:24:23 AM
1/17/2024,7:24:41 AM
1/17/2024,7:25:55 AM
1/17/2024,7:27:15 AM
1/17/2024,7:27:37 AM
1/17/2024,7:28:37 AM
1/17/2024,7:29:36 AM
1/17/2024,7:32:41 AM
1/17/2024,7:34:36 AM
1/17/2024,7:37:12 AM
1/17/2024,7:37:22 AM
1/17/2024,7:40:33 AM
1/17/2024,7:42:09 AM
1/17/2024,7:42:42 AM
1/17/2024,7:44:27 AM
1/17/2024,7:45:32 AM
1/17/2024,7:48:34 AM
1/17/2024,7:51:10 AM
1/17/2024,7:52:18 AM
1/17/2024,7:52:53 AM
1/17/2024,7:54:39 AM
1/17/2024,7:54:52 AM
1/17/2024,7:57:11 AM
1/18/2024,6:01:14 AM
1/18/2024,6:01:52 AM
1/18/2024,6:02:16 AM
1/18/2024,6:02:17 AM
1/18/2024,6:03:07 AM
1/18/2024,6:03:40 AM
1/18/2024,6:05:03 AM
1/18/2024,6:05:24 AM
1/18/2024,6:06:14 AM
1/18/2024,6:06:48 AM
1/18/2024,6:07:10 AM
1/18/2024,6:08:13 AM
1/18/2024,6:08:31 AM
1/18/2024,6:08:49 AM
1/18/2024,6:09:08 AM
1/18/2024,6:09:21 AM
1/18/2024,6:09:31 AM
1/18/2024,6:09:53 AM
1/18/2024,6:10:17 AM
1/18/2024,6:10:41 AM
1/18/2024,6:11:48 AM
1/18/2024,6:11:52 AM
1/18/2024,6:12:08 AM
1/18/2024,6:13:25 AM
1/18/2024,6:13:41 AM
1/18/2024,6:14:03 AM
1/18/2024,6:14:35 AM
1/18/2024,6:15:19 AM
1/18/2024,6:15:44 AM
1/18/2024,6:16:08 AM
1/18/2024,6:16:53 AM
1/18/2024,6:18:15 AM
1/18/2024,6:18:40 AM
1/18/2024,6:21:55 AM
1/18/2024,6:22:27 AM
1/18/2024,6:23:13 AM
1/18/2024,6:23:38 AM
1/18/2024,6:23:56 AM
1/18/2024,6:24:21 AM
1/18/2024,6:24:51 AM
1/18/2024,6:25:21 AM
1/18/2024,6:26:18 AM
1/18/2024,6:26:20 AM
1/18/2024,6:26:30 AM
1/18/2024,6:27:24 AM
1/18/2024,6:27:45 AM
1/18/2024,6:27:49 AM
1/18/2024,6:28:04 AM
1/18/2024,6:28:14 AM
1/18/2024,6:28:37 AM
1/18/2024,6:29:05 AM
1/18/2024,6:30:30 AM
1/18/2024,6:30:57 AM
1/18/2024,6:32:06 AM
1/18/2024,6:32:06 AM
1/18/2024,6:33:00 AM
1/18/2024,6:33:32 AM
1/18/2024,6:33:37 AM
1/18/2024,6:33:49 AM
1/18/2024,6:33:57 AM
1/18/2024,6:34:08 AM
1/18/2024,6:34:08 AM
1/18/2024,6:34:44 AM
1/18/2024,6:34:47 AM
1/18/2024,6:34:52 AM
1/18/2024,6:35:26 AM
1/18/2024,6:35:37 AM
1/18/2024,6:36:38 AM
1/18/2024,6:38:23 AM
1/18/2024,6:42:19 AM
1/18/2024,6:42:21 AM
1/18/2024,6:43:12 AM
1/18/2024,6:43:21 AM
1/18/2024,6:43:27 AM
1/18/2024,6:45:47 AM
1/18/2024,6:45:51 AM
1/18/2024,6:46:32 AM
1/18/2024,6:48:44 AM
1/18/2024,6:48:47 AM
1/18/2024,6:49:04 AM
1/18/2024,6:51:21 AM
1/18/2024,6:51:23 AM
1/18/2024,6:51:42 AM
1/18/2024,6:51:51 AM
1/18/2024,6:52:17 AM
1/18/2024,6:53:35 AM
1/18/2024,6:53:41 AM
1/18/2024,6:54:08 AM
1/18/2024,6:55:31 AM
1/18/2024,6:56:01 AM
1/18/2024,6:56:26 AM
1/18/2024,6:57:31 AM
1/18/2024,6:59:37 AM
1/18/2024,6:00:13 AM
1/18/2024,6:00:23 AM
1/18/2024,6:01:12 AM
1/18/2024,6:03:07 AM
1/18/2024,6:03:57 AM
1/18/2024,6:04:45 AM
1/18/2024,6:08:22 AM
1/18/2024,6:09:22 AM
1/18/2024,6:09:58 AM
1/18/2024,6:12:06 AM
1/18/2024,6:13:01 AM
1/18/2024,6:16:02 AM
1/18/2024,6:16:17 AM
1/18/2024,6:19:25 AM
1/18/2024,6:20:37 AM
1/18/2024,6:21:03 AM
1/18/2024,6:22:08 AM
1/18/2024,6:23:07 AM
1/18/2024,6:24:59 AM
1/18/2024,6:26:39 AM
1/18/2024,6:27:12 AM
1/18/2024,6:29:09 AM
1/18/2024,6:29:34 AM
1/18/2024,6:32:14 AM
1/18/2024,6:33:19 AM
1/18/2024,6:34:51 AM
1/18/2024,6:35:52 AM
1/18/2024,6:36:06 AM
1/18/2024,6:38:04 AM
1/18/2024,6:39:55 AM
1/18/2024,6:40:58 AM
1/18/2024,6:42:06 AM
1/18/2024,6:42:44 AM
1/18/2024,6:43:13 AM
1/18/2024,6:46:08 AM
1/18/2024,6:47:00 AM
1/18/2024,6:47:23 AM
1/18/2024,6:49:35 AM
1/18/2024,6:51:13 AM
1/18/2024,6:54:01 AM
1/18/2024,6:54:58 AM
1/18/2024,6:58:07 AM
1/18/2024,6:58:49 AM
1/18/2024,7:00:01 AM
1/18/2024,7:00:04 AM
1/18/2024,7:00:48 AM
1/18/2024,7:01:23 AM
1/18/2024,7:01:27 AM
1/18/2024,7:01:42 AM
1/18/2024,7:02:03 AM
1/18/2024,7:02:33 AM
1/18/2024,7:02:40 AM
1/18/2024,7:02:48 AM
1/18/2024,7:03:07 AM
1/18/2024,7:03:18 AM
1/18/2024,7:04:18 AM
1/18/2024,7:05:14 AM
1/18/2024,7:06:21 AM
1/18/2024,7:06:26 AM
1/18/2024,7:06:27 AM
1/18/2024,7:06:31 AM
1/18/2024,7:07:05 AM
1/18/2024,7:07:16 AM
1/18/2024,7:08:39 AM
1/18/2024,7:08:41 AM
1/18/2024,7:08:43 AM
1/18/2024,7:08:48 AM
1/18/2024,7:09:21 AM
1/18/2024,7:11:01 AM
1/18/2024,7:12:11 AM
1/18/2024,7:12:15 AM
1/18/2024,7:13:52 AM
1/18/2024,7:14:45 AM
1/18/2024,7:15:14 AM
1/18/2024,7:15:29 AM
1/18/2024,7:15:46 AM
1/18/2024,7:17:06 AM
1/18/2024,7:17:49 AM
1/18/2024,7:18:15 AM
1/18/2024,7:18:25 AM
1/18/2024,7:18:54 AM
1/18/2024,7:19:55 AM
1/18/2024,7:20:18 AM
1/18/2024,7:21:06 AM
1/18/2024,7:21:12 AM
1/18/2024,7:21:34 AM
1/18/2024,7:21:36 AM
1/18/2024,7:23:13 AM
1/18/2024,7:23:59 AM
1/18/2024,7:24:00 AM
1/18/2024,7:24:11 AM
1/18/2024,7:25:28 AM
1/18/2024,7:25:29 AM
1/18/2024,7:26:06 AM
1/18/2024,7:27:41 AM
1/18/2024,7:27:43 AM
1/18/2024,7:28:16 AM
1/18/2024,7:30:47 AM
1/18/2024,7:30:58 AM
1/18/2024,7:31:15 AM
1/18/2024,7:31:30 AM
1/18/2024,7:33:54 AM
1/18/2024,7:34:01 AM
1/18/2024,7:34:13 AM
1/18/2024,7:34:25 AM
1/18/2024,7:34:30 AM
1/18/2024,7:36:30 AM
1/18/2024,7:37:03 AM
1/18/2024,7:37:39 AM
1/18/2024,7:38:00 AM
1/18/2024,7:38:04 AM
1/18/2024,7:38:32 AM
1/18/2024,7:38:43 AM
1/18/2024,7:39:44 AM
1/18/2024,7:40:34 AM
1/18/2024,7:41:16 AM
1/18/2024,7:42:09 AM
1/18/2024,7:43:19 AM
1/18/2024,7:43:53 AM
1/18/2024,7:44:26 AM
1/18/2024,7:44:52 AM
1/18/2024,7:44:59 AM
1/18/2024,7:45:16 AM
1/18/2024,7:46:25 AM
1/18/2024,7:46:55 AM
1/18/2024,7:47:31 AM
1/18/2024,7:47:54 AM
1/18/2024,7:49:44 AM
1/18/2024,7:50:10 AM
1/18/2024,7:51:13 AM
1/18/2024,7:52:17 AM
1/18/2024,7:52:30 AM
1/18/2024,7:54:09 AM
1/18/2024,7:58:01 AM
1/18/2024,7:58:59 AM
1/18/2024,7:00:51 AM
1/18/2024,7:01:04 AM
1/18/2024,7:01:50 AM
1/18/2024,7:08:06 AM
1/18/2024,7:11:36 AM
1/18/2024,7:12:49 AM
1/18/2024,7:16:43 AM
1/18/2024,7:17:54 AM
1/18/2024,7:18:28 AM
1/18/2024,7:18:45 AM
1/18/2024,7:20:05 AM
1/18/2024,7:21:09 AM
1/18/2024,7:22:46 AM
1/18/2024,7:24:55 AM
1/18/2024,7:25:28 AM
1/18/2024,7:28:16 AM
1/18/2024,7:28:50 AM
1/18/2024,7:29:33 AM
1/18/2024,7:34:31 AM
1/18/2024,7:37:31 AM
1/18/2024,7:40:46 AM
1/18/2024,7:43:03 AM
1/18/2024,7:44:04 AM
1/18/2024,7:48:21 AM
1/18/2024,7:51:46 AM
1/18/2024,7:52:05 AM
1/18/2024,7:53:54 AM
1/18/2024,7:56:47 AM
1/18/2024,7:58:07 AM
1/18/2024,7:59:57 AM
1/19/2024,6:00:16 AM
1/19/2024,6:00:56 AM
1/19/2024,6:01:42 AM
1/19/2024,6:03:13 AM
1/19/2024,6:03:30 AM
1/19/2024,6:04:37 AM
1/19/2024,6:07:07 AM
1/19/2024,6:08:43 AM
1/19/2024,6:09:30 AM
1/19/2024,6:11:27 AM
1/19/2024,6:12:33 AM
1/19/2024,6:15:30 AM
1/19/2024,6:16:39 AM
1/19/2024,6:19:53 AM
1/19/2024,6:20:39 AM
1/19/2024,6:21:41 AM
1/19/2024,6:22:34 AM
1/19/2024,6:23:57 AM
1/19/2024,6:25:32 AM
1/19/2024,6:26:42 AM
1/19/2024,6:29:06 AM
1/19/2024,6:29:25 AM
1/19/2024,6:31:48 AM
1/19/2024,6:32:29 AM
1/19/2024,6:33:32 AM
1/19/2024,6:35:40 AM
1/19/2024,6:35:57 AM
1/19/2024,6:37:18 AM
1/19/2024,6:38:52 AM
1/19/2024,6:40:38 AM
1/19/2024,6:42:04 AM
1/19/2024,6:42:17 AM
1/19/2024,6:45:25 AM
1/19/2024,6:46:22 AM
1/19/2024,6:47:20 AM
1/19/2024,6:49:18 AM
1/19/2024,6:51:04 AM
1/19/2024,6:53:08 AM
1/19/2024,6:54:29 AM
1/19/2024,6:55:14 AM
1/19/2024,6:57:07 AM
1/19/2024,6:58:25 AM
1/19/2024,6:59:38 AM
1/19/2024,7:01:03 AM
1/19/2024,7:01:39 AM
1/19/2024,7:04:34 AM
1/19/2024,7:05:19 AM
1/19/2024,7:09:52 AM
1/19/2024,7:11:32 AM
1/19/2024,7:12:43 AM
1/19/2024,7:13:35 AM
1/19/2024,7:16:44 AM
1/19/2024,7:18:20 AM
1/19/2024,7:18:36 AM
1/19/2024,7:18:48 AM
1/19/2024,7:21:07 AM
1/19/2024,7:21:28 AM
1/19/2024,7:24:31 AM
1/19/2024,7:24:58 AM
1/19/2024,7:27:58 AM
1/19/2024,7:28:37 AM
1/19/2024,7:29:20 AM
1/19/2024,7:32:28 AM
1/19/2024,7:37:06 AM
1/19/2024,7:39:07 AM
1/19/2024,7:40:53 AM
1/19/2024,7:43:57 AM
1/19/2024,7:45:10 AM
1/19/2024,7:48:44 AM
1/19/2024,7:52:02 AM
1/19/2024,7:52:14 AM
1/19/2024,7:54:52 AM
1/19/2024,7:57:46 AM
1/19/2024,7:59:49 AM
1/20/2024,6:00:16 AM
1/20/2024,6:00:21 AM
1/20/2024,6:01:01 AM
1/20/2024,6:01:23 AM
1/20/2024,6:02:37 AM
1/20/2024,6:03:00 AM
1/20/2024,6:05:54 AM
1/20/2024,6:06:01 AM
1/20/2024,6:06:55 AM
1/20/2024,6:07:21 AM
1/20/2024,6:09:00 AM
1/20/2024,6:09:05 AM
1/20/2024,6:09:20 AM
1/20/2024,6:09:41 AM
1/20/2024,6:10:18 AM
1/20/2024,6:11:11 AM
1/20/2024,6:11:24 AM
1/20/2024,6:11:28 AM
1/20/2024,6:11:32 AM
1/20/2024,6:12:05 AM
1/20/2024,6:13:27 AM
1/20/2024,6:13:29 AM
1/20/2024,6:13:59 AM
1/20/2024,6:14:01 AM
1/20/2024,6:14:53 AM
1/20/2024,6:15:11 AM
1/20/2024,6:15:32 AM
1/20/2024,6:15:45 AM
1/20/2024,6:17:25 AM
1/20/2024,6:17:55 AM
1/20/2024,6:18:31 AM
1/20/2024,6:19:20 AM
1/20/2024,6:19:31 AM
1/20/2024,6:19:42 AM
1/20/2024,6:19:58 AM
1/20/2024,6:20:17 AM
1/20/2024,6:20:24 AM
1/20/2024,6:21:30 AM
1/20/2024,6:21:49 AM
1/20/2024,6:22:59 AM
1/20/2024,6:23:07 AM
1/20/2024,6:23:45 AM
1/20/2024,6:24:25 AM
1/20/2024,6:25:05 AM
1/20/2024,6:25:10 AM
1/20/2024,6:25:53 AM
1/20/2024,6:26:32 AM
1/20/2024,6:26:50 AM
1/20/2024,6:27:37 AM
1/20/2024,6:28:00 AM
1/20/2024,6:28:07 AM
1/20/2024,6:29:26 AM
1/20/2024,6:30:02 AM
1/20/2024,6:30:48 AM
1/20/2024,6:31:42 AM
1/20/2024,6:32:04 AM
1/20/2024,6:32:35 AM
1/20/2024,6:33:09 AM
1/20/2024,6:33:23 AM
1/20/2024,6:33:36 AM
1/20/2024,6:34:55 AM
1/20/2024,6:35:07 AM
1/20/2024,6:35:15 AM
1/20/2024,6:35:31 AM
1/20/2024,6:35:35 AM
1/20/2024,6:35:44 AM
1/20/2024,6:36:04 AM
1/20/2024,6:36:10 AM
1/20/2024,6:36:11 AM
1/20/2024,6:37:30 AM
1/20/2024,6:37:54 AM
1/20/2024,6:38:15 AM
1/20/2024,6:38:20 AM
1/20/2024,6:38:34 AM
1/20/2024,6:38:42 AM
1/20/2024,6:39:23 AM
1/20/2024,6:40:21 AM
1/20/2024,6:41:55 AM
1/20/2024,6:41:57 AM
1/20/2024,6:42:01 AM
1/20/2024,6:42:37 AM
1/20/2024,6:42:41 AM
1/20/2024,6:42:55 AM
1/20/2024,6:42:57 AM
1/20/2024,6:43:20 AM
1/20/2024,6:43:36 AM
1/20/2024,6:44:37 AM
1/20/2024,6:45:07 AM
1/20/2024,6:45:09 AM
1/20/2024,6:46:07 AM
1/20/2024,6:46:08 AM
1/20/2024,6:47:29 AM
1/20/2024,6:47:42 AM
1/20/2024,6:48:21 AM
1/20/2024,6:48:41 AM
1/20/2024,6:48:46 AM
1/20/2024,6:49:30 AM
1/20/2024,6:51:32 AM
1/20/2024,6:51:43 AM
1/20/2024,6:51:57 AM
1/20/2024,6:53:12 AM
1/20/2024,6:53:23 AM
1/20/2024,6:53:28 AM
1/20/2024,6:53:41 AM
1/20/2024,6:53:44 AM
1/20/2024,6:54:26 AM
1/20/2024,6:55:01 AM
1/20/2024,6:57:36 AM
1/20/2024,6:57:48 AM
1/20/2024,6:57:59 AM
1/20/2024,6:58:37 AM
1/20/2024,6:59:55 AM
1/20/2024,6:01:11 AM
1/20/2024,6:01:56 AM
1/20/2024,6:02:26 AM
1/20/2024,6:03:03 AM
1/20/2024,6:04:03 AM
1/20/2024,6:06:11 AM
1/20/2024,6:07:07 AM
1/20/2024,6:08:22 AM
1/20/2024,6:10:02 AM
1/20/2024,6:11:59 AM
1/20/2024,6:12:40 AM
1/20/2024,6:14:22 AM
1/20/2024,6:16:01 AM
1/20/2024,6:16:51 AM
1/20/2024,6:18:06 AM
1/20/2024,6:18:15 AM
1/20/2024,6:20:42 AM
1/20/2024,6:21:10 AM
1/20/2024,6:22:59 AM
1/20/2024,6:24:44 AM
1/20/2024,6:27:06 AM
1/20/2024,6:30:21 AM
1/20/2024,6:32:37 AM
1/20/2024,6:33:43 AM
1/20/2024,6:34:02 AM
1/20/2024,6:38:05 AM
1/20/2024,6:40:02 AM
1/20/2024,6:42:09 AM
1/20/2024,6:43:47 AM
1/20/2024,6:44:01 AM
1/20/2024,6:45:12 AM
1/20/2024,6:47:19 AM
1/20/2024,6:49:12 AM
1/20/2024,6:52:25 AM
1/20/2024,6:53:37 AM
1/20/2024,6:55:09 AM
1/20/2024,6:56:45 AM
1/20/2024,6:57:21 AM
1/20/2024,6:58:48 AM
1/20/2024,6:59:37 AM
1/20/2024,7:00:11 AM
1/20/2024,7:00:36 AM
1/20/2024,7:01:50 AM
1/20/2024,7:02:20 AM
1/20/2024,7:02:50 AM
1/20/2024,7:02:55 AM
1/20/2024,7:03:57 AM
1/20/2024,7:03:57 AM
1/20/2024,7:04:51 AM
1/20/2024,7:05:25 AM
1/20/2024,7:05:49 AM
1/20/2024,7:06:37 AM
1/20/2024,7:07:55 AM
1/20/2024,7:08:16 AM
1/20/2024,7:09:12 AM
1/20/2024,7:09:54 AM
1/20/2024,7:11:55 AM
1/20/2024,7:12:18 AM
1/20/2024,7:12:34 AM
1/20/2024,7:12:41 AM
1/20/2024,7:13:02 AM
1/20/2024,7:13:14 AM
1/20/2024,7:13:21 AM
1/20/2024,7:13:44 AM
1/20/2024,7:14:47 AM
1/20/2024,7:15:48 AM
1/20/2024,7:15:55 AM
1/20/2024,7:16:10 AM
1/20/2024,7:16:13 AM
1/20/2024,7:18:01 AM
1/20/2024,7:18:03 AM
1/20/2024,7:18:47 AM
1/20/2024,7:19:20 AM
1/20/2024,7:19:28 AM
1/20/2024,7:19:52 AM
1/20/2024,7:20:47 AM
1/20/2024,7:22:53 AM
1/20/2024,7:23:05 AM
1/20/2024,7:24:37 AM
1/20/2024,7:25:51 AM
1/20/2024,7:26:13 AM
1/20/2024,7:26:23 AM
1/20/2024,7:27:24 AM
1/20/2024,7:29:36 AM
1/20/2024,7:32:53 AM
1/20/2024,7:33:08 AM
1/20/2024,7:33:35 AM
1/20/2024,7:34:41 AM
1/20/2024,7:35:20 AM
1/20/2024,7:36:09 AM
1/20/2024,7:37:29 AM
1/20/2024,7:38:34 AM
1/20/2024,7:38:44 AM
1/20/2024,7:40:02 AM
1/20/2024,7:40:05 AM
1/20/2024,7:40:21 AM
1/20/2024,7:41:00 AM
1/20/2024,7:41:10 AM
1/20/2024,7:41:29 AM
1/20/2024,7:41:36 AM
1/20/2024,7:42:23 AM
1/20/2024,7:43:07 AM
1/20/2024,7:44:25 AM
1/20/2024,7:46:15 AM
1/20/2024,7:46:17 AM
1/20/2024,7:46:59 AM
1/20/2024,7:47:20 AM
1/20/2024,7:47:29 AM
1/20/2024,7:48:32 AM
1/20/2024,7:49:40 AM
1/20/2024,7:50:04 AM
1/20/2024,7:50:35 AM
1/20/2024,7:51:41 AM
1/20/2024,7:52:07 AM
1/20/2024,7:52:53 AM
1/20/2024,7:54:36 AM
1/20/2024,7:57:50 AM
1/20/2024,7:58:41 AM
1/20/2024,7:59:28 AM
1/20/2024,7:59:43 AM
1/20/2024,7:59:47 AM
1/20/2024,7:00:06 AM
1/20/2024,7:00:43 AM
1/20/2024,7:01:54 AM
1/20/2024,7:04:08 AM
1/20/2024,7:06:24 AM
1/20/2024,7:08:22 AM
1/20/2024,7:08:53 AM
1/20/2024,7:10:46 AM
1/20/2024,7:12:30 AM
1/20/2024,7:14:38 AM
1/20/2024,7:16:40 AM
1/20/2024,7:18:04 AM
1/20/2024,7:21:44 AM
1/20/2024,7:23:08 AM
1/20/2024,7:23:43 AM
1/20/2024,7:24:30 AM
1/20/2024,7:25:31 AM
1/20/2024,7:27:26 AM
1/20/2024,7:30:20 AM
1/20/2024,7:31:34 AM
1/20/2024,7:33:34 AM
1/20/2024,7:35:22 AM
1/20/2024,7:38:33 AM
1/20/2024,7:42:08 AM
1/20/2024,7:44:26 AM
1/20/2024,7:46:16 AM
1/20/2024,7:47:22 AM
1/20/2024,7:50:04 AM
1/20/2024,7:52:24 AM
1/20/2024,7:54:49 AM
1/20/2024,7:57:07 AM
1/21/2024,6:00:19 AM
1/21/2024,6:00:49 AM
1/21/2024,6:01:36 AM
1/21/2024,6:02:26 AM
1/21/2024,6:02:42 AM
1/21/2024,6:02:56 AM
1/21/2024,6:03:34 AM
1/21/2024,6:03:39 AM
1/21/2024,6:05:43 AM
1/21/2024,6:06:02 AM
1/21/2024,6:06:15 AM
1/21/2024,6:07:05 AM
1/21/2024,6:07:16 AM
1/21/2024,6:08:05 AM
1/21/2024,6:08:45 AM
1/21/2024,6:08:56 AM
1/21/2024,6:10:05 AM
1/21/2024,6:10:33 AM
1/21/2024,6:10:58 AM
1/21/2024,6:11:01 AM
1/21/2024,6:12:09 AM
1/21/2024,6:12:26 AM
1/21/2024,6:13:08 AM
1/21/2024,6:13:36 AM
1/21/2024,6:15:33 AM
1/21/2024,6:15:34 AM
1/21/2024,6:16:13 AM
1/21/2024,6:16:27 AM
1/21/2024,6:17:17 AM
1/21/2024,6:17:46 AM
1/21/2024,6:18:12 AM
1/21/2024,6:20:14 AM
1/21/2024,6:20:32 AM
1/21/2024,6:21:03 AM
1/21/2024,6:21:26 AM
1/21/2024,6:22:15 AM
1/21/2024,6:22:51 AM
1/21/2024,6:23:21 AM
1/21/2024,6:24:34 AM
1/21/2024,6:24:55 AM
1/21/2024,6:27:02 AM
1/21/2024,6:29:31 AM
1/21/2024,6:29:48 AM
1/21/2024,6:30:41 AM
1/21/2024,6:31:18 AM
1/21/2024,6:32:52 AM
1/21/2024,6:33:11 AM
1/21/2024,6:33:44 AM
1/21/2024,6:33:47 AM
1/21/2024,6:36:44 AM
1/21/2024,6:37:58 AM
1/21/2024,6:38:25 AM
1/21/2024,6:39:15 AM
1/21/2024,6:40:05 AM
1/21/2024,6:40:35 AM
1/21/2024,6:42:53 AM
1/21/2024,6:43:35 AM
1/21/2024,6:43:54 AM
1/21/2024,6:43:56 AM
1/21/2024,6:44:04 AM
1/21/2024,6:44:06 AM
1/21/2024,6:46:12 AM
1/21/2024,6:46:22 AM
1/21/2024,6:46:36 AM
1/21/2024,6:46:46 AM
1/21/2024,6:48:05 AM
1/21/2024,6:48:36 AM
1/21/2024,6:49:50 AM
1/21/2024,6:50:16 AM
1/21/2024,6:52:42 AM
1/21/2024,6:53:02 AM
1/21/2024,6:53:58 AM
1/21/2024,6:54:17 AM
1/21/2024,6:55:29 AM
1/21/2024,6:56:00 AM
1/21/2024,6:56:52 AM
1/21/2024,6:56:53 AM
1/21/2024,6:58:21 AM
1/21/2024,6:58:38 AM
1/21/2024,6:59:16 AM
1/21/2024,6:59:30 AM
1/21/2024,6:59:44 AM
1/21/2024,6:01:18 AM
1/21/2024,6:02:46 AM
1/21/2024,6:05:21 AM
1/21/2024,6:05:25 AM
1/21/2024,6:08:48 AM
1/21/2024,6:09:11 AM
1/21/2024,6:11:18 AM
1/21/2024,6:11:42 AM
1/21/2024,6:12:51 AM
1/21/2024,6:12:59 AM
1/21/2024,6:14:48 AM
1/21/2024,6:18:58 AM
1/21/2024,6:19:06 AM
1/21/2024,6:20:02 AM
1/21/2024,6:20:37 AM
1/21/2024,6:21:12 AM
1/21/2024,6:22:14 AM
1/21/2024,6:22:33 AM
1/21/2024,6:23:14 AM
1/21/2024,6:26:58 AM
1/21/2024,6:27:14 AM
1/21/2024,6:31:48 AM
1/21/2024,6:32:59 AM
1/21/2024,6:35:28 AM
1/21/2024,6:36:02 AM
1/21/2024,6:37:44 AM
1/21/2024,6:38:04 AM
1/21/2024,6:39:45 AM
1/21/2024,6:39:52 AM
1/21/2024,6:40:35 AM
1/21/2024,6:41:05 AM
1/21/2024,6:43:02 AM
1/21/2024,6:43:21 AM
1/21/2024,6:43:59 AM
1/21/2024,6:44:29 AM
1/21/2024,6:46:02 AM
1/21/2024,6:47:09 AM
1/21/2024,6:47:22 AM
1/21/2024,6:50:04 AM
1/21/2024,6:51:10 AM
1/21/2024,6:52:50 AM
1/21/2024,6:52:54 AM
1/21/2024,6:54:07 AM
1/21/2024,6:54:26 AM
1/21/2024,6:56:24 AM
1/21/2024,6:59:04 AM
1/21/2024,6:59:15 AM
1/21/2024,7:00:03 AM
1/21/2024,7:00:23 AM
1/21/2024,7:00:40 AM
1/21/2024,7:01:05 AM
1/21/2024,7:01:40 AM
1/21/2024,7:03:44 AM
1/21/2024,7:04:07 AM
1/21/2024,7:04:40 AM
1/21/2024,7:04:52 AM
1/21/2024,7:07:24 AM
1/21/2024,7:08:16 AM
1/21/2024,7:08:43 AM
1/21/2024,7:08:51 AM
1/21/2024,7:10:02 AM
1/21/2024,7:10:35 AM
1/21/2024,7:11:04 AM
1/21/2024,7:11:12 AM
1/21/2024,7:12:55 AM
1/21/2024,7:14:03 AM
1/21/2024,7:15:36 AM
1/21/2024,7:15:36 AM
1/21/2024,7:16:53 AM
1/21/2024,7:17:36 AM
1/21/2024,7:18:07 AM
1/21/2024,7:18:41 AM
1/21/2024,7:19:31 AM
1/21/2024,7:19:36 AM
1/21/2024,7:22:22 AM
1/21/2024,7:22:59 AM
1/21/2024,7:23:16 AM
1/21/2024,7:23:38 AM
1/21/2024,7:23:45 AM
1/21/2024,7:24:21 AM
1/21/2024,7:24:34 AM
1/21/2024,7:24:36 AM
1/21/2024,7:25:59 AM
1/21/2024,7:26:59 AM
1/21/2024,7:27:51 AM
1/21/2024,7:29:56 AM
1/21/2024,7:30:54 AM
1/21/2024,7:32:55 AM
1/21/2024,7:34:15 AM
1/21/2024,7:36:05 AM
1/21/2024,7:36:39 AM
1/21/2024,7:39:44 AM
1/21/2024,7:41:22 AM
1/21/2024,7:42:57 AM
1/21/2024,7:44:09 AM
1/21/2024,7:44:34 AM
1/21/2024,7:45:43 AM
1/21/2024,7:46:23 AM
1/21/2024,7:46:37 AM
1/21/2024,7:47:55 AM
1/21/2024,7:48:59 AM
1/21/2024,7:49:03 AM
1/21/2024,7:49:16 AM
1/21/2024,7:49:36 AM
1/21/2024,7:50:59 AM
1/21/2024,7:51:18 AM
1/21/2024,7:52:45 AM
1/21/2024,7:54:35 AM
1/21/2024,7:55:43 AM
1/21/2024,7:56:29 AM
1/21/2024,7:57:55 AM
1/21/2024,7:58:41 AM
1/21/2024,7:00:20 AM
1/21/2024,7:00:39 AM
1/21/2024,7:02:53 AM
1/21/2024,7:03:15 AM
1/21/2024,7:05:23 AM
1/21/2024,7:05:46 AM
1/21/2024,7:07:04 AM
1/21/2024,7:08:49 AM
1/21/2024,7:09:04 AM
1/21/2024,7:11:40 AM
1/21/2024,7:11:55 AM
1/21/2024,7:13:43 AM
1/21/2024,7:13:47 AM
1/21/2024,7:15:18 AM
1/21/2024,7:17:59 AM
1/21/2024,7:20:41 AM
1/21/2024,7:24:33 AM
1/21/2024,7:24:58 AM
1/21/2024,7:27:03 AM
1/21/2024,7:29:46 AM
1/21/2024,7:33:10 AM
1/21/2024,7:34:18 AM
1/21/2024,7:35:53 AM
1/21/2024,7:37:58 AM
1/21/2024,7:43:46 AM
1/21/2024,7:44:15 AM
1/21/2024,7:45:36 AM
1/21/2024,7:46:48 AM
1/21/2024,7:53:16 AM
1/21/2024,7:53:19 AM
1/21/2024,7:55:39 AM
1/21/2024,7:56:04 AM
1/22/2024,6:00:09 AM
1/22/2024,6:00:59 AM
1/22/2024,6:01:23 AM
1/22/2024,6:02:07 AM
1/22/2024,6:03:21 AM
1/22/2024,6:03:48 AM
1/22/2024,6:05:44 AM
1/22/2024,6:06:22 AM
1/22/2024,6:10:34 AM
1/22/2024,6:10:50 AM
1/22/2024,6:11:51 AM
1/22/2024,6:12:33 AM
1/22/2024,6:13:57 AM
1/22/2024,6:14:20 AM
1/22/2024,6:15:42 AM
1/22/2024,6:16:52 AM
1/22/2024,6:18:03 AM
1/22/2024,6:19:02 AM
1/22/2024,6:19:43 AM
1/22/2024,6:20:07 AM
1/22/2024,6:21:09 AM
1/22/2024,6:21:59 AM
1/22/2024,6:22:20 AM
1/22/2024,6:22:57 AM
1/22/2024,6:25:44 AM
1/22/2024,6:27:45 AM
1/22/2024,6:34:00 AM
1/22/2024,6:34:50 AM
1/22/2024,6:36:33 AM
1/22/2024,6:36:53 AM
1/22/2024,6:38:31 AM
1/22/2024,6:39:15 AM
1/22/2024,6:40:01 AM
1/22/2024,6:40:13 AM
1/22/2024,6:41:16 AM
1/22/2024,6:43:09 AM
1/22/2024,6:43:35 AM
1/22/2024,6:44:17 AM
1/22/2024,6:44:17 AM
1/22/2024,6:46:34 AM
1/22/2024,6:46:41 AM
1/22/2024,6:47:28 AM
1/22/2024,6:48:42 AM
1/22/2024,6:51:20 AM
1/22/2024,6:52:28 AM
1/22/2024,6:52:57 AM
1/22/2024,6:57:43 AM
1/22/2024,6:58:57 AM
1/22/2024,6:59:37 AM
1/22/2024,7:00:12 AM
1/22/2024,7:01:37 AM
1/22/2024,7:02:16 AM
1/22/2024,7:03:22 AM
1/22/2024,7:04:23 AM
1/22/2024,7:06:18 AM
1/22/2024,7:06:52 AM
1/22/2024,7:07:23 AM
1/22/2024,7:07:33 AM
1/22/2024,7:08:19 AM
1/22/2024,7:09:53 AM
1/22/2024,7:10:20 AM
1/22/2024,7:13:17 AM
1/22/2024,7:13:35 AM
1/22/2024,7:14:15 AM
1/22/2024,7:14:53 AM
1/22/2024,7:18:22 AM
1/22/2024,7:20:05 AM
1/22/2024,7:22:05 AM
1/22/2024,7:23:41 AM
1/22/2024,7:26:14 AM
1/22/2024,7:29:58 AM
1/22/2024,7:31:53 AM
1/22/2024,7:34:22 AM
1/22/2024,7:34:32 AM
1/22/2024,7:38:11 AM
1/22/2024,7:38:21 AM
1/22/2024,7:44:15 AM
1/22/2024,7:45:14 AM
1/22/2024,7:47:20 AM
1/22/2024,7:48:09 AM
1/22/2024,7:52:09 AM
1/22/2024,7:53:22 AM
1/22/2024,7:54:25 AM
1/22/2024,7:57:57 AM
1/22/2024,7:59:19 AM
1/23/2024,6:01:48 AM
1/23/2024,6:02:54 AM
1/23/2024,6:04:52 AM
1/23/2024,6:05:03 AM
1/23/2024,6:05:28 AM
1/23/2024,6:05:34 AM
1/23/2024,6:06:44 AM
1/23/2024,6:07:01 AM
1/23/2024,6:07:27 AM
1/23/2024,6:07:54 AM
1/23/2024,6:08:32 AM
1/23/2024,6:09:01 AM
1/23/2024,6:09:40 AM
1/23/2024,6:10:33 AM
1/23/2024,6:10:36 AM
1/23/2024,6:10:38 AM
1/23/2024,6:11:14 AM
1/23/2024,6:11:15 AM
1/23/2024,6:12:52 AM
1/23/2024,6:13:42 AM
1/23/2024,6:14:21 AM
1/23/2024,6:14:54 AM
1/23/2024,6:15:07 AM
1/23/2024,6:15:13 AM
1/23/2024,6:15:41 AM
1/23/2024,6:15:44 AM
1/23/2024,6:15:46 AM
1/23/2024,6:16:06 AM
1/23/2024,6:16:42 AM
1/23/2024,6:16:59 AM
1/23/2024,6:17:15 AM
1/23/2024,6:17:26 AM
1/23/2024,6:17:45 AM
1/23/2024,6:19:16 AM
1/23/2024,6:19:54 AM
1/23/2024,6:20:02 AM
1/23/2024,6:20:06 AM
1/23/2024,6:20:08 AM
1/23/2024,6:20:09 AM
1/23/2024,6:20:29 AM
1/23/2024,6:20:49 AM
1/23/2024,6:21:51 AM
1/23/2024,6:22:54 AM
1/23/2024,6:23:24 AM
1/23/2024,6:23:25 AM
1/23/2024,6:24:03 AM
1/23/2024,6:24:43 AM
1/23/2024,6:25:13 AM
1/23/2024,6:25:23 AM
1/23/2024,6:25:54 AM
1/23/2024,6:26:09 AM
1/23/2024,6:26:26 AM
1/23/2024,6:26:44 AM
1/23/2024,6:27:29 AM
1/23/2024,6:27:40 AM
1/23/2024,6:27:50 AM
1/23/2024,6:28:06 AM
1/23/2024,6:28:50 AM
1/23/2024,6:29:18 AM
1/23/2024,6:29:19 AM
1/23/2024,6:29:37 AM
1/23/2024,6:30:09 AM
1/23/2024,6:31:40 AM
1/23/2024,6:31:40 AM
1/23/2024,6:31:55 AM
1/23/2024,6:32:27 AM
1/23/2024,6:32:33 AM
1/23/2024,6:33:11 AM
1/23/2024,6:34:01 AM
1/23/2024,6:35:14 AM
1/23/2024,6:35:21 AM
1/23/2024,6:35:44 AM
1/23/2024,6:36:12 AM
1/23/2024,6:36:33 AM
1/23/2024,6:36:37 AM
1/23/2024,6:36:47 AM
1/23/2024,6:36:55 AM
1/23/2024,6:37:30 AM
1/23/2024,6:37:32 AM
1/23/2024,6:37:40 AM
1/23/2024,6:38:13 AM
1/23/2024,6:38:37 AM
1/23/2024,6:39:00 AM
1/23/2024,6:40:19 AM
1/23/2024,6:40:43 AM
1/23/2024,6:40:44 AM
1/23/2024,6:42:23 AM
1/23/2024,6:42:57 AM
1/23/2024,6:44:36 AM
1/23/2024,6:44:38 AM
1/23/2024,6:45:29 AM
1/23/2024,6:46:46 AM
1/23/2024,6:47:09 AM
1/23/2024,6:48:01 AM
1/23/2024,6:49:00 AM
1/23/2024,6:49:14 AM
1/23/2024,6:49:58 AM
1/23/2024,6:50:19 AM
1/23/2024,6:51:10 AM
1/23/2024,6:52:04 AM
1/23/2024,6:52:34 AM
1/23/2024,6:53:12 AM
1/23/2024,6:53:57 AM
1/23/2024,6:55:06 AM
1/23/2024,6:55:17 AM
1/23/2024,6:55:30 AM
1/23/2024,6:55:49 AM
1/23/2024,6:56:01 AM
1/23/2024,6:56:24 AM
1/23/2024,6:57:55 AM
1/23/2024,6:58:15 AM
1/23/2024,6:58:51 AM
1/23/2024,6:59:13 AM
1/23/2024,6:59:26 AM
1/23/2024,6:00:19 AM
1/23/2024,6:01:21 AM
1/23/2024,6:03:34 AM
1/23/2024,6:04:45 AM
1/23/2024,6:06:34 AM
1/23/2024,6:10:04 AM
1/23/2024,6:12:16 AM
1/23/2024,6:14:06 AM
1/23/2024,6:16:04 AM
1/23/2024,6:18:23 AM
1/23/2024,6:19:47 AM
1/23/2024,6:21:49 AM
1/23/2024,6:26:20 AM
1/23/2024,6:29:16 AM
1/23/2024,6:32:34 AM
1/23/2024,6:34:02 AM
1/23/2024,6:35:52 AM
1/23/2024,6:37:24 AM
1/23/2024,6:40:05 AM
1/23/2024,6:41:25 AM
1/23/2024,6:43:48 AM
1/23/2024,6:51:37 AM
1/23/2024,6:55:16 AM
1/23/2024,6:57:59 AM
1/23/2024,6:59:10 AM
1/23/2024,7:00:39 AM
1/23/2024,7:01:21 AM
1/23/2024,7:01:41 AM
1/23/2024,7:02:35 AM
1/23/2024,7:03:37 AM
1/23/2024,7:03:48 AM
1/23/2024,7:04:00 AM
1/23/2024,7:04:18 AM
1/23/2024,7:05:18 AM
1/23/2024,7:06:38 AM
1/23/2024,7:06:40 AM
1/23/2024,7:06:55 AM
1/23/2024,7:07:51 AM
1/23/2024,7:09:39 AM
1/23/2024,7:09:45 AM
1/23/2024,7:10:54 AM
1/23/2024,7:11:03 AM
1/23/2024,7:11:25 AM
1/23/2024,7:12:23 AM
1/23/2024,7:12:58 AM
1/23/2024,7:13:04 AM
1/23/2024,7:13:16 AM
1/23/2024,7:13:30 AM
1/23/2024,7:13:40 AM
1/23/2024,7:14:31 AM
1/23/2024,7:14:56 AM
1/23/2024,7:16:38 AM
1/23/2024,7:16:38 AM
1/23/2024,7:17:04 AM
1/23/2024,7:18:12 AM
1/23/2024,7:18:31 AM
1/23/2024,7:18:36 AM
1/23/2024,7:19:53 AM
1/23/2024,7:20:00 AM
1/23/2024,7:20:46 AM
1/23/2024,7:21:00 AM
1/23/2024,7:21:16 AM
1/23/2024,7:21:35 AM
1/23/2024,7:22:53 AM
1/23/2024,7:23:26 AM
1/23/2024,7:23:29 AM
1/23/2024,7:23:44 AM
1/23/2024,7:25:36 AM
1/23/2024,7:26:43 AM
1/23/2024,7:26:52 AM
1/23/2024,7:27:21 AM
1/23/2024,7:28:04 AM
1/23/2024,7:28:52 AM
1/23/2024,7:30:02 AM
1/23/2024,7:30:23 AM
1/23/2024,7:30:37 AM
1/23/2024,7:30:39 AM
1/23/2024,7:31:07 AM
1/23/2024,7:32:16 AM
1/23/2024,7:32:23 AM
1/23/2024,7:33:11 AM
1/23/2024,7:35:19 AM
1/23/2024,7:35:31 AM
1/23/2024,7:37:20 AM
1/23/2024,7:37:31 AM
1/23/2024,7:37:36 AM
1/23/2024,7:38:01 AM
1/23/2024,7:38:47 AM
1/23/2024,7:39:04 AM
1/23/2024,7:40:44 AM
1/23/2024,7:40:52 AM
1/23/2024,7:40:53 AM
1/23/2024,7:40:58 AM
1/23/2024,7:41:01 AM
1/23/2024,7:41:15 AM
1/23/2024,7:41:36 AM
1/23/2024,7:42:32 AM
1/23/2024,7:42:45 AM
1/23/2024,7:43:29 AM
1/23/2024,7:43:46 AM
1/23/2024,7:44:15 AM
1/23/2024,7:44:32 AM
1/23/2024,7:46:31 AM
1/23/2024,7:47:04 AM
1/23/2024,7:47:07 AM
1/23/2024,7:48:55 AM
1/23/2024,7:49:23 AM
1/23/2024,7:49:37 AM
1/23/2024,7:49:55 AM
1/23/2024,7:49:58 AM
1/23/2024,7:50:12 AM
1/23/2024,7:51:12 AM
1/23/2024,7:51:58 AM
1/23/2024,7:53:00 AM
1/23/2024,7:53:15 AM
1/23/2024,7:53:24 AM
1/23/2024,7:53:31 AM
1/23/2024,7:54:05 AM
1/23/2024,7:54:46 AM
1/23/2024,7:54:47 AM
1/23/2024,7:55:40 AM
1/23/2024,7:58:13 AM
1/23/2024,7:58:47 AM
1/23/2024,7:58:57 AM
1/23/2024,7:58:57 AM
1/23/2024,7:01:35 AM
1/23/2024,7:04:33 AM
1/23/2024,7:10:49 AM
1/23/2024,7:13:16 AM
1/23/2024,7:15:58 AM
1/23/2024,7:18:47 AM
1/23/2024,7:21:25 AM
1/23/2024,7:22:39 AM
1/23/2024,7:24:33 AM
1/23/2024,7:28:51 AM
1/23/2024,7:30:29 AM
1/23/2024,7:32:23 AM
1/23/2024,7:33:11 AM
1/23/2024,7:33:55 AM
1/23/2024,7:37:11 AM
1/23/2024,7:39:09 AM
1/23/2024,7:41:37 AM
1/23/2024,7:45:56 AM
1/23/2024,7:49:56 AM
1/23/2024,7:56:08 AM
1/23/2024,7:57:58 AM
1/24/2024,6:00:35 AM
1/24/2024,6:00:37 AM
1/24/2024,6:00:50 AM
1/24/2024,6:01:42 AM
1/24/2024,6:02:31 AM
1/24/2024,6:03:09 AM
1/24/2024,6:03:53 AM
1/24/2024,6:04:10 AM
1/24/2024,6:04:11 AM
1/24/2024,6:05:38 AM
1/24/2024,6:06:10 AM
1/24/2024,6:06:13 AM
1/24/2024,6:06:40 AM
1/24/2024,6:07:23 AM
1/24/2024,6:09:25 AM
1/24/2024,6:11:50 AM
1/24/2024,6:11:59 AM
1/24/2024,6:12:05 AM
1/24/2024,6:12:45 AM
1/24/2024,6:12:59 AM
1/24/2024,6:13:10 AM
1/24/2024,6:15:00 AM
1/24/2024,6:15:25 AM
1/24/2024,6:16:04 AM
1/24/2024,6:17:35 AM
1/24/2024,6:18:02 AM
1/24/2024,6:18:09 AM
1/24/2024,6:19:55 AM
1/24/2024,6:20:51 AM
1/24/2024,6:21:53 AM
1/24/2024,6:22:43 AM
1/24/2024,6:23:53 AM
1/24/2024,6:24:42 AM
1/24/2024,6:26:41 AM
1/24/2024,6:27:08 AM
1/24/2024,6:27:09 AM
1/24/2024,6:29:48 AM
1/24/2024,6:31:14 AM
1/24/2024,6:31:22 AM
1/24/2024,6:33:10 AM
1/24/2024,6:33:17 AM
1/24/2024,6:33:17 AM
1/24/2024,6:35:15 AM
1/24/2024,6:35:25 AM
1/24/2024,6:36:51 AM
1/24/2024,6:37:22 AM
1/24/2024,6:38:13 AM
1/24/2024,6:39:12 AM
1/24/2024,6:40:03 AM
1/24/2024,6:40:21 AM
1/24/2024,6:40:42 AM
1/24/2024,6:41:09 AM
1/24/2024,6:42:30 AM
1/24/2024,6:43:20 AM
1/24/2024,6:43:36 AM
1/24/2024,6:47:39 AM
1/24/2024,6:49:51 AM
1/24/2024,6:50:11 AM
1/24/2024,6:51:59 AM
1/24/2024,6:52:20 AM
1/24/2024,6:52:37 AM
1/24/2024,6:55:28 AM
1/24/2024,6:57:00 AM
1/24/2024,6:57:57 AM
1/24/2024,6:58:06 AM
1/24/2024,6:58:31 AM
1/24/2024,6:58:56 AM
1/24/2024,7:00:27 AM
1/24/2024,7:01:03 AM
1/24/2024,7:01:14 AM
1/24/2024,7:02:10 AM
1/24/2024,7:02:38 AM
1/24/2024,7:04:12 AM
1/24/2024,7:05:34 AM
1/24/2024,7:06:28 AM
1/24/2024,7:06:48 AM
1/24/2024,7:07:21 AM
1/24/2024,7:08:09 AM
1/24/2024,7:09:47 AM
1/24/2024,7:10:25 AM
1/24/2024,7:10:41 AM
1/24/2024,7:10:54 AM
1/24/2024,7:12:17 AM
1/24/2024,7:12:30 AM
1/24/2024,7:13:18 AM
1/24/2024,7:13:27 AM
1/24/2024,7:14:03 AM
1/24/2024,7:17:11 AM
1/24/2024,7:18:34 AM
1/24/2024,7:18:44 AM
1/24/2024,7:18:51 AM
1/24/2024,7:18:54 AM
1/24/2024,7:18:58 AM
1/24/2024,7:19:03 AM
1/24/2024,7:19:05 AM
1/24/2024,7:19:07 AM
1/24/2024,7:20:54 AM
1/24/2024,7:21:29 AM
1/24/2024,7:21:55 AM
1/24/2024,7:22:19 AM
1/24/2024,7:22:54 AM
1/24/2024,7:23:51 AM
1/24/2024,7:24:07 AM
1/24/2024,7:24:52 AM
1/24/2024,7:25:20 AM
1/24/2024,7:26:41 AM
1/24/2024,7:29:00 AM
1/24/2024,7:29:24 AM
1/24/2024,7:29:28 AM
1/24/2024,7:31:36 AM
1/24/2024,7:32:07 AM
1/24/2024,7:32:57 AM
1/24/2024,7:33:17 AM
1/24/2024,7:33:19 AM
1/24/2024,7:33:30 AM
1/24/2024,7:34:28 AM
1/24/2024,7:36:19 AM
1/24/2024,7:36:44 AM
1/24/2024,7:37:14 AM
1/24/2024,7:38:26 AM
1/24/2024,7:39:08 AM
1/24/2024,7:39:37 AM
1/24/2024,7:39:56 AM
1/24/2024,7:40:42 AM
1/24/2024,7:41:38 AM
1/24/2024,7:43:18 AM
1/24/2024,7:44:32 AM
1/24/2024,7:46:13 AM
1/24/2024,7:51:14 AM
1/24/2024,7:54:04 AM
1/24/2024,7:54:19 AM
1/24/2024,7:57:20 AM
1/24/2024,7:57:33 AM
1/24/2024,7:57:47 AM
1/24/2024,7:59:07 AM
1/24/2024,7:59:37 AM
1/25/2024,6:01:17 AM
1/25/2024,6:01:26 AM
1/25/2024,6:01:47 AM
1/25/2024,6:02:52 AM
1/25/2024,6:03:18 AM
1/25/2024,6:03:29 AM
1/25/2024,6:04:34 AM
1/25/2024,6:05:06 AM
1/25/2024,6:07:21 AM
1/25/2024,6:07:45 AM
1/25/2024,6:07:50 AM
1/25/2024,6:08:06 AM
1/25/2024,6:08:08 AM
1/25/2024,6:08:14 AM
1/25/2024,6:08:44 AM
1/25/2024,6:08:49 AM
1/25/2024,6:09:28 AM
1/25/2024,6:10:39 AM
1/25/2024,6:10:41 AM
1/25/2024,6:11:26 AM
1/25/2024,6:11:28 AM
1/25/2024,6:12:25 AM
1/25/2024,6:12:58 AM
1/25/2024,6:13:10 AM
1/25/2024,6:13:18 AM
1/25/2024,6:13:30 AM
1/25/2024,6:13:35 AM
1/25/2024,6:13:57 AM
1/25/2024,6:14:46 AM
1/25/2024,6:14:54 AM
1/25/2024,6:14:58 AM
1/25/2024,6:15:20 AM
1/25/2024,6:15:35 AM
1/25/2024,6:16:37 AM
1/25/2024,6:17:07 AM
1/25/2024,6:17:38 AM
1/25/2024,6:18:04 AM
1/25/2024,6:18:43 AM
1/25/2024,6:18:49 AM
1/25/2024,6:18:55 AM
1/25/2024,6:19:08 AM
1/25/2024,6:20:31 AM
1/25/2024,6:21:19 AM
1/25/2024,6:21:56 AM
1/25/2024,6:22:05 AM
1/25/2024,6:23:19 AM
1/25/2024,6:23:39 AM
1/25/2024,6:24:38 AM
1/25/2024,6:24:50 AM
1/25/2024,6:24:55 AM
1/25/2024,6:24:58 AM
1/25/2024,6:25:05 AM
1/25/2024,6:25:46 AM
1/25/2024,6:26:48 AM
1/25/2024,6:27:52 AM
1/25/2024,6:28:20 AM
1/25/2024,6:28:29 AM
1/25/2024,6:29:33 AM
1/25/2024,6:30:50 AM
1/25/2024,6:31:00 AM
1/25/2024,6:32:47 AM
1/25/2024,6:33:23 AM
1/25/2024,6:33:28 AM
1/25/2024,6:34:25 AM
1/25/2024,6:35:00 AM
1/25/2024,6:35:11 AM
1/25/2024,6:36:46 AM
1/25/2024,6:38:59 AM
1/25/2024,6:39:16 AM
1/25/2024,6:39:21 AM
1/25/2024,6:40:28 AM
1/25/2024,6:42:19 AM
1/25/2024,6:43:03 AM
1/25/2024,6:43:26 AM
1/25/2024,6:43:31 AM
1/25/2024,6:43:44 AM
1/25/2024,6:43:48 AM
1/25/2024,6:44:01 AM
1/25/2024,6:44:21 AM
1/25/2024,6:44:31 AM
1/25/2024,6:44:32 AM
1/25/2024,6:44:49 AM
1/25/2024,6:44:50 AM
1/25/2024,6:45:22 AM
1/25/2024,6:45:42 AM
1/25/2024,6:46:25 AM
1/25/2024,6:47:06 AM
1/25/2024,6:47:17 AM
1/25/2024,6:48:22 AM
1/25/2024,6:48:28 AM
1/25/2024,6:48:29 AM
1/25/2024,6:48:53 AM
1/25/2024,6:49:31 AM
1/25/2024,6:50:00 AM
1/25/2024,6:50:16 AM
1/25/2024,6:50:24 AM
1/25/2024,6:50:35 AM
1/25/2024,6:50:44 AM
1/25/2024,6:51:04 AM
1/25/2024,6:51:15 AM
1/25/2024,6:51:38 AM
1/25/2024,6:51:47 AM
1/25/2024,6:52:12 AM
1/25/2024,6:52:54 AM
1/25/2024,6:53:03 AM
1/25/2024,6:53:09 AM
1/25/2024,6:55:19 AM
1/25/2024,6:58:01 AM
1/25/2024,6:59:44 AM
1/25/2024,6:59:50 AM
1/25/2024,7:00:31 AM
1/25/2024,7:00:34 AM
1/25/2024,7:00:36 AM
1/25/2024,7:00:40 AM
1/25/2024,7:01:03 AM
1/25/2024,7:01:10 AM
1/25/2024,7:01:26 AM
1/25/2024,7:01:50 AM
1/25/2024,7:01:53 AM
1/25/2024,7:02:48 AM
1/25/2024,7:03:12 AM
1/25/2024,7:03:47 AM
1/25/2024,7:03:57 AM
1/25/2024,7:04:52 AM
1/25/2024,7:06:15 AM
1/25/2024,7:06:21 AM
1/25/2024,7:06:23 AM
1/25/2024,7:06:37 AM
1/25/2024,7:07:02 AM
1/25/2024,7:07:14 AM
1/25/2024,7:07:29 AM
1/25/2024,7:07:35 AM
1/25/2024,7:07:36 AM
1/25/2024,7:08:13 AM
1/25/2024,7:09:32 AM
1/25/2024,7:10:56 AM
1/25/2024,7:11:11 AM
1/25/2024,7:11:29 AM
1/25/2024,7:11:45 AM
1/25/2024,7:13:01 AM
1/25/2024,7:13:13 AM
1/25/2024,7:13:33 AM
1/25/2024,7:14:07 AM
1/25/2024,7:15:25 AM
1/25/2024,7:15:48 AM
1/25/2024,7:15:51 AM
1/25/2024,7:16:31 AM
1/25/2024,7:16:48 AM
1/25/2024,7:17:11 AM
1/25/2024,7:17:26 AM
1/25/2024,7:17:28 AM
1/25/2024,7:18:52 AM
1/25/2024,7:19:06 AM
1/25/2024,7:19:51 AM
1/25/2024,7:19:59 AM
1/25/2024,7:20:17 AM
1/25/2024,7:20:17 AM
1/25/2024,7:20:23 AM
1/25/2024,7:20:47 AM
1/25/2024,7:21:45 AM
1/25/2024,7:21:46 AM
1/25/2024,7:22:30 AM
1/25/2024,7:22:59 AM
1/25/2024,7:23:33 AM
1/25/2024,7:24:12 AM
1/25/2024,7:24:15 AM
1/25/2024,7:24:21 AM
1/25/2024,7:24:56 AM
1/25/2024,7:24:57 AM
1/25/2024,7:25:18 AM
1/25/2024,7:25:18 AM
1/25/2024,7:25:24 AM
1/25/2024,7:25:41 AM
1/25/2024,7:25:52 AM
1/25/2024,7:26:45 AM
1/25/2024,7:28:01 AM
1/25/2024,7:28:06 AM
1/25/2024,7:28:18 AM
1/25/2024,7:29:16 AM
1/25/2024,7:29:35 AM
1/25/2024,7:29:38 AM
1/25/2024,7:29:41 AM
1/25/2024,7:30:59 AM
1/25/2024,7:31:31 AM
1/25/2024,7:33:22 AM
1/25/2024,7:33:29 AM
1/25/2024,7:34:33 AM
1/25/2024,7:35:00 AM
1/25/2024,7:35:41 AM
1/25/2024,7:36:07 AM
1/25/2024,7:36:54 AM
1/25/2024,7:37:11 AM
1/25/2024,7:37:43 AM
1/25/2024,7:38:58 AM
1/25/2024,7:38:58 AM
1/25/2024,7:39:20 AM
1/25/2024,7:40:24 AM
1/25/2024,7:40:57 AM
1/25/2024,7:40:58 AM
1/25/2024,7:41:26 AM
1/25/2024,7:42:56 AM
1/25/2024,7:43:14 AM
1/25/2024,7:43:26 AM
1/25/2024,7:44:07 AM
1/25/2024,7:44:21 AM
1/25/2024,7:44:53 AM
1/25/2024,7:45:40 AM
1/25/2024,7:46:23 AM
1/25/2024,7:46:26 AM
1/25/2024,7:46:34 AM
1/25/2024,7:47:15 AM
1/25/2024,7:47:20 AM
1/25/2024,7:47:36 AM
1/25/2024,7:48:18 AM
1/25/2024,7:49:19 AM
1/25/2024,7:49:36 AM
1/25/2024,7:49:48 AM
1/25/2024,7:50:19 AM
1/25/2024,7:50:45 AM
1/25/2024,7:51:08 AM
1/25/2024,7:52:13 AM
1/25/2024,7:54:11 AM
1/25/2024,7:54:38 AM
1/25/2024,7:56:19 AM
1/25/2024,7:56:23 AM
1/25/2024,7:56:35 AM
1/25/2024,7:57:11 AM
1/25/2024,7:59:39 AM
1/26/2024,6:00:01 AM
1/26/2024,6:00:44 AM
1/26/2024,6:01:42 AM
1/26/2024,6:01:47 AM
1/26/2024,6:02:02 AM
1/26/2024,6:02:48 AM
1/26/2024,6:03:26 AM
1/26/2024,6:03:27 AM
1/26/2024,6:03:40 AM
1/26/2024,6:03:49 AM
1/26/2024,6:03:55 AM
1/26/2024,6:04:30 AM
1/26/2024,6:05:55 AM
1/26/2024,6:05:56 AM
1/26/2024,6:06:22 AM
1/26/2024,6:06:27 AM
1/26/2024,6:06:40 AM
1/26/2024,6:06:53 AM
1/26/2024,6:07:32 AM
1/26/2024,6:09:52 AM
1/26/2024,6:10:41 AM
1/26/2024,6:10:47 AM
1/26/2024,6:11:08 AM
1/26/2024,6:12:30 AM
1/26/2024,6:12:35 AM
1/26/2024,6:12:56 AM
1/26/2024,6:13:21 AM
1/26/2024,6:13:24 AM
1/26/2024,6:13:54 AM
1/26/2024,6:14:14 AM
1/26/2024,6:14:16 AM
1/26/2024,6:14:53 AM
1/26/2024,6:15:00 AM
1/26/2024,6:15:12 AM
1/26/2024,6:15:39 AM
1/26/2024,6:16:34 AM
1/26/2024,6:18:33 AM
1/26/2024,6:19:02 AM
1/26/2024,6:19:22 AM
1/26/2024,6:19:49 AM
1/26/2024,6:20:03 AM
1/26/2024,6:20:51 AM
1/26/2024,6:20:54 AM
1/26/2024,6:21:24 AM
1/26/2024,6:21:27 AM
1/26/2024,6:21:55 AM
1/26/2024,6:22:02 AM
1/26/2024,6:22:24 AM
1/26/2024,6:22:33 AM
1/26/2024,6:22:55 AM
1/26/2024,6:23:38 AM
1/26/2024,6:23:45 AM
1/26/2024,6:23:57 AM
1/26/2024,6:24:04 AM
1/26/2024,6:24:08 AM
1/26/2024,6:24:20 AM
1/26/2024,6:24:34 AM
1/26/2024,6:24:34 AM
1/26/2024,6:26:20 AM
1/26/2024,6:26:53 AM
1/26/2024,6:28:04 AM
1/26/2024,6:28:26 AM
1/26/2024,6:28:35 AM
1/26/2024,6:29:05 AM
1/26/2024,6:29:15 AM
1/26/2024,6:29:18 AM
1/26/2024,6:29:34 AM
1/26/2024,6:31:35 AM
1/26/2024,6:32:09 AM
1/26/2024,6:33:33 AM
1/26/2024,6:33:37 AM
1/26/2024,6:36:02 AM
1/26/2024,6:36:18 AM
1/26/2024,6:36:31 AM
1/26/2024,6:36:53 AM
1/26/2024,6:37:09 AM
1/26/2024,6:37:45 AM
1/26/2024,6:38:49 AM
1/26/2024,6:40:10 AM
1/26/2024,6:40:10 AM
1/26/2024,6:40:36 AM
1/26/2024,6:41:37 AM
1/26/2024,6:42:23 AM
1/26/2024,6:42:37 AM
1/26/2024,6:43:40 AM
1/26/2024,6:46:00 AM
1/26/2024,6:46:16 AM
1/26/2024,6:47:58 AM
1/26/2024,6:48:26 AM
1/26/2024,6:49:02 AM
1/26/2024,6:49:20 AM
1/26/2024,6:49:20 AM
1/26/2024,6:50:00 AM
1/26/2024,6:50:01 AM
1/26/2024,6:50:14 AM
1/26/2024,6:51:45 AM
1/26/2024,6:52:53 AM
1/26/2024,6:52:53 AM
1/26/2024,6:53:50 AM
1/26/2024,6:54:35 AM
1/26/2024,6:54:50 AM
1/26/2024,6:56:57 AM
1/26/2024,6:58:11 AM
1/26/2024,6:58:26 AM
1/26/2024,6:58:26 AM
1/26/2024,6:58:44 AM
1/26/2024,6:59:47 AM
1/26/2024,6:00:49 AM
1/26/2024,6:01:07 AM
1/26/2024,6:01:12 AM
1/26/2024,6:01:17 AM
1/26/2024,6:01:56 AM
1/26/2024,6:02:16 AM
1/26/2024,6:02:59 AM
1/26/2024,6:04:31 AM
1/26/2024,6:07:08 AM
1/26/2024,6:08:13 AM
1/26/2024,6:09:14 AM
1/26/2024,6:09:17 AM
1/26/2024,6:10:28 AM
1/26/2024,6:11:26 AM
1/26/2024,6:12:08 AM
1/26/2024,6:12:44 AM
1/26/2024,6:13:44 AM
1/26/2024,6:14:19 AM
1/26/2024,6:15:26 AM
1/26/2024,6:16:13 AM
1/26/2024,6:16:21 AM
1/26/2024,6:16:35 AM
1/26/2024,6:18:20 AM
1/26/2024,6:18:49 AM
1/26/2024,6:19:24 AM
1/26/2024,6:20:20 AM
1/26/2024,6:22:02 AM
1/26/2024,6:25:05 AM
1/26/2024,6:26:15 AM
1/26/2024,6:27:45 AM
1/26/2024,6:28:32 AM
1/26/2024,6:28:46 AM
1/26/2024,6:28:46 AM
1/26/2024,6:29:14 AM
1/26/2024,6:30:11 AM
1/26/2024,6:30:30 AM
1/26/2024,6:31:23 AM
1/26/2024,6:31:24 AM
1/26/2024,6:32:26 AM
1/26/2024,6:33:46 AM
1/26/2024,6:37:53 AM
1/26/2024,6:39:05 AM
1/26/2024,6:40:25 AM
1/26/2024,6:40:47 AM
1/26/2024,6:42:32 AM
1/26/2024,6:42:56 AM
1/26/2024,6:43:22 AM
1/26/2024,6:43:25 AM
1/26/2024,6:44:32 AM
1/26/2024,6:45:09 AM
1/26/2024,6:45:24 AM
1/26/2024,6:45:44 AM
1/26/2024,6:48:00 AM
1/26/2024,6:54:17 AM
1/26/2024,6:54:47 AM
1/26/2024,6:55:58 AM
1/26/2024,6:56:44 AM
1/26/2024,6:59:14 AM
1/26/2024,7:00:01 AM
1/26/2024,7:00:30 AM
1/26/2024,7:01:10 AM
1/26/2024,7:01:56 AM
1/26/2024,7:02:02 AM
1/26/2024,7:02:26 AM
1/26/2024,7:02:35 AM
1/26/2024,7:02:36 AM
1/26/2024,7:02:39 AM
1/26/2024,7:02:56 AM
1/26/2024,7:02:59 AM
1/26/2024,7:04:50 AM
1/26/2024,7:05:02 AM
1/26/2024,7:05:07 AM
1/26/2024,7:06:16 AM
1/26/2024,7:06:20 AM
1/26/2024,7:06:54 AM
1/26/2024,7:07:29 AM
1/26/2024,7:07:43 AM
1/26/2024,7:08:25 AM
1/26/2024,7:08:48 AM
1/26/2024,7:09:42 AM
1/26/2024,7:09:47 AM
1/26/2024,7:09:48 AM
1/26/2024,7:09:59 AM
1/26/2024,7:10:02 AM
1/26/2024,7:10:11 AM
1/26/2024,7:10:44 AM
1/26/2024,7:10:55 AM
1/26/2024,7:11:51 AM
1/26/2024,7:12:02 AM
1/26/2024,7:12:51 AM
1/26/2024,7:13:24 AM
1/26/2024,7:14:42 AM
1/26/2024,7:15:02 AM
1/26/2024,7:15:25 AM
1/26/2024,7:16:09 AM
1/26/2024,7:16:50 AM
1/26/2024,7:17:04 AM
1/26/2024,7:17:42 AM
1/26/2024,7:17:49 AM
1/26/2024,7:18:06 AM
1/26/2024,7:19:04 AM
1/26/2024,7:19:24 AM
1/26/2024,7:20:08 AM
1/26/2024,7:20:33 AM
1/26/2024,7:22:14 AM
1/26/2024,7:25:04 AM
1/26/2024,7:25:19 AM
1/26/2024,7:25:20 AM
1/26/2024,7:27:02 AM
1/26/2024,7:27:05 AM
1/26/2024,7:27:36 AM
1/26/2024,7:27:37 AM
1/26/2024,7:27:39 AM
1/26/2024,7:27:58 AM
1/26/2024,7:28:05 AM
1/26/2024,7:28:39 AM
1/26/2024,7:28:58 AM
1/26/2024,7:28:59 AM
1/26/2024,7:29:10 AM
1/26/2024,7:29:44 AM
1/26/2024,7:31:43 AM
1/26/2024,7:32:07 AM
1/26/2024,7:33:01 AM
1/26/2024,7:33:03 AM
1/26/2024,7:33:47 AM
1/26/2024,7:34:40 AM
1/26/2024,7:34:50 AM
1/26/2024,7:34:54 AM
1/26/2024,7:35:14 AM
1/26/2024,7:36:41 AM
1/26/2024,7:36:41 AM
1/26/2024,7:37:47 AM
1/26/2024,7:38:07 AM
1/26/2024,7:39:08 AM
1/26/2024,7:40:07 AM
1/26/2024,7:40:15 AM
1/26/2024,7:41:00 AM
1/26/2024,7:41:25 AM
1/26/2024,7:41:35 AM
1/26/2024,7:41:41 AM
1/26/2024,7:42:12 AM
1/26/2024,7:43:00 AM
1/26/2024,7:43:45 AM
1/26/2024,7:44:56 AM
1/26/2024,7:45:31 AM
1/26/2024,7:45:51 AM
1/26/2024,7:46:51 AM
1/26/2024,7:47:07 AM
1/26/2024,7:47:38 AM
1/26/2024,7:49:02 AM
1/26/2024,7:49:08 AM
1/26/2024,7:49:52 AM
1/26/2024,7:50:20 AM
1/26/2024,7:51:27 AM
1/26/2024,7:52:29 AM
1/26/2024,7:52:30 AM
1/26/2024,7:53:18 AM
1/26/2024,7:53:31 AM
1/26/2024,7:55:10 AM
1/26/2024,7:56:12 AM
1/26/2024,7:56:46 AM
1/26/2024,7:56:55 AM
1/26/2024,7:58:56 AM
1/26/2024,7:59:25 AM
1/26/2024,7:59:43 AM
1/26/2024,7:00:15 AM
1/26/2024,7:01:03 AM
1/26/2024,7:01:18 AM
1/26/2024,7:01:43 AM
1/26/2024,7:02:00 AM
1/26/2024,7:02:08 AM
1/26/2024,7:02:23 AM
1/26/2024,7:03:08 AM
1/26/2024,7:05:02 AM
1/26/2024,7:06:39 AM
1/26/2024,7:07:38 AM
1/26/2024,7:08:00 AM
1/26/2024,7:08:20 AM
1/26/2024,7:08:39 AM
1/26/2024,7:09:17 AM
1/26/2024,7:10:33 AM
1/26/2024,7:10:36 AM
1/26/2024,7:11:24 AM
1/26/2024,7:11:32 AM
1/26/2024,7:13:04 AM
1/26/2024,7:15:23 AM
1/26/2024,7:18:20 AM
1/26/2024,7:18:51 AM
1/26/2024,7:20:17 AM
1/26/2024,7:21:19 AM
1/26/2024,7:22:48 AM
1/26/2024,7:22:54 AM
1/26/2024,7:24:30 AM
1/26/2024,7:24:37 AM
1/26/2024,7:25:07 AM
1/26/2024,7:25:46 AM
1/26/2024,7:26:33 AM
1/26/2024,7:26:37 AM
1/26/2024,7:27:44 AM
1/26/2024,7:29:26 AM
1/26/2024,7:29:37 AM
1/26/2024,7:30:05 AM
1/26/2024,7:30:13 AM
1/26/2024,7:30:34 AM
1/26/2024,7:32:10 AM
1/26/2024,7:33:30 AM
1/26/2024,7:35:20 AM
1/26/2024,7:36:43 AM
1/26/2024,7:38:24 AM
1/26/2024,7:38:30 AM
1/26/2024,7:39:12 AM
1/26/2024,7:40:53 AM
1/26/2024,7:41:10 AM
1/26/2024,7:41:37 AM
1/26/2024,7:41:44 AM
1/26/2024,7:41:48 AM
1/26/2024,7:43:12 AM
1/26/2024,7:43:25 AM
1/26/2024,7:45:05 AM
1/26/2024,7:45:40 AM
1/26/2024,7:45:55 AM
1/26/2024,7:47:48 AM
1/26/2024,7:48:35 AM
1/26/2024,7:49:01 AM
1/26/2024,7:49:12 AM
1/26/2024,7:50:47 AM
1/26/2024,7:53:23 AM
1/26/2024,7:53:31 AM
1/26/2024,7:56:33 AM
1/26/2024,7:58:49 AM
1/26/2024,7:59:03 AM
1/26/2024,7:59:41 AM
1/27/2024,6:00:52 AM
1/27/2024,6:02:38 AM
1/27/2024,6:05:48 AM
1/27/2024,6:08:59 AM
1/27/2024,6:09:23 AM
1/27/2024,6:11:52 AM
1/27/2024,6:12:53 AM
1/27/2024,6:15:15 AM
1/27/2024,6:16:08 AM
1/27/2024,6:16:32 AM
1/27/2024,6:18:38 AM
1/27/2024,6:19:31 AM
1/27/2024,6:23:02 AM
1/27/2024,6:26:17 AM
1/27/2024,6:28:45 AM
1/27/2024,6:31:07 AM
1/27/2024,6:31:31 AM
1/27/2024,6:34:39 AM
1/27/2024,6:40:15 AM
1/27/2024,6:41:24 AM
1/27/2024,6:43:01 AM
1/27/2024,6:45:38 AM
1/27/2024,6:50:47 AM
1/27/2024,6:55:30 AM
1/27/2024,6:57:25 AM
1/27/2024,7:00:19 AM
1/27/2024,7:01:40 AM
1/27/2024,7:02:30 AM
1/27/2024,7:06:25 AM
1/27/2024,7:07:51 AM
1/27/2024,7:08:32 AM
1/27/2024,7:10:04 AM
1/27/2024,7:11:04 AM
1/27/2024,7:11:52 AM
1/27/2024,7:17:11 AM
1/27/2024,7:20:06 AM
1/27/2024,7:22:39 AM
1/27/2024,7:23:42 AM
1/27/2024,7:24:53 AM
1/27/2024,7:26:11 AM
1/27/2024,7:26:58 AM
1/27/2024,7:28:00 AM
1/27/2024,7:30:04 AM
1/27/2024,7:30:17 AM
1/27/2024,7:33:07 AM
1/27/2024,7:35:36 AM
1/27/2024,7:38:24 AM
1/27/2024,7:39:25 AM
1/27/2024,7:41:57 AM
1/27/2024,7:44:11 AM
1/27/2024,7:45:51 AM
1/27/2024,7:48:27 AM
1/27/2024,7:49:12 AM
1/27/2024,7:52:28 AM
1/27/2024,7:59:00 AM
1/28/2024,6:00:50 AM
1/28/2024,6:00:51 AM
1/28/2024,6:00:56 AM
1/28/2024,6:02:04 AM
1/28/2024,6:02:05 AM
1/28/2024,6:02:06 AM
1/28/2024,6:02:09 AM
1/28/2024,6:02:17 AM
1/28/2024,6:02:20 AM
1/28/2024,6:03:12 AM
1/28/2024,6:04:18 AM
1/28/2024,6:04:25 AM
1/28/2024,6:04:26 AM
1/28/2024,6:04:37 AM
1/28/2024,6:05:32 AM
1/28/2024,6:06:14 AM
1/28/2024,6:07:19 AM
1/28/2024,6:07:39 AM
1/28/2024,6:07:45 AM
1/28/2024,6:08:31 AM
1/28/2024,6:08:42 AM
1/28/2024,6:10:45 AM
1/28/2024,6:10:52 AM
1/28/2024,6:11:06 AM
1/28/2024,6:11:51 AM
1/28/2024,6:12:09 AM
1/28/2024,6:12:09 AM
1/28/2024,6:12:26 AM
1/28/2024,6:12:28 AM
1/28/2024,6:13:10 AM
1/28/2024,6:13:27 AM
1/28/2024,6:13:29 AM
1/28/2024,6:13:34 AM
1/28/2024,6:14:38 AM
1/28/2024,6:14:44 AM
1/28/2024,6:14:59 AM
1/28/2024,6:15:32 AM
1/28/2024,6:16:29 AM
1/28/2024,6:18:23 AM
1/28/2024,6:18:37 AM
1/28/2024,6:18:42 AM
1/28/2024,6:19:00 AM
1/28/2024,6:19:09 AM
1/28/2024,6:19:27 AM
1/28/2024,6:19:51 AM
1/28/2024,6:20:04 AM
1/28/2024,6:21:56 AM
1/28/2024,6:22:54 AM
1/28/2024,6:23:34 AM
1/28/2024,6:24:52 AM
1/28/2024,6:24:59 AM
1/28/2024,6:25:40 AM
1/28/2024,6:26:20 AM
1/28/2024,6:26:53 AM
1/28/2024,6:27:33 AM
1/28/2024,6:27:45 AM
1/28/2024,6:27:58 AM
1/28/2024,6:29:01 AM
1/28/2024,6:29:59 AM
1/28/2024,6:30:16 AM
1/28/2024,6:30:48 AM
1/28/2024,6:31:33 AM
1/28/2024,6:31:35 AM
1/28/2024,6:31:43 AM
1/28/2024,6:31:43 AM
1/28/2024,6:31:44 AM
1/28/2024,6:32:26 AM
1/28/2024,6:32:35 AM
1/28/2024,6:33:56 AM
1/28/2024,6:34:14 AM
1/28/2024,6:35:34 AM
1/28/2024,6:37:04 AM
1/28/2024,6:37:19 AM
1/28/2024,6:37:53 AM
1/28/2024,6:37:54 AM
1/28/2024,6:38:00 AM
1/28/2024,6:38:11 AM
1/28/2024,6:38:15 AM
1/28/2024,6:38:21 AM
1/28/2024,6:38:31 AM
1/28/2024,6:38:55 AM
1/28/2024,6:39:13 AM
1/28/2024,6:39:46 AM
1/28/2024,6:39:52 AM
1/28/2024,6:40:06 AM
1/28/2024,6:40:39 AM
1/28/2024,6:41:25 AM
1/28/2024,6:42:20 AM
1/28/2024,6:44:38 AM
1/28/2024,6:48:23 AM
1/28/2024,6:49:13 AM
1/28/2024,6:50:01 AM
1/28/2024,6:50:55 AM
1/28/2024,6:50:55 AM
1/28/2024,6:51:05 AM
1/28/2024,6:51:43 AM
1/28/2024,6:51:50 AM
1/28/2024,6:52:21 AM
1/28/2024,6:52:46 AM
1/28/2024,6:55:39 AM
1/28/2024,6:56:19 AM
1/28/2024,6:57:37 AM
1/28/2024,6:57:55 AM
1/28/2024,7:00:04 AM
1/28/2024,7:00:25 AM
1/28/2024,7:00:41 AM
1/28/2024,7:01:46 AM
1/28/2024,7:02:16 AM
1/28/2024,7:03:10 AM
1/28/2024,7:03:24 AM
1/28/2024,7:04:10 AM
1/28/2024,7:06:00 AM
1/28/2024,7:06:20 AM
1/28/2024,7:06:39 AM
1/28/2024,7:07:51 AM
1/28/2024,7:09:40 AM
1/28/2024,7:10:03 AM
1/28/2024,7:13:11 AM
1/28/2024,7:13:14 AM
1/28/2024,7:13:44 AM
1/28/2024,7:13:45 AM
1/28/2024,7:14:51 AM
1/28/2024,7:15:54 AM
1/28/2024,7:16:07 AM
1/28/2024,7:17:41 AM
1/28/2024,7:18:20 AM
1/28/2024,7:18:44 AM
1/28/2024,7:19:44 AM
1/28/2024,7:20:11 AM
1/28/2024,7:21:17 AM
1/28/2024,7:21:59 AM
1/28/2024,7:22:02 AM
1/28/2024,7:22:56 AM
1/28/2024,7:23:56 AM
1/28/2024,7:24:42 AM
1/28/2024,7:24:50 AM
1/28/2024,7:26:39 AM
1/28/2024,7:26:51 AM
1/28/2024,7:30:27 AM
1/28/2024,7:30:44 AM
1/28/2024,7:31:39 AM
1/28/2024,7:31:40 AM
1/28/2024,7:33:43 AM
1/28/2024,7:34:16 AM
1/28/2024,7:35:23 AM
1/28/2024,7:36:15 AM
1/28/2024,7:37:34 AM
1/28/2024,7:37:50 AM
1/28/2024,7:38:02 AM
1/28/2024,7:38:08 AM
1/28/2024,7:38:14 AM
1/28/2024,7:38:18 AM
1/28/2024,7:39:40 AM
1/28/2024,7:40:04 AM
1/28/2024,7:40:57 AM
1/28/2024,7:41:23 AM
1/28/2024,7:41:41 AM
1/28/2024,7:42:17 AM
1/28/2024,7:42:27 AM
1/28/2024,7:43:12 AM
1/28/2024,7:43:12 AM
1/28/2024,7:45:39 AM
1/28/2024,7:46:03 AM
1/28/2024,7:46:50 AM
1/28/2024,7:47:02 AM
1/28/2024,7:47:31 AM
1/28/2024,7:48:17 AM
1/28/2024,7:49:20 AM
1/28/2024,7:49:30 AM
1/28/2024,7:49:54 AM
1/28/2024,7:50:09 AM
1/28/2024,7:50:26 AM
1/28/2024,7:51:24 AM
1/28/2024,7:51:45 AM
1/28/2024,7:52:26 AM
1/28/2024,7:55:03 AM
1/28/2024,7:55:04 AM
1/28/2024,7:57:04 AM
1/28/2024,7:57:50 AM
1/28/2024,7:58:15 AM
1/29/2024,6:01:40 AM
1/29/2024,6:02:52 AM
1/29/2024,6:03:22 AM
1/29/2024,6:04:33 AM
1/29/2024,6:06:18 AM
1/29/2024,6:07:23 AM
1/29/2024,6:08:02 AM
1/29/2024,6:08:19 AM
1/29/2024,6:08:28 AM
1/29/2024,6:08:48 AM
1/29/2024,6:09:10 AM
1/29/2024,6:09:14 AM
1/29/2024,6:11:18 AM
1/29/2024,6:11:31 AM
1/29/2024,6:12:00 AM
1/29/2024,6:16:13 AM
1/29/2024,6:16:22 AM
1/29/2024,6:17:55 AM
1/29/2024,6:18:29 AM
1/29/2024,6:20:27 AM
1/29/2024,6:20:27 AM
1/29/2024,6:21:17 AM
1/29/2024,6:21:27 AM
1/29/2024,6:21:33 AM
1/29/2024,6:22:29 AM
1/29/2024,6:23:12 AM
1/29/2024,6:24:07 AM
1/29/2024,6:25:08 AM
1/29/2024,6:26:00 AM
1/29/2024,6:26:34 AM
1/29/2024,6:26:51 AM
1/29/2024,6:28:28 AM
1/29/2024,6:28:43 AM
1/29/2024,6:29:07 AM
1/29/2024,6:29:28 AM
1/29/2024,6:31:12 AM
1/29/2024,6:31:34 AM
1/29/2024,6:31:38 AM
1/29/2024,6:32:03 AM
1/29/2024,6:33:32 AM
1/29/2024,6:34:25 AM
1/29/2024,6:34:49 AM
1/29/2024,6:35:55 AM
1/29/2024,6:36:22 AM
1/29/2024,6:38:06 AM
1/29/2024,6:38:41 AM
1/29/2024,6:39:00 AM
1/29/2024,6:40:56 AM
1/29/2024,6:42:57 AM
1/29/2024,6:43:45 AM
1/29/2024,6:45:26 AM
1/29/2024,6:47:28 AM
1/29/2024,6:47:54 AM
1/29/2024,6:49:03 AM
1/29/2024,6:50:19 AM
1/29/2024,6:50:40 AM
1/29/2024,6:50:48 AM
1/29/2024,6:52:40 AM
1/29/2024,6:52:55 AM
1/29/2024,6:53:05 AM
1/29/2024,6:53:40 AM
1/29/2024,6:54:53 AM
1/29/2024,6:55:37 AM
1/29/2024,6:57:53 AM
1/29/2024,6:58:15 AM
1/29/2024,6:59:17 AM
1/29/2024,6:59:17 AM
1/29/2024,7:02:13 AM
1/29/2024,7:02:52 AM
1/29/2024,7:03:14 AM
1/29/2024,7:03:57 AM
1/29/2024,7:04:43 AM
1/29/2024,7:05:15 AM
1/29/2024,7:05:36 AM
1/29/2024,7:05:52 AM
1/29/2024,7:06:07 AM
1/29/2024,7:06:47 AM
1/29/2024,7:07:42 AM
1/29/2024,7:08:06 AM
1/29/2024,7:08:14 AM
1/29/2024,7:08:51 AM
1/29/2024,7:10:12 AM
1/29/2024,7:11:48 AM
1/29/2024,7:12:02 AM
1/29/2024,7:12:03 AM
1/29/2024,7:13:14 AM
1/29/2024,7:13:28 AM
1/29/2024,7:14:19 AM
1/29/2024,7:15:46 AM
1/29/2024,7:17:03 AM
1/29/2024,7:18:18 AM
1/29/2024,7:18:18 AM
1/29/2024,7:19:02 AM
1/29/2024,7:20:12 AM
1/29/2024,7:21:00 AM
1/29/2024,7:22:03 AM
1/29/2024,7:22:41 AM
1/29/2024,7:26:23 AM
1/29/2024,7:26:40 AM
1/29/2024,7:27:02 AM
1/29/2024,7:28:11 AM
1/29/2024,7:28:50 AM
1/29/2024,7:29:58 AM
1/29/2024,7:31:49 AM
1/29/2024,7:35:41 AM
1/29/2024,7:37:27 AM
1/29/2024,7:39:39 AM
1/29/2024,7:40:13 AM
1/29/2024,7:41:58 AM
1/29/2024,7:42:19 AM
1/29/2024,7:43:11 AM
1/29/2024,7:43:44 AM
1/29/2024,7:44:46 AM
1/29/2024,7:48:20 AM
1/29/2024,7:49:26 AM
1/29/2024,7:50:33 AM
1/29/2024,7:51:27 AM
1/29/2024,7:53:02 AM
1/29/2024,7:55:58 AM
1/29/2024,7:56:02 AM
1/29/2024,7:57:41 AM
1/29/2024,7:58:20 AM
1/30/2024,6:00:27 AM
1/30/2024,6:00:27 AM
1/30/2024,6:00:46 AM
1/30/2024,6:01:21 AM
1/30/2024,6:01:56 AM
1/30/2024,6:02:08 AM
1/30/2024,6:02:34 AM
1/30/2024,6:02:48 AM
1/30/2024,6:04:29 AM
1/30/2024,6:05:06 AM
1/30/2024,6:05:21 AM
1/30/2024,6:05:59 AM
1/30/2024,6:06:08 AM
1/30/2024,6:06:10 AM
1/30/2024,6:07:12 AM
1/30/2024,6:07:47 AM
1/30/2024,6:08:19 AM
1/30/2024,6:09:16 AM
1/30/2024,6:11:00 AM
1/30/2024,6:11:25 AM
1/30/2024,6:11:52 AM
1/30/2024,6:11:54 AM
1/30/2024,6:13:22 AM
1/30/2024,6:13:49 AM
1/30/2024,6:14:15 AM
1/30/2024,6:14:51 AM
1/30/2024,6:14:55 AM
1/30/2024,6:17:29 AM
1/30/2024,6:18:07 AM
1/30/2024,6:18:11 AM
1/30/2024,6:19:18 AM
1/30/2024,6:19:29 AM
1/30/2024,6:19:38 AM
1/30/2024,6:20:10 AM
1/30/2024,6:20:29 AM
1/30/2024,6:21:00 AM
1/30/2024,6:21:07 AM
1/30/2024,6:21:20 AM
1/30/2024,6:21:29 AM
1/30/2024,6:23:36 AM
1/30/2024,6:23:56 AM
1/30/2024,6:24:12 AM
1/30/2024,6:24:37 AM
1/30/2024,6:25:12 AM
1/30/2024,6:25:23 AM
1/30/2024,6:25:33 AM
1/30/2024,6:25:44 AM
1/30/2024,6:26:19 AM
1/30/2024,6:26:47 AM
1/30/2024,6:26:52 AM
1/30/2024,6:29:42 AM
1/30/2024,6:30:46 AM
1/30/2024,6:31:29 AM
1/30/2024,6:32:59 AM
1/30/2024,6:34:38 AM
1/30/2024,6:34:38 AM
1/30/2024,6:35:02 AM
1/30/2024,6:35:02 AM
1/30/2024,6:35:43 AM
1/30/2024,6:35:46 AM
1/30/2024,6:36:07 AM
1/30/2024,6:36:21 AM
1/30/2024,6:36:31 AM
1/30/2024,6:36:34 AM
1/30/2024,6:36:56 AM
1/30/2024,6:38:15 AM
1/30/2024,6:38:19 AM
1/30/2024,6:38:44 AM
1/30/2024,6:39:44 AM
1/30/2024,6:39:49 AM
1/30/2024,6:40:27 AM
1/30/2024,6:40:56 AM
1/30/2024,6:42:17 AM
1/30/2024,6:42:36 AM
1/30/2024,6:42:46 AM
1/30/2024,6:43:39 AM
1/30/2024,6:43:54 AM
1/30/2024,6:44:30 AM
1/30/2024,6:44:56 AM
1/30/2024,6:45:03 AM
1/30/2024,6:46:06 AM
1/30/2024,6:46:24 AM
1/30/2024,6:46:48 AM
1/30/2024,6:46:51 AM
1/30/2024,6:47:36 AM
1/30/2024,6:49:49 AM
1/30/2024,6:50:42 AM
1/30/2024,6:50:59 AM
1/30/2024,6:52:21 AM
1/30/2024,6:53:52 AM
1/30/2024,6:54:18 AM
1/30/2024,6:54:43 AM
1/30/2024,6:56:18 AM
1/30/2024,6:56:51 AM
1/30/2024,6:56:56 AM
1/30/2024,6:57:47 AM
1/30/2024,7:00:53 AM
1/30/2024,7:01:29 AM
1/30/2024,7:01:35 AM
1/30/2024,7:01:42 AM
1/30/2024,7:02:14 AM
1/30/2024,7:02:21 AM
1/30/2024,7:02:25 AM
1/30/2024,7:02:32 AM
1/30/2024,7:02:44 AM
1/30/2024,7:04:24 AM
1/30/2024,7:04:28 AM
1/30/2024,7:06:41 AM
1/30/2024,7:06:59 AM
1/30/2024,7:07:11 AM
1/30/2024,7:08:27 AM
1/30/2024,7:09:11 AM
1/30/2024,7:09:43 AM
1/30/2024,7:10:21 AM
1/30/2024,7:10:23 AM
1/30/2024,7:10:35 AM
1/30/2024,7:10:36 AM
1/30/2024,7:10:40 AM
1/30/2024,7:11:20 AM
1/30/2024,7:11:28 AM
1/30/2024,7:11:43 AM
1/30/2024,7:12:29 AM
1/30/2024,7:12:43 AM
1/30/2024,7:13:08 AM
1/30/2024,7:13:29 AM
1/30/2024,7:14:26 AM
1/30/2024,7:14:42 AM
1/30/2024,7:14:49 AM
1/30/2024,7:18:00 AM
1/30/2024,7:19:17 AM
1/30/2024,7:20:33 AM
1/30/2024,7:24:21 AM
1/30/2024,7:24:57 AM
1/30/2024,7:25:44 AM
1/30/2024,7:25:46 AM
1/30/2024,7:26:04 AM
1/30/2024,7:26:34 AM
1/30/2024,7:27:34 AM
1/30/2024,7:28:53 AM
1/30/2024,7:29:17 AM
1/30/2024,7:29:46 AM
1/30/2024,7:30:10 AM
1/30/2024,7:30:10 AM
1/30/2024,7:31:29 AM
1/30/2024,7:31:56 AM
1/30/2024,7:33:05 AM
1/30/2024,7:33:47 AM
1/30/2024,7:36:05 AM
1/30/2024,7:36:26 AM
1/30/2024,7:36:52 AM
1/30/2024,7:36:52 AM
1/30/2024,7:37:09 AM
1/30/2024,7:37:14 AM
1/30/2024,7:38:16 AM
1/30/2024,7:38:32 AM
1/30/2024,7:38:33 AM
1/30/2024,7:39:45 AM
1/30/2024,7:42:46 AM
1/30/2024,7:43:07 AM
1/30/2024,7:43:43 AM
1/30/2024,7:44:53 AM
1/30/2024,7:45:20 AM
1/30/2024,7:45:22 AM
1/30/2024,7:45:22 AM
1/30/2024,7:46:12 AM
1/30/2024,7:47:00 AM
1/30/2024,7:47:58 AM
1/30/2024,7:49:32 AM
1/30/2024,7:50:40 AM
1/30/2024,7:53:39 AM
1/30/2024,7:54:36 AM
1/30/2024,7:54:46 AM
1/30/2024,7:54:54 AM
1/30/2024,7:56:48 AM
1/30/2024,7:57:00 AM
1/30/2024,7:57:42 AM
1/30/2024,7:57:52 AM
1/30/2024,7:58:05 AM
1/30/2024,7:58:30 AM
1/30/2024,7:59:18 AM
1/30/2024,7:59:20 AM
1/31/2024,6:00:45 AM
1/31/2024,6:01:36 AM
1/31/2024,6:01:40 AM
1/31/2024,6:02:03 AM
1/31/2024,6:02:09 AM
1/31/2024,6:02:18 AM
1/31/2024,6:02:41 AM
1/31/2024,6:02:47 AM
1/31/2024,6:03:38 AM
1/31/2024,6:03:52 AM
1/31/2024,6:03:57 AM
1/31/2024,6:04:16 AM
1/31/2024,6:04:19 AM
1/31/2024,6:04:22 AM
1/31/2024,6:04:29 AM
1/31/2024,6:04:38 AM
1/31/2024,6:05:26 AM
1/31/2024,6:05:31 AM
1/31/2024,6:05:33 AM
1/31/2024,6:07:00 AM
1/31/2024,6:07:39 AM
1/31/2024,6:08:17 AM
1/31/2024,6:08:25 AM
1/31/2024,6:08:47 AM
1/31/2024,6:09:20 AM
1/31/2024,6:09:59 AM
1/31/2024,6:10:51 AM
1/31/2024,6:11:11 AM
1/31/2024,6:11:15 AM
1/31/2024,6:12:50 AM
1/31/2024,6:13:16 AM
1/31/2024,6:13:16 AM
1/31/2024,6:13:26 AM
1/31/2024,6:13:52 AM
1/31/2024,6:14:08 AM
1/31/2024,6:14:26 AM
1/31/2024,6:15:41 AM
1/31/2024,6:15:51 AM
1/31/2024,6:15:53 AM
1/31/2024,6:15:58 AM
1/31/2024,6:16:42 AM
1/31/2024,6:17:18 AM
1/31/2024,6:17:51 AM
1/31/2024,6:18:05 AM
1/31/2024,6:19:22 AM
1/31/2024,6:20:56 AM
1/31/2024,6:21:03 AM
1/31/2024,6:21:20 AM
1/31/2024,6:23:05 AM
1/31/2024,6:23:15 AM
1/31/2024,6:23:34 AM
1/31/2024,6:23:57 AM
1/31/2024,6:23:58 AM
1/31/2024,6:24:01 AM
1/31/2024,6:24:01 AM
1/31/2024,6:24:37 AM
1/31/2024,6:25:52 AM
1/31/2024,6:25:55 AM
1/31/2024,6:26:09 AM
1/31/2024,6:26:21 AM
1/31/2024,6:26:31 AM
1/31/2024,6:26:44 AM
1/31/2024,6:28:01 AM
1/31/2024,6:29:11 AM
1/31/2024,6:29:11 AM
1/31/2024,6:30:05 AM
1/31/2024,6:30:28 AM
1/31/2024,6:30:31 AM
1/31/2024,6:30:42 AM
1/31/2024,6:31:20 AM
1/31/2024,6:31:22 AM
1/31/2024,6:31:38 AM
1/31/2024,6:31:41 AM
1/31/2024,6:31:53 AM
1/31/2024,6:31:55 AM
1/31/2024,6:32:37 AM
1/31/2024,6:33:06 AM
1/31/2024,6:33:07 AM
1/31/2024,6:33:08 AM
1/31/2024,6:33:25 AM
1/31/2024,6:33:52 AM
1/31/2024,6:34:12 AM
1/31/2024,6:35:06 AM
1/31/2024,6:35:35 AM
1/31/2024,6:35:49 AM
1/31/2024,6:35:58 AM
1/31/2024,6:37:10 AM
1/31/2024,6:37:30 AM
1/31/2024,6:37:49 AM
1/31/2024,6:38:16 AM
1/31/2024,6:38:23 AM
1/31/2024,6:39:23 AM
1/31/2024,6:39:29 AM
1/31/2024,6:39:31 AM
1/31/2024,6:39:35 AM
1/31/2024,6:41:24 AM
1/31/2024,6:42:29 AM
1/31/2024,6:43:19 AM
1/31/2024,6:43:25 AM
1/31/2024,6:43:41 AM
1/31/2024,6:44:11 AM
1/31/2024,6:44:25 AM
1/31/2024,6:45:16 AM
1/31/2024,6:46:58 AM
1/31/2024,6:47:28 AM
1/31/2024,6:48:05 AM
1/31/2024,6:48:10 AM
1/31/2024,6:48:31 AM
1/31/2024,6:48:42 AM
1/31/2024,6:49:23 AM
1/31/2024,6:49:23 AM
1/31/2024,6:51:24 AM
1/31/2024,6:52:12 AM
1/31/2024,6:52:21 AM
1/31/2024,6:52:22 AM
1/31/2024,6:52:28 AM
1/31/2024,6:52:43 AM
1/31/2024,6:53:46 AM
1/31/2024,6:54:18 AM
1/31/2024,6:54:50 AM
1/31/2024,6:55:23 AM
1/31/2024,6:55:53 AM
1/31/2024,6:55:54 AM
1/31/2024,6:56:13 AM
1/31/2024,6:56:21 AM
1/31/2024,6:57:01 AM
1/31/2024,6:57:07 AM
1/31/2024,6:57:34 AM
1/31/2024,6:57:55 AM
1/31/2024,6:58:03 AM
1/31/2024,6:59:59 AM
1/31/2024,7:00:15 AM
1/31/2024,7:00:22 AM
1/31/2024,7:01:50 AM
1/31/2024,7:02:18 AM
1/31/2024,7:03:08 AM
1/31/2024,7:03:09 AM
1/31/2024,7:03:26 AM
1/31/2024,7:03:55 AM
1/31/2024,7:04:20 AM
1/31/2024,7:05:18 AM
1/31/2024,7:06:08 AM
1/31/2024,7:06:19 AM
1/31/2024,7:06:31 AM
1/31/2024,7:07:19 AM
1/31/2024,7:07:32 AM
1/31/2024,7:07:52 AM
1/31/2024,7:08:31 AM
1/31/2024,7:08:32 AM
1/31/2024,7:08:51 AM
1/31/2024,7:10:36 AM
1/31/2024,7:11:41 AM
1/31/2024,7:11:47 AM
1/31/2024,7:11:50 AM
1/31/2024,7:12:16 AM
1/31/2024,7:12:25 AM
1/31/2024,7:12:35 AM
1/31/2024,7:12:52 AM
1/31/2024,7:13:08 AM
1/31/2024,7:13:18 AM
1/31/2024,7:13:30 AM
1/31/2024,7:13:59 AM
1/31/2024,7:14:34 AM
1/31/2024,7:14:40 AM
1/31/2024,7:15:28 AM
1/31/2024,7:15:32 AM
1/31/2024,7:17:18 AM
1/31/2024,7:17:23 AM
1/31/2024,7:17:58 AM
1/31/2024,7:19:38 AM
1/31/2024,7:19:39 AM
1/31/2024,7:19:41 AM
1/31/2024,7:20:33 AM
1/31/2024,7:21:59 AM
1/31/2024,7:22:42 AM
1/31/2024,7:23:09 AM
1/31/2024,7:23:23 AM
1/31/2024,7:23:36 AM
1/31/2024,7:23:53 AM
1/31/2024,7:24:12 AM
1/31/2024,7:24:24 AM
1/31/2024,7:24:41 AM
1/31/2024,7:25:00 AM
1/31/2024,7:26:00 AM
1/31/2024,7:26:20 AM
1/31/2024,7:26:59 AM
1/31/2024,7:27:07 AM
1/31/2024,7:27:13 AM
1/31/2024,7:27:23 AM
1/31/2024,7:27:33 AM
1/31/2024,7:28:01 AM
1/31/2024,7:28:34 AM
1/31/2024,7:29:36 AM
1/31/2024,7:29:47 AM
1/31/2024,7:31:15 AM
1/31/2024,7:31:17 AM
1/31/2024,7:32:18 AM
1/31/2024,7:32:58 AM
1/31/2024,7:33:02 AM
1/31/2024,7:33:23 AM
1/31/2024,7:33:31 AM
1/31/2024,7:34:00 AM
1/31/2024,7:34:47 AM
1/31/2024,7:34:53 AM
1/31/2024,7:34:57 AM
1/31/2024,7:35:04 AM
1/31/2024,7:35:12 AM
1/31/2024,7:35:20 AM
1/31/2024,7:36:03 AM
1/31/2024,7:38:00 AM
1/31/2024,7:38:10 AM
1/31/2024,7:38:40 AM
1/31/2024,7:39:05 AM
1/31/2024,7:39:35 AM
1/31/2024,7:39:53 AM
1/31/2024,7:40:03 AM
1/31/2024,7:40:40 AM
1/31/2024,7:40:49 AM
1/31/2024,7:41:03 AM
1/31/2024,7:41:42 AM
1/31/2024,7:41:46 AM
1/31/2024,7:42:31 AM
1/31/2024,7:42:54 AM
1/31/2024,7:43:44 AM
1/31/2024,7:44:25 AM
1/31/2024,7:45:14 AM
1/31/2024,7:45:29 AM
1/31/2024,7:45:36 AM
1/31/2024,7:46:39 AM
1/31/2024,7:46:59 AM
1/31/2024,7:47:55 AM
1/31/2024,7:48:06 AM
1/31/2024,7:49:59 AM
1/31/2024,7:50:05 AM
1/31/2024,7:50:46 AM
1/31/2024,7:50:57 AM
1/31/2024,7:51:51 AM
1/31/2024,7:52:15 AM
1/31/2024,7:52:16 AM
1/31/2024,7:52:46 AM
1/31/2024,7:53:27 AM
1/31/2024,7:55:13 AM
1/31/2024,7:56:22 AM
1/31/2024,7:57:24 AM
1/31/2024,7:57:51 AM
1/31/2024,7:59:23 AM
1/31/2024,7:59:53 AM
1/31/2024,7:59:55 AM
2-1-2024,6:00:15 AM
2-1-2024,6:00:16 AM
2-1-2024,6:00:52 AM
2-1-2024,6:01:00 AM
2-1-2024,6:02:32 AM
2-1-2024,6:03:28 AM
2-1-2024,6:03:59 AM
2-1-2024,6:04:06 AM
2-1-2024,6:04:32 AM
2-1-2024,6:04:50 AM
2-1-2024,6:05:30 AM
2-1-2024,6:05:42 AM
2-1-2024,6:06:25 AM
2-1-2024,6:07:46 AM
2-1-2024,6:08:03 AM
2-1-2024,6:08:08 AM
2-1-2024,6:08:23 AM
2-1-2024,6:08:26 AM
2-1-2024,6:09:10 AM
2-1-2024,6:09:24 AM
2-1-2024,6:09:36 AM
2-1-2024,6:09:45 AM
2-1-2024,6:09:46 AM
2-1-2024,6:11:18 AM
2-1-2024,6:11:38 AM
2-1-2024,6:11:46 AM
2-1-2024,6:12:22 AM
2-1-2024,6:13:19 AM
2-1-2024,6:14:31 AM
2-1-2024,6:14:54 AM
2-1-2024,6:14:57 AM
2-1-2024,6:15:52 AM
2-1-2024,6:15:54 AM
2-1-2024,6:16:30 AM
2-1-2024,6:16:34 AM
2-1-2024,6:16:42 AM
2-1-2024,6:17:13 AM
2-1-2024,6:17:28 AM
2-1-2024,6:18:00 AM
2-1-2024,6:18:18 AM
2-1-2024,6:19:05 AM
2-1-2024,6:20:24 AM
2-1-2024,6:20:31 AM
2-1-2024,6:20:35 AM
2-1-2024,6:20:42 AM
2-1-2024,6:21:48 AM
2-1-2024,6:21:58 AM
2-1-2024,6:23:11 AM
2-1-2024,6:24:07 AM
2-1-2024,6:25:17 AM
2-1-2024,6:25:21 AM
2-1-2024,6:25:46 AM
2-1-2024,6:25:56 AM
2-1-2024,6:25:57 AM
2-1-2024,6:26:54 AM
2-1-2024,6:27:14 AM
2-1-2024,6:27:56 AM
2-1-2024,6:28:39 AM
2-1-2024,6:29:36 AM
2-1-2024,6:29:49 AM
2-1-2024,6:33:51 AM
2-1-2024,6:34:38 AM
2-1-2024,6:34:49 AM
2-1-2024,6:36:10 AM
2-1-2024,6:36:20 AM
2-1-2024,6:37:43 AM
2-1-2024,6:39:43 AM
2-1-2024,6:40:11 AM
2-1-2024,6:40:18 AM
2-1-2024,6:40:40 AM
2-1-2024,6:40:41 AM
2-1-2024,6:41:15 AM
2-1-2024,6:41:23 AM
2-1-2024,6:42:56 AM
2-1-2024,6:42:57 AM
2-1-2024,6:42:59 AM
2-1-2024,6:43:55 AM
2-1-2024,6:45:20 AM
2-1-2024,6:45:23 AM
2-1-2024,6:45:56 AM
2-1-2024,6:46:33 AM
2-1-2024,6:46:35 AM
2-1-2024,6:47:33 AM
2-1-2024,6:47:45 AM
2-1-2024,6:48:20 AM
2-1-2024,6:49:26 AM
2-1-2024,6:49:35 AM
2-1-2024,6:49:51 AM
2-1-2024,6:50:23 AM
2-1-2024,6:51:32 AM
2-1-2024,6:51:41 AM
2-1-2024,6:51:44 AM
2-1-2024,6:51:54 AM
2-1-2024,6:52:42 AM
2-1-2024,6:52:44 AM
2-1-2024,6:53:16 AM
2-1-2024,6:53:34 AM
2-1-2024,6:54:04 AM
2-1-2024,6:54:59 AM
2-1-2024,6:55:07 AM
2-1-2024,6:55:26 AM
2-1-2024,6:55:37 AM
2-1-2024,6:55:39 AM
2-1-2024,6:57:45 AM
2-1-2024,6:58:03 AM
2-1-2024,6:58:22 AM
2-1-2024,6:58:31 AM
2-1-2024,6:59:08 AM
2-1-2024,6:59:18 AM
2-1-2024,6:59:42 AM
2-1-2024,6:59:43 AM
2-1-2024,7:00:56 AM
2-1-2024,7:01:15 AM
2-1-2024,7:01:16 AM
2-1-2024,7:01:50 AM
2-1-2024,7:02:30 AM
2-1-2024,7:02:39 AM
2-1-2024,7:03:41 AM
2-1-2024,7:03:49 AM
2-1-2024,7:05:20 AM
2-1-2024,7:06:10 AM
2-1-2024,7:06:55 AM
2-1-2024,7:06:58 AM
2-1-2024,7:07:27 AM
2-1-2024,7:07:48 AM
2-1-2024,7:07:49 AM
2-1-2024,7:08:25 AM
2-1-2024,7:09:15 AM
2-1-2024,7:09:17 AM
2-1-2024,7:09:52 AM
2-1-2024,7:10:16 AM
2-1-2024,7:11:25 AM
2-1-2024,7:11:27 AM
2-1-2024,7:13:06 AM
2-1-2024,7:13:22 AM
2-1-2024,7:13:40 AM
2-1-2024,7:13:55 AM
2-1-2024,7:14:02 AM
2-1-2024,7:14:04 AM
2-1-2024,7:14:23 AM
2-1-2024,7:15:06 AM
2-1-2024,7:15:12 AM
2-1-2024,7:16:42 AM
2-1-2024,7:16:57 AM
2-1-2024,7:17:52 AM
2-1-2024,7:19:21 AM
2-1-2024,7:19:57 AM
2-1-2024,7:21:58 AM
2-1-2024,7:22:41 AM
2-1-2024,7:23:06 AM
2-1-2024,7:24:12 AM
2-1-2024,7:27:48 AM
2-1-2024,7:28:15 AM
2-1-2024,7:28:33 AM
2-1-2024,7:29:04 AM
2-1-2024,7:29:29 AM
2-1-2024,7:30:19 AM
2-1-2024,7:31:12 AM
2-1-2024,7:31:24 AM
2-1-2024,7:31:26 AM
2-1-2024,7:32:04 AM
2-1-2024,7:33:17 AM
2-1-2024,7:33:34 AM
2-1-2024,7:33:44 AM
2-1-2024,7:33:50 AM
2-1-2024,7:34:36 AM
2-1-2024,7:34:40 AM
2-1-2024,7:35:16 AM
2-1-2024,7:35:45 AM
2-1-2024,7:36:16 AM
2-1-2024,7:36:23 AM
2-1-2024,7:36:44 AM
2-1-2024,7:39:18 AM
2-1-2024,7:39:46 AM
2-1-2024,7:40:01 AM
2-1-2024,7:40:14 AM
2-1-2024,7:40:23 AM
2-1-2024,7:40:39 AM
2-1-2024,7:40:46 AM
2-1-2024,7:41:36 AM
2-1-2024,7:41:44 AM
2-1-2024,7:42:48 AM
2-1-2024,7:42:54 AM
2-1-2024,7:43:31 AM
2-1-2024,7:44:41 AM
2-1-2024,7:45:20 AM
2-1-2024,7:45:39 AM
2-1-2024,7:46:01 AM
2-1-2024,7:47:04 AM
2-1-2024,7:48:36 AM
2-1-2024,7:49:12 AM
2-1-2024,7:51:21 AM
2-1-2024,7:53:27 AM
2-1-2024,7:53:41 AM
2-1-2024,7:54:30 AM
2-1-2024,7:57:11 AM
2-1-2024,7:58:16 AM
2-1-2024,7:59:36 AM
2-2-2024,6:00:19 AM
2-2-2024,6:00:21 AM
2-2-2024,6:00:48 AM
2-2-2024,6:01:18 AM
2-2-2024,6:01:59 AM
2-2-2024,6:02:10 AM
2-2-2024,6:02:29 AM
2-2-2024,6:03:23 AM
2-2-2024,6:04:08 AM
2-2-2024,6:04:16 AM
2-2-2024,6:04:24 AM
2-2-2024,6:05:02 AM
2-2-2024,6:05:14 AM
2-2-2024,6:05:16 AM
2-2-2024,6:05:51 AM
2-2-2024,6:05:53 AM
2-2-2024,6:05:57 AM
2-2-2024,6:06:09 AM
2-2-2024,6:06:25 AM
2-2-2024,6:06:37 AM
2-2-2024,6:06:54 AM
2-2-2024,6:07:56 AM
2-2-2024,6:08:05 AM
2-2-2024,6:08:38 AM
2-2-2024,6:09:18 AM
2-2-2024,6:09:18 AM
2-2-2024,6:09:22 AM
2-2-2024,6:10:03 AM
2-2-2024,6:10:08 AM
2-2-2024,6:10:46 AM
2-2-2024,6:10:55 AM
2-2-2024,6:11:01 AM
2-2-2024,6:11:03 AM
2-2-2024,6:11:21 AM
2-2-2024,6:11:29 AM
2-2-2024,6:12:06 AM
2-2-2024,6:12:27 AM
2-2-2024,6:12:52 AM
2-2-2024,6:13:45 AM
2-2-2024,6:13:52 AM
2-2-2024,6:14:18 AM
2-2-2024,6:14:47 AM
2-2-2024,6:14:53 AM
2-2-2024,6:15:07 AM
2-2-2024,6:15:09 AM
2-2-2024,6:15:48 AM
2-2-2024,6:15:50 AM
2-2-2024,6:16:38 AM
2-2-2024,6:16:44 AM
2-2-2024,6:17:20 AM
2-2-2024,6:17:46 AM
2-2-2024,6:18:19 AM
2-2-2024,6:18:37 AM
2-2-2024,6:18:43 AM
2-2-2024,6:18:52 AM
2-2-2024,6:19:13 AM
2-2-2024,6:19:16 AM
2-2-2024,6:19:36 AM
2-2-2024,6:19:46 AM
2-2-2024,6:21:11 AM
2-2-2024,6:21:28 AM
2-2-2024,6:24:09 AM
2-2-2024,6:24:13 AM
2-2-2024,6:25:22 AM
2-2-2024,6:26:38 AM
2-2-2024,6:27:20 AM
2-2-2024,6:28:13 AM
2-2-2024,6:28:37 AM
2-2-2024,6:29:02 AM
2-2-2024,6:29:42 AM
2-2-2024,6:29:46 AM
2-2-2024,6:30:00 AM
2-2-2024,6:30:14 AM
2-2-2024,6:30:37 AM
2-2-2024,6:30:46 AM
2-2-2024,6:31:28 AM
2-2-2024,6:31:37 AM
2-2-2024,6:31:43 AM
2-2-2024,6:32:26 AM
2-2-2024,6:32:35 AM
2-2-2024,6:33:19 AM
2-2-2024,6:33:36 AM
2-2-2024,6:33:37 AM
2-2-2024,6:33:44 AM
2-2-2024,6:34:26 AM
2-2-2024,6:34:54 AM
2-2-2024,6:34:58 AM
2-2-2024,6:35:04 AM
2-2-2024,6:35:25 AM
2-2-2024,6:35:31 AM
2-2-2024,6:36:22 AM
2-2-2024,6:36:51 AM
2-2-2024,6:38:07 AM
2-2-2024,6:39:05 AM
2-2-2024,6:39:24 AM
2-2-2024,6:40:11 AM
2-2-2024,6:40:15 AM
2-2-2024,6:40:22 AM
2-2-2024,6:41:28 AM
2-2-2024,6:42:25 AM
2-2-2024,6:42:26 AM
2-2-2024,6:43:15 AM
2-2-2024,6:43:22 AM
2-2-2024,6:44:09 AM
2-2-2024,6:44:16 AM
2-2-2024,6:44:53 AM
2-2-2024,6:45:30 AM
2-2-2024,6:45:52 AM
2-2-2024,6:46:30 AM
2-2-2024,6:46:30 AM
2-2-2024,6:47:01 AM
2-2-2024,6:47:36 AM
2-2-2024,6:49:29 AM
2-2-2024,6:50:13 AM
2-2-2024,6:50:26 AM
2-2-2024,6:50:28 AM
2-2-2024,6:51:01 AM
2-2-2024,6:51:37 AM
2-2-2024,6:52:10 AM
2-2-2024,6:53:50 AM
2-2-2024,6:53:56 AM
2-2-2024,6:56:17 AM
2-2-2024,6:57:14 AM
2-2-2024,6:58:02 AM
2-2-2024,7:00:05 AM
2-2-2024,7:00:18 AM
2-2-2024,7:00:20 AM
2-2-2024,7:01:13 AM
2-2-2024,7:01:31 AM
2-2-2024,7:02:03 AM
2-2-2024,7:02:46 AM
2-2-2024,7:02:48 AM
2-2-2024,7:03:37 AM
2-2-2024,7:03:54 AM
2-2-2024,7:03:55 AM
2-2-2024,7:04:02 AM
2-2-2024,7:04:08 AM
2-2-2024,7:04:50 AM
2-2-2024,7:05:42 AM
2-2-2024,7:06:01 AM
2-2-2024,7:06:09 AM
2-2-2024,7:06:48 AM
2-2-2024,7:07:22 AM
2-2-2024,7:07:36 AM
2-2-2024,7:08:59 AM
2-2-2024,7:11:55 AM
2-2-2024,7:12:39 AM
2-2-2024,7:13:21 AM
2-2-2024,7:13:38 AM
2-2-2024,7:14:48 AM
2-2-2024,7:14:49 AM
2-2-2024,7:15:40 AM
2-2-2024,7:15:55 AM
2-2-2024,7:16:17 AM
2-2-2024,7:18:07 AM
2-2-2024,7:18:59 AM
2-2-2024,7:19:17 AM
2-2-2024,7:19:40 AM
2-2-2024,7:20:18 AM
2-2-2024,7:20:40 AM
2-2-2024,7:21:02 AM
2-2-2024,7:21:14 AM
2-2-2024,7:21:36 AM
2-2-2024,7:21:59 AM
2-2-2024,7:23:44 AM
2-2-2024,7:23:46 AM
2-2-2024,7:24:23 AM
2-2-2024,7:24:34 AM
2-2-2024,7:25:22 AM
2-2-2024,7:25:49 AM
2-2-2024,7:25:59 AM
2-2-2024,7:28:35 AM
2-2-2024,7:28:40 AM
2-2-2024,7:29:47 AM
2-2-2024,7:30:58 AM
2-2-2024,7:31:01 AM
2-2-2024,7:32:05 AM
2-2-2024,7:32:18 AM
2-2-2024,7:32:50 AM
2-2-2024,7:33:28 AM
2-2-2024,7:33:50 AM
2-2-2024,7:34:01 AM
2-2-2024,7:34:15 AM
2-2-2024,7:36:13 AM
2-2-2024,7:37:24 AM
2-2-2024,7:37:25 AM
2-2-2024,7:38:11 AM
2-2-2024,7:38:17 AM
2-2-2024,7:38:31 AM
2-2-2024,7:38:44 AM
2-2-2024,7:40:46 AM
2-2-2024,7:41:08 AM
2-2-2024,7:43:55 AM
2-2-2024,7:45:03 AM
2-2-2024,7:45:25 AM
2-2-2024,7:45:33 AM
2-2-2024,7:45:46 AM
2-2-2024,7:46:13 AM
2-2-2024,7:46:56 AM
2-2-2024,7:47:03 AM
2-2-2024,7:48:07 AM
2-2-2024,7:48:49 AM
2-2-2024,7:49:16 AM
2-2-2024,7:49:39 AM
2-2-2024,7:50:15 AM
2-2-2024,7:51:26 AM
2-2-2024,7:53:27 AM
2-2-2024,7:53:29 AM
2-2-2024,7:54:03 AM
2-2-2024,7:55:26 AM
2-2-2024,7:55:43 AM
2-2-2024,7:56:41 AM
2-2-2024,7:57:59 AM
2-2-2024,7:59:26 AM
2-2-2024,7:59:28 AM
2-3-2024,6:00:05 AM
2-3-2024,6:00:48 AM
2-3-2024,6:00:50 AM
2-3-2024,6:02:07 AM
2-3-2024,6:02:18 AM
2-3-2024,6:02:40 AM
2-3-2024,6:02:43 AM
2-3-2024,6:03:32 AM
2-3-2024,6:03:42 AM
2-3-2024,6:03:45 AM
2-3-2024,6:04:03 AM
2-3-2024,6:04:04 AM
2-3-2024,6:05:04 AM
2-3-2024,6:05:34 AM
2-3-2024,6:05:34 AM
2-3-2024,6:05:42 AM
2-3-2024,6:07:25 AM
2-3-2024,6:07:30 AM
2-3-2024,6:07:54 AM
2-3-2024,6:08:38 AM
2-3-2024,6:08:53 AM
2-3-2024,6:09:37 AM
2-3-2024,6:11:10 AM
2-3-2024,6:12:18 AM
2-3-2024,6:12:41 AM
2-3-2024,6:12:41 AM
2-3-2024,6:13:19 AM
2-3-2024,6:14:37 AM
2-3-2024,6:16:27 AM
2-3-2024,6:16:40 AM
2-3-2024,6:16:54 AM
2-3-2024,6:16:54 AM
2-3-2024,6:17:22 AM
2-3-2024,6:17:33 AM
2-3-2024,6:18:00 AM
2-3-2024,6:18:17 AM
2-3-2024,6:19:08 AM
2-3-2024,6:19:31 AM
2-3-2024,6:19:39 AM
2-3-2024,6:19:39 AM
2-3-2024,6:20:00 AM
2-3-2024,6:22:00 AM
2-3-2024,6:22:22 AM
2-3-2024,6:22:38 AM
2-3-2024,6:23:40 AM
2-3-2024,6:24:22 AM
2-3-2024,6:25:49 AM
2-3-2024,6:26:02 AM
2-3-2024,6:26:07 AM
2-3-2024,6:27:06 AM
2-3-2024,6:27:25 AM
2-3-2024,6:28:26 AM
2-3-2024,6:28:35 AM
2-3-2024,6:29:06 AM
2-3-2024,6:29:09 AM
2-3-2024,6:29:13 AM
2-3-2024,6:30:09 AM
2-3-2024,6:30:17 AM
2-3-2024,6:30:31 AM
2-3-2024,6:30:48 AM
2-3-2024,6:31:27 AM
2-3-2024,6:32:02 AM
2-3-2024,6:32:05 AM
2-3-2024,6:32:15 AM
2-3-2024,6:32:16 AM
2-3-2024,6:32:33 AM
2-3-2024,6:33:06 AM
2-3-2024,6:33:09 AM
2-3-2024,6:33:10 AM
2-3-2024,6:33:19 AM
2-3-2024,6:33:56 AM
2-3-2024,6:34:00 AM
2-3-2024,6:34:32 AM
2-3-2024,6:35:01 AM
2-3-2024,6:35:58 AM
2-3-2024,6:36:36 AM
2-3-2024,6:36:59 AM
2-3-2024,6:37:06 AM
2-3-2024,6:37:23 AM
2-3-2024,6:37:53 AM
2-3-2024,6:38:27 AM
2-3-2024,6:38:35 AM
2-3-2024,6:39:35 AM
2-3-2024,6:39:53 AM
2-3-2024,6:40:19 AM
2-3-2024,6:40:48 AM
2-3-2024,6:40:55 AM
2-3-2024,6:41:29 AM
2-3-2024,6:41:36 AM
2-3-2024,6:42:43 AM
2-3-2024,6:43:24 AM
2-3-2024,6:44:04 AM
2-3-2024,6:44:34 AM
2-3-2024,6:45:28 AM
2-3-2024,6:45:37 AM
2-3-2024,6:46:17 AM
2-3-2024,6:46:32 AM
2-3-2024,6:46:43 AM
2-3-2024,6:47:44 AM
2-3-2024,6:48:59 AM
2-3-2024,6:50:02 AM
2-3-2024,6:50:04 AM
2-3-2024,6:50:15 AM
2-3-2024,6:50:35 AM
2-3-2024,6:50:44 AM
2-3-2024,6:50:55 AM
2-3-2024,6:51:06 AM
2-3-2024,6:51:22 AM
2-3-2024,6:51:31 AM
2-3-2024,6:51:40 AM
2-3-2024,6:52:33 AM
2-3-2024,6:55:51 AM
2-3-2024,6:56:27 AM
2-3-2024,6:56:38 AM
2-3-2024,6:57:03 AM
2-3-2024,6:57:10 AM
2-3-2024,6:57:12 AM
2-3-2024,6:58:48 AM
2-3-2024,6:59:08 AM
2-3-2024,6:59:16 AM
2-3-2024,7:00:00 AM
2-3-2024,7:00:02 AM
2-3-2024,7:01:41 AM
2-3-2024,7:02:16 AM
2-3-2024,7:02:38 AM
2-3-2024,7:02:52 AM
2-3-2024,7:02:54 AM
2-3-2024,7:03:17 AM
2-3-2024,7:04:31 AM
2-3-2024,7:04:31 AM
2-3-2024,7:04:33 AM
2-3-2024,7:05:13 AM
2-3-2024,7:05:27 AM
2-3-2024,7:06:35 AM
2-3-2024,7:07:25 AM
2-3-2024,7:10:21 AM
2-3-2024,7:11:16 AM
2-3-2024,7:12:04 AM
2-3-2024,7:12:25 AM
2-3-2024,7:12:25 AM
2-3-2024,7:13:43 AM
2-3-2024,7:13:47 AM
2-3-2024,7:13:49 AM
2-3-2024,7:14:02 AM
2-3-2024,7:14:03 AM
2-3-2024,7:14:08 AM
2-3-2024,7:14:12 AM
2-3-2024,7:14:36 AM
2-3-2024,7:15:12 AM
2-3-2024,7:15:17 AM
2-3-2024,7:15:26 AM
2-3-2024,7:16:58 AM
2-3-2024,7:18:02 AM
2-3-2024,7:20:26 AM
2-3-2024,7:20:39 AM
2-3-2024,7:22:06 AM
2-3-2024,7:22:08 AM
2-3-2024,7:22:33 AM
2-3-2024,7:22:34 AM
2-3-2024,7:22:42 AM
2-3-2024,7:23:22 AM
2-3-2024,7:23:48 AM
2-3-2024,7:23:48 AM
2-3-2024,7:25:46 AM
2-3-2024,7:26:11 AM
2-3-2024,7:26:20 AM
2-3-2024,7:26:37 AM
2-3-2024,7:26:43 AM
2-3-2024,7:27:06 AM
2-3-2024,7:27:26 AM
2-3-2024,7:28:35 AM
2-3-2024,7:28:57 AM
2-3-2024,7:30:37 AM
2-3-2024,7:31:42 AM
2-3-2024,7:31:53 AM
2-3-2024,7:31:57 AM
2-3-2024,7:32:09 AM
2-3-2024,7:32:19 AM
2-3-2024,7:32:22 AM
2-3-2024,7:33:32 AM
2-3-2024,7:33:54 AM
2-3-2024,7:34:02 AM
2-3-2024,7:34:50 AM
2-3-2024,7:36:51 AM
2-3-2024,7:37:57 AM
2-3-2024,7:38:13 AM
2-3-2024,7:39:07 AM
2-3-2024,7:39:29 AM
2-3-2024,7:39:49 AM
2-3-2024,7:39:52 AM
2-3-2024,7:40:03 AM
2-3-2024,7:40:16 AM
2-3-2024,7:40:58 AM
2-3-2024,7:42:22 AM
2-3-2024,7:43:23 AM
2-3-2024,7:43:49 AM
2-3-2024,7:44:31 AM
2-3-2024,7:44:33 AM
2-3-2024,7:45:06 AM
2-3-2024,7:45:24 AM
2-3-2024,7:46:47 AM
2-3-2024,7:47:39 AM
2-3-2024,7:49:17 AM
2-3-2024,7:50:49 AM
2-3-2024,7:51:59 AM
2-3-2024,7:52:29 AM
2-3-2024,7:52:34 AM
2-3-2024,7:53:58 AM
2-3-2024,7:55:10 AM
2-3-2024,7:55:31 AM
2-3-2024,7:56:01 AM
2-3-2024,7:56:16 AM
2-3-2024,7:56:39 AM
2-3-2024,7:56:46 AM
2-3-2024,7:56:50 AM
2-3-2024,7:58:17 AM
2-3-2024,7:58:18 AM
2-3-2024,7:58:31 AM
2-3-2024,7:59:07 AM
2-3-2024,7:59:55 AM
2-4-2024,6:00:39 AM
2-4-2024,6:02:06 AM
2-4-2024,6:02:06 AM
2-4-2024,6:02:52 AM
2-4-2024,6:02:56 AM
2-4-2024,6:04:16 AM
2-4-2024,6:04:35 AM
2-4-2024,6:04:42 AM
2-4-2024,6:05:42 AM
2-4-2024,6:06:30 AM
2-4-2024,6:06:30 AM
2-4-2024,6:06:37 AM
2-4-2024,6:06:57 AM
2-4-2024,6:07:09 AM
2-4-2024,6:07:26 AM
2-4-2024,6:07:29 AM
2-4-2024,6:07:35 AM
2-4-2024,6:08:02 AM
2-4-2024,6:08:21 AM
2-4-2024,6:08:46 AM
2-4-2024,6:09:12 AM
2-4-2024,6:09:38 AM
2-4-2024,6:10:17 AM
2-4-2024,6:10:30 AM
2-4-2024,6:11:21 AM
2-4-2024,6:11:31 AM
2-4-2024,6:11:52 AM
2-4-2024,6:12:15 AM
2-4-2024,6:12:19 AM
2-4-2024,6:12:31 AM
2-4-2024,6:12:58 AM
2-4-2024,6:13:03 AM
2-4-2024,6:13:13 AM
2-4-2024,6:13:20 AM
2-4-2024,6:13:32 AM
2-4-2024,6:14:28 AM
2-4-2024,6:14:30 AM
2-4-2024,6:15:03 AM
2-4-2024,6:15:40 AM
2-4-2024,6:16:09 AM
2-4-2024,6:16:55 AM
2-4-2024,6:17:03 AM
2-4-2024,6:17:07 AM
2-4-2024,6:18:22 AM
2-4-2024,6:18:35 AM
2-4-2024,6:18:45 AM
2-4-2024,6:18:49 AM
2-4-2024,6:18:54 AM
2-4-2024,6:19:34 AM
2-4-2024,6:19:36 AM
2-4-2024,6:19:56 AM
2-4-2024,6:20:42 AM
2-4-2024,6:21:18 AM
2-4-2024,6:21:24 AM
2-4-2024,6:22:24 AM
2-4-2024,6:23:45 AM
2-4-2024,6:24:04 AM
2-4-2024,6:24:17 AM
2-4-2024,6:25:58 AM
2-4-2024,6:26:25 AM
2-4-2024,6:26:51 AM
2-4-2024,6:27:16 AM
2-4-2024,6:27:19 AM
2-4-2024,6:27:43 AM
2-4-2024,6:29:06 AM
2-4-2024,6:29:27 AM
2-4-2024,6:29:39 AM
2-4-2024,6:29:40 AM
2-4-2024,6:29:57 AM
2-4-2024,6:30:03 AM
2-4-2024,6:30:31 AM
2-4-2024,6:30:37 AM
2-4-2024,6:30:44 AM
2-4-2024,6:31:09 AM
2-4-2024,6:31:20 AM
2-4-2024,6:32:13 AM
2-4-2024,6:32:14 AM
2-4-2024,6:32:33 AM
2-4-2024,6:33:21 AM
2-4-2024,6:33:33 AM
2-4-2024,6:33:38 AM
2-4-2024,6:33:48 AM
2-4-2024,6:35:34 AM
2-4-2024,6:35:49 AM
2-4-2024,6:36:23 AM
2-4-2024,6:36:26 AM
2-4-2024,6:36:39 AM
2-4-2024,6:36:48 AM
2-4-2024,6:37:34 AM
2-4-2024,6:37:37 AM
2-4-2024,6:38:28 AM
2-4-2024,6:38:30 AM
2-4-2024,6:38:47 AM
2-4-2024,6:38:57 AM
2-4-2024,6:39:44 AM
2-4-2024,6:39:46 AM
2-4-2024,6:39:52 AM
2-4-2024,6:40:51 AM
2-4-2024,6:41:01 AM
2-4-2024,6:41:01 AM
2-4-2024,6:41:41 AM
2-4-2024,6:41:51 AM
2-4-2024,6:42:08 AM
2-4-2024,6:42:26 AM
2-4-2024,6:43:47 AM
2-4-2024,6:44:07 AM
2-4-2024,6:44:38 AM
2-4-2024,6:44:46 AM
2-4-2024,6:46:06 AM
2-4-2024,6:46:12 AM
2-4-2024,6:46:35 AM
2-4-2024,6:47:08 AM
2-4-2024,6:47:37 AM
2-4-2024,6:48:09 AM
2-4-2024,6:48:27 AM
2-4-2024,6:48:34 AM
2-4-2024,6:48:36 AM
2-4-2024,6:48:38 AM
2-4-2024,6:48:49 AM
2-4-2024,6:48:55 AM
2-4-2024,6:49:25 AM
2-4-2024,6:50:05 AM
2-4-2024,6:50:08 AM
2-4-2024,6:50:16 AM
2-4-2024,6:50:18 AM
2-4-2024,6:50:31 AM
2-4-2024,6:51:03 AM
2-4-2024,6:51:55 AM
2-4-2024,6:52:03 AM
2-4-2024,6:53:16 AM
2-4-2024,6:53:21 AM
2-4-2024,6:53:49 AM
2-4-2024,6:54:12 AM
2-4-2024,6:54:29 AM
2-4-2024,6:54:57 AM
2-4-2024,6:55:02 AM
2-4-2024,6:55:35 AM
2-4-2024,6:55:38 AM
2-4-2024,6:56:48 AM
2-4-2024,6:57:42 AM
2-4-2024,6:58:12 AM
2-4-2024,6:58:15 AM
2-4-2024,6:58:21 AM
2-4-2024,6:59:03 AM
2-4-2024,6:59:35 AM
2-4-2024,6:59:38 AM
2-4-2024,7:00:03 AM
2-4-2024,7:00:19 AM
2-4-2024,7:00:46 AM
2-4-2024,7:00:52 AM
2-4-2024,7:01:15 AM
2-4-2024,7:01:22 AM
2-4-2024,7:01:50 AM
2-4-2024,7:01:53 AM
2-4-2024,7:02:05 AM
2-4-2024,7:02:29 AM
2-4-2024,7:02:35 AM
2-4-2024,7:02:54 AM
2-4-2024,7:03:25 AM
2-4-2024,7:03:27 AM
2-4-2024,7:03:47 AM
2-4-2024,7:04:31 AM
2-4-2024,7:04:37 AM
2-4-2024,7:05:50 AM
2-4-2024,7:06:21 AM
2-4-2024,7:06:23 AM
2-4-2024,7:06:35 AM
2-4-2024,7:06:38 AM
2-4-2024,7:06:49 AM
2-4-2024,7:06:56 AM
2-4-2024,7:07:11 AM
2-4-2024,7:07:28 AM
2-4-2024,7:07:46 AM
2-4-2024,7:07:48 AM
2-4-2024,7:07:49 AM
2-4-2024,7:08:29 AM
2-4-2024,7:09:14 AM
2-4-2024,7:09:33 AM
2-4-2024,7:09:33 AM
2-4-2024,7:10:09 AM
2-4-2024,7:10:57 AM
2-4-2024,7:11:33 AM
2-4-2024,7:12:04 AM
2-4-2024,7:13:07 AM
2-4-2024,7:14:20 AM
2-4-2024,7:14:20 AM
2-4-2024,7:14:58 AM
2-4-2024,7:15:02 AM
2-4-2024,7:15:48 AM
2-4-2024,7:15:49 AM
2-4-2024,7:16:02 AM
2-4-2024,7:16:18 AM
2-4-2024,7:16:45 AM
2-4-2024,7:17:37 AM
2-4-2024,7:17:39 AM
2-4-2024,7:17:44 AM
2-4-2024,7:18:33 AM
2-4-2024,7:20:10 AM
2-4-2024,7:21:16 AM
2-4-2024,7:21:37 AM
2-4-2024,7:22:06 AM
2-4-2024,7:23:17 AM
2-4-2024,7:23:27 AM
2-4-2024,7:23:32 AM
2-4-2024,7:23:47 AM
2-4-2024,7:24:21 AM
2-4-2024,7:24:24 AM
2-4-2024,7:24:41 AM
2-4-2024,7:24:57 AM
2-4-2024,7:25:33 AM
2-4-2024,7:25:58 AM
2-4-2024,7:26:24 AM
2-4-2024,7:26:29 AM
2-4-2024,7:26:36 AM
2-4-2024,7:26:37 AM
2-4-2024,7:27:06 AM
2-4-2024,7:27:42 AM
2-4-2024,7:27:56 AM
2-4-2024,7:28:52 AM
2-4-2024,7:29:35 AM
2-4-2024,7:29:59 AM
2-4-2024,7:30:20 AM
2-4-2024,7:30:24 AM
2-4-2024,7:30:31 AM
2-4-2024,7:30:43 AM
2-4-2024,7:30:47 AM
2-4-2024,7:30:57 AM
2-4-2024,7:30:59 AM
2-4-2024,7:31:09 AM
2-4-2024,7:31:21 AM
2-4-2024,7:32:21 AM
2-4-2024,7:32:27 AM
2-4-2024,7:33:34 AM
2-4-2024,7:34:04 AM
2-4-2024,7:34:09 AM
2-4-2024,7:34:13 AM
2-4-2024,7:34:17 AM
2-4-2024,7:34:21 AM
2-4-2024,7:35:36 AM
2-4-2024,7:36:22 AM
2-4-2024,7:36:39 AM
2-4-2024,7:36:40 AM
2-4-2024,7:37:44 AM
2-4-2024,7:38:15 AM
2-4-2024,7:38:20 AM
2-4-2024,7:38:39 AM
2-4-2024,7:38:47 AM
2-4-2024,7:39:00 AM
2-4-2024,7:39:45 AM
2-4-2024,7:39:49 AM
2-4-2024,7:41:10 AM
2-4-2024,7:41:39 AM
2-4-2024,7:41:58 AM
2-4-2024,7:42:08 AM
2-4-2024,7:42:47 AM
2-4-2024,7:42:57 AM
2-4-2024,7:43:03 AM
2-4-2024,7:44:27 AM
2-4-2024,7:46:02 AM
2-4-2024,7:46:54 AM
2-4-2024,7:46:59 AM
2-4-2024,7:47:16 AM
2-4-2024,7:48:36 AM
2-4-2024,7:49:31 AM
2-4-2024,7:50:31 AM
2-4-2024,7:50:51 AM
2-4-2024,7:51:39 AM
2-4-2024,7:54:18 AM
2-4-2024,7:54:27 AM
2-4-2024,7:55:12 AM
2-4-2024,7:55:15 AM
2-4-2024,7:55:18 AM
2-4-2024,7:55:20 AM
2-4-2024,7:56:35 AM
2-4-2024,7:57:06 AM
2-4-2024,7:58:13 AM
2-4-2024,7:58:54 AM
2-5-2024,6:00:29 AM
2-5-2024,6:00:36 AM
2-5-2024,6:00:57 AM
2-5-2024,6:03:46 AM
2-5-2024,6:03:48 AM
2-5-2024,6:05:20 AM
2-5-2024,6:06:25 AM
2-5-2024,6:06:42 AM
2-5-2024,6:09:08 AM
2-5-2024,6:09:28 AM
2-5-2024,6:09:28 AM
2-5-2024,6:09:47 AM
2-5-2024,6:10:35 AM
2-5-2024,6:11:09 AM
2-5-2024,6:11:24 AM
2-5-2024,6:11:29 AM
2-5-2024,6:12:02 AM
2-5-2024,6:12:20 AM
2-5-2024,6:12:34 AM
2-5-2024,6:12:40 AM
2-5-2024,6:14:12 AM
2-5-2024,6:14:34 AM
2-5-2024,6:15:41 AM
2-5-2024,6:15:41 AM
2-5-2024,6:16:04 AM
2-5-2024,6:16:12 AM
2-5-2024,6:16:40 AM
2-5-2024,6:16:57 AM
2-5-2024,6:19:07 AM
2-5-2024,6:22:39 AM
2-5-2024,6:22:58 AM
2-5-2024,6:23:37 AM
2-5-2024,6:24:25 AM
2-5-2024,6:24:45 AM
2-5-2024,6:25:07 AM
2-5-2024,6:26:03 AM
2-5-2024,6:26:36 AM
2-5-2024,6:27:45 AM
2-5-2024,6:28:35 AM
2-5-2024,6:28:36 AM
2-5-2024,6:28:39 AM
2-5-2024,6:28:43 AM
2-5-2024,6:28:54 AM
2-5-2024,6:29:02 AM
2-5-2024,6:30:23 AM
2-5-2024,6:31:31 AM
2-5-2024,6:31:49 AM
2-5-2024,6:31:50 AM
2-5-2024,6:32:11 AM
2-5-2024,6:32:31 AM
2-5-2024,6:33:02 AM
2-5-2024,6:33:03 AM
2-5-2024,6:33:05 AM
2-5-2024,6:33:09 AM
2-5-2024,6:33:58 AM
2-5-2024,6:34:10 AM
2-5-2024,6:35:22 AM
2-5-2024,6:37:24 AM
2-5-2024,6:38:05 AM
2-5-2024,6:39:27 AM
2-5-2024,6:39:31 AM
2-5-2024,6:39:47 AM
2-5-2024,6:40:39 AM
2-5-2024,6:40:54 AM
2-5-2024,6:43:34 AM
2-5-2024,6:48:00 AM
2-5-2024,6:48:24 AM
2-5-2024,6:48:50 AM
2-5-2024,6:48:58 AM
2-5-2024,6:49:49 AM
2-5-2024,6:49:54 AM
2-5-2024,6:50:25 AM
2-5-2024,6:50:30 AM
2-5-2024,6:51:15 AM
2-5-2024,6:51:21 AM
2-5-2024,6:51:42 AM
2-5-2024,6:55:55 AM
2-5-2024,6:55:58 AM
2-5-2024,6:57:51 AM
2-5-2024,6:58:54 AM
2-5-2024,6:59:02 AM
2-5-2024,6:59:20 AM
2-5-2024,6:59:37 AM
2-5-2024,6:59:37 AM
2-5-2024,6:59:42 AM
2-5-2024,7:00:29 AM
2-5-2024,7:00:49 AM
2-5-2024,7:02:31 AM
2-5-2024,7:03:21 AM
2-5-2024,7:03:33 AM
2-5-2024,7:06:02 AM
2-5-2024,7:06:17 AM
2-5-2024,7:06:41 AM
2-5-2024,7:06:43 AM
2-5-2024,7:07:02 AM
2-5-2024,7:07:59 AM
2-5-2024,7:10:10 AM
2-5-2024,7:10:16 AM
2-5-2024,7:10:34 AM
2-5-2024,7:12:30 AM
2-5-2024,7:12:43 AM
2-5-2024,7:14:07 AM
2-5-2024,7:15:30 AM
2-5-2024,7:18:18 AM
2-5-2024,7:18:21 AM
2-5-2024,7:19:44 AM
2-5-2024,7:19:46 AM
2-5-2024,7:20:03 AM
2-5-2024,7:20:15 AM
2-5-2024,7:20:23 AM
2-5-2024,7:21:22 AM
2-5-2024,7:22:16 AM
2-5-2024,7:22:17 AM
2-5-2024,7:24:31 AM
2-5-2024,7:24:42 AM
2-5-2024,7:24:43 AM
2-5-2024,7:24:58 AM
2-5-2024,7:26:28 AM
2-5-2024,7:27:57 AM
2-5-2024,7:28:11 AM
2-5-2024,7:28:26 AM
2-5-2024,7:28:30 AM
2-5-2024,7:28:48 AM
2-5-2024,7:32:54 AM
2-5-2024,7:33:21 AM
2-5-2024,7:33:53 AM
2-5-2024,7:35:02 AM
2-5-2024,7:35:29 AM
2-5-2024,7:35:33 AM
2-5-2024,7:35:45 AM
2-5-2024,7:36:48 AM
2-5-2024,7:36:56 AM
2-5-2024,7:38:04 AM
2-5-2024,7:38:07 AM
2-5-2024,7:39:58 AM
2-5-2024,7:40:39 AM
2-5-2024,7:41:05 AM
2-5-2024,7:42:34 AM
2-5-2024,7:43:35 AM
2-5-2024,7:43:39 AM
2-5-2024,7:43:46 AM
2-5-2024,7:45:14 AM
2-5-2024,7:45:23 AM
2-5-2024,7:46:48 AM
2-5-2024,7:47:33 AM
2-5-2024,7:48:14 AM
2-5-2024,7:48:45 AM
2-5-2024,7:49:21 AM
2-5-2024,7:49:47 AM
2-5-2024,7:49:51 AM
2-5-2024,7:50:07 AM
2-5-2024,7:52:43 AM
2-5-2024,7:53:41 AM
2-5-2024,7:53:58 AM
2-5-2024,7:56:27 AM
2-5-2024,7:57:21 AM
2-5-2024,7:58:13 AM
2-5-2024,7:59:16 AM
2-6-2024,6:00:33 AM
2-6-2024,6:00:34 AM
2-6-2024,6:01:13 AM
2-6-2024,6:01:20 AM
2-6-2024,6:01:29 AM
2-6-2024,6:03:41 AM
2-6-2024,6:03:42 AM
2-6-2024,6:04:11 AM
2-6-2024,6:04:32 AM
2-6-2024,6:04:40 AM
2-6-2024,6:04:42 AM
2-6-2024,6:04:50 AM
2-6-2024,6:05:10 AM
2-6-2024,6:05:14 AM
2-6-2024,6:05:22 AM
2-6-2024,6:05:28 AM
2-6-2024,6:06:01 AM
2-6-2024,6:06:24 AM
2-6-2024,6:06:34 AM
2-6-2024,6:07:30 AM
2-6-2024,6:07:35 AM
2-6-2024,6:08:23 AM
2-6-2024,6:09:49 AM
2-6-2024,6:10:40 AM
2-6-2024,6:10:49 AM
2-6-2024,6:10:58 AM
2-6-2024,6:11:03 AM
2-6-2024,6:12:27 AM
2-6-2024,6:12:31 AM
2-6-2024,6:12:54 AM
2-6-2024,6:13:58 AM
2-6-2024,6:14:23 AM
2-6-2024,6:14:39 AM
2-6-2024,6:15:21 AM
2-6-2024,6:15:33 AM
2-6-2024,6:16:10 AM
2-6-2024,6:16:57 AM
2-6-2024,6:18:30 AM
2-6-2024,6:18:37 AM
2-6-2024,6:18:39 AM
2-6-2024,6:19:57 AM
2-6-2024,6:20:28 AM
2-6-2024,6:20:36 AM
2-6-2024,6:21:10 AM
2-6-2024,6:21:15 AM
2-6-2024,6:21:18 AM
2-6-2024,6:21:33 AM
2-6-2024,6:21:41 AM
2-6-2024,6:21:57 AM
2-6-2024,6:22:14 AM
2-6-2024,6:22:51 AM
2-6-2024,6:22:59 AM
2-6-2024,6:23:10 AM
2-6-2024,6:23:21 AM
2-6-2024,6:23:37 AM
2-6-2024,6:23:56 AM
2-6-2024,6:24:20 AM
2-6-2024,6:24:25 AM
2-6-2024,6:24:31 AM
2-6-2024,6:24:43 AM
2-6-2024,6:24:44 AM
2-6-2024,6:24:44 AM
2-6-2024,6:25:08 AM
2-6-2024,6:25:54 AM
2-6-2024,6:26:03 AM
2-6-2024,6:27:12 AM
2-6-2024,6:29:11 AM
2-6-2024,6:29:17 AM
2-6-2024,6:29:58 AM
2-6-2024,6:30:55 AM
2-6-2024,6:31:33 AM
2-6-2024,6:32:12 AM
2-6-2024,6:33:35 AM
2-6-2024,6:34:34 AM
2-6-2024,6:34:34 AM
2-6-2024,6:35:22 AM
2-6-2024,6:36:05 AM
2-6-2024,6:36:44 AM
2-6-2024,6:36:49 AM
2-6-2024,6:36:58 AM
2-6-2024,6:37:12 AM
2-6-2024,6:37:16 AM
2-6-2024,6:37:21 AM
2-6-2024,6:38:25 AM
2-6-2024,6:39:03 AM
2-6-2024,6:39:22 AM
2-6-2024,6:39:51 AM
2-6-2024,6:40:30 AM
2-6-2024,6:41:00 AM
2-6-2024,6:41:18 AM
2-6-2024,6:41:46 AM
2-6-2024,6:43:12 AM
2-6-2024,6:43:15 AM
2-6-2024,6:43:24 AM
2-6-2024,6:43:51 AM
2-6-2024,6:44:29 AM
2-6-2024,6:45:12 AM
2-6-2024,6:45:28 AM
2-6-2024,6:46:32 AM
2-6-2024,6:50:17 AM
2-6-2024,6:50:50 AM
2-6-2024,6:51:51 AM
2-6-2024,6:52:25 AM
2-6-2024,6:53:26 AM
2-6-2024,6:53:41 AM
2-6-2024,6:53:57 AM
2-6-2024,6:54:12 AM
2-6-2024,6:54:25 AM
2-6-2024,6:55:31 AM
2-6-2024,6:56:11 AM
2-6-2024,6:56:15 AM
2-6-2024,6:56:25 AM
2-6-2024,6:56:37 AM
2-6-2024,6:56:43 AM
2-6-2024,6:56:59 AM
2-6-2024,6:57:46 AM
2-6-2024,6:59:25 AM
2-6-2024,6:59:48 AM
2-6-2024,7:00:24 AM
2-6-2024,7:01:02 AM
2-6-2024,7:01:32 AM
2-6-2024,7:01:59 AM
2-6-2024,7:02:24 AM
2-6-2024,7:02:38 AM
2-6-2024,7:03:01 AM
2-6-2024,7:03:16 AM
2-6-2024,7:03:54 AM
2-6-2024,7:04:08 AM
2-6-2024,7:04:49 AM
2-6-2024,7:05:03 AM
2-6-2024,7:05:11 AM
2-6-2024,7:05:44 AM
2-6-2024,7:05:46 AM
2-6-2024,7:05:52 AM
2-6-2024,7:06:30 AM
2-6-2024,7:07:15 AM
2-6-2024,7:07:18 AM
2-6-2024,7:07:20 AM
2-6-2024,7:07:29 AM
2-6-2024,7:07:58 AM
2-6-2024,7:08:19 AM
2-6-2024,7:08:25 AM
2-6-2024,7:08:31 AM
2-6-2024,7:08:33 AM
2-6-2024,7:08:35 AM
2-6-2024,7:10:39 AM
2-6-2024,7:10:45 AM
2-6-2024,7:10:45 AM
2-6-2024,7:11:15 AM
2-6-2024,7:11:26 AM
2-6-2024,7:12:03 AM
2-6-2024,7:12:47 AM
2-6-2024,7:13:30 AM
2-6-2024,7:13:30 AM
2-6-2024,7:13:54 AM
2-6-2024,7:13:56 AM
2-6-2024,7:14:08 AM
2-6-2024,7:14:40 AM
2-6-2024,7:16:26 AM
2-6-2024,7:16:31 AM
2-6-2024,7:16:48 AM
2-6-2024,7:17:03 AM
2-6-2024,7:18:18 AM
2-6-2024,7:18:23 AM
2-6-2024,7:18:34 AM
2-6-2024,7:18:39 AM
2-6-2024,7:18:49 AM
2-6-2024,7:18:54 AM
2-6-2024,7:19:32 AM
2-6-2024,7:19:35 AM
2-6-2024,7:20:59 AM
2-6-2024,7:21:28 AM
2-6-2024,7:21:53 AM
2-6-2024,7:22:22 AM
2-6-2024,7:22:24 AM
2-6-2024,7:25:00 AM
2-6-2024,7:26:00 AM
2-6-2024,7:26:09 AM
2-6-2024,7:28:25 AM
2-6-2024,7:28:31 AM
2-6-2024,7:29:20 AM
2-6-2024,7:29:41 AM
2-6-2024,7:30:31 AM
2-6-2024,7:31:29 AM
2-6-2024,7:31:29 AM
2-6-2024,7:32:52 AM
2-6-2024,7:33:09 AM
2-6-2024,7:33:15 AM
2-6-2024,7:34:39 AM
2-6-2024,7:35:13 AM
2-6-2024,7:35:25 AM
2-6-2024,7:36:58 AM
2-6-2024,7:37:10 AM
2-6-2024,7:37:26 AM
2-6-2024,7:39:03 AM
2-6-2024,7:39:28 AM
2-6-2024,7:40:12 AM
2-6-2024,7:41:34 AM
2-6-2024,7:41:59 AM
2-6-2024,7:45:23 AM
2-6-2024,7:45:23 AM
2-6-2024,7:46:19 AM
2-6-2024,7:46:20 AM
2-6-2024,7:47:34 AM
2-6-2024,7:47:37 AM
2-6-2024,7:47:55 AM
2-6-2024,7:48:16 AM
2-6-2024,7:48:42 AM
2-6-2024,7:48:44 AM
2-6-2024,7:49:28 AM
2-6-2024,7:49:56 AM
2-6-2024,7:50:06 AM
2-6-2024,7:51:03 AM
2-6-2024,7:52:24 AM
2-6-2024,7:52:38 AM
2-6-2024,7:53:25 AM
2-6-2024,7:53:28 AM
2-6-2024,7:53:57 AM
2-6-2024,7:55:31 AM
2-6-2024,7:55:42 AM
2-6-2024,7:56:25 AM
2-6-2024,7:58:12 AM
2-6-2024,7:59:48 AM
2-7-2024,6:00:13 AM
2-7-2024,6:00:23 AM
2-7-2024,6:00:27 AM
2-7-2024,6:01:13 AM
2-7-2024,6:01:19 AM
2-7-2024,6:03:06 AM
2-7-2024,6:04:16 AM
2-7-2024,6:04:18 AM
2-7-2024,6:04:58 AM
2-7-2024,6:05:01 AM
2-7-2024,6:05:32 AM
2-7-2024,6:05:38 AM
2-7-2024,6:05:39 AM
2-7-2024,6:05:57 AM
2-7-2024,6:06:44 AM
2-7-2024,6:08:06 AM
2-7-2024,6:09:01 AM
2-7-2024,6:09:23 AM
2-7-2024,6:09:48 AM
2-7-2024,6:09:49 AM
2-7-2024,6:09:54 AM
2-7-2024,6:10:04 AM
2-7-2024,6:10:16 AM
2-7-2024,6:12:40 AM
2-7-2024,6:13:05 AM
2-7-2024,6:13:07 AM
2-7-2024,6:13:10 AM
2-7-2024,6:13:34 AM
2-7-2024,6:13:45 AM
2-7-2024,6:15:26 AM
2-7-2024,6:15:50 AM
2-7-2024,6:16:16 AM
2-7-2024,6:16:23 AM
2-7-2024,6:16:55 AM
2-7-2024,6:17:10 AM
2-7-2024,6:18:03 AM
2-7-2024,6:18:54 AM
2-7-2024,6:20:38 AM
2-7-2024,6:20:43 AM
2-7-2024,6:21:26 AM
2-7-2024,6:22:34 AM
2-7-2024,6:22:37 AM
2-7-2024,6:23:25 AM
2-7-2024,6:24:12 AM
2-7-2024,6:24:36 AM
2-7-2024,6:24:44 AM
2-7-2024,6:25:01 AM
2-7-2024,6:25:43 AM
2-7-2024,6:26:24 AM
2-7-2024,6:26:42 AM
2-7-2024,6:26:53 AM
2-7-2024,6:27:27 AM
2-7-2024,6:27:37 AM
2-7-2024,6:27:39 AM
2-7-2024,6:28:29 AM
2-7-2024,6:28:50 AM
2-7-2024,6:29:15 AM
2-7-2024,6:29:20 AM
2-7-2024,6:29:33 AM
2-7-2024,6:29:36 AM
2-7-2024,6:29:37 AM
2-7-2024,6:29:50 AM
2-7-2024,6:32:29 AM
2-7-2024,6:32:34 AM
2-7-2024,6:33:20 AM
2-7-2024,6:34:09 AM
2-7-2024,6:34:48 AM
2-7-2024,6:34:56 AM
2-7-2024,6:35:13 AM
2-7-2024,6:35:28 AM
2-7-2024,6:35:30 AM
2-7-2024,6:35:32 AM
2-7-2024,6:37:31 AM
2-7-2024,6:39:00 AM
2-7-2024,6:39:02 AM
2-7-2024,6:39:20 AM
2-7-2024,6:39:23 AM
2-7-2024,6:39:42 AM
2-7-2024,6:40:11 AM
2-7-2024,6:41:36 AM
2-7-2024,6:41:37 AM
2-7-2024,6:42:03 AM
2-7-2024,6:42:32 AM
2-7-2024,6:42:45 AM
2-7-2024,6:42:45 AM
2-7-2024,6:43:34 AM
2-7-2024,6:44:32 AM
2-7-2024,6:45:19 AM
2-7-2024,6:45:38 AM
2-7-2024,6:45:56 AM
2-7-2024,6:46:20 AM
2-7-2024,6:46:44 AM
2-7-2024,6:49:18 AM
2-7-2024,6:50:40 AM
2-7-2024,6:50:45 AM
2-7-2024,6:50:50 AM
2-7-2024,6:50:59 AM
2-7-2024,6:51:18 AM
2-7-2024,6:52:18 AM
2-7-2024,6:52:41 AM
2-7-2024,6:54:02 AM
2-7-2024,6:54:31 AM
2-7-2024,6:55:15 AM
2-7-2024,6:55:35 AM
2-7-2024,6:55:43 AM
2-7-2024,6:55:57 AM
2-7-2024,6:56:09 AM
2-7-2024,6:57:34 AM
2-7-2024,6:58:33 AM
2-7-2024,6:59:50 AM
2-7-2024,6:59:59 AM
2-7-2024,7:00:45 AM
2-7-2024,7:01:00 AM
2-7-2024,7:01:23 AM
2-7-2024,7:02:43 AM
2-7-2024,7:03:42 AM
2-7-2024,7:04:16 AM
2-7-2024,7:06:59 AM
2-7-2024,7:08:19 AM
2-7-2024,7:08:36 AM
2-7-2024,7:09:05 AM
2-7-2024,7:09:21 AM
2-7-2024,7:09:42 AM
2-7-2024,7:09:53 AM
2-7-2024,7:11:23 AM
2-7-2024,7:11:35 AM
2-7-2024,7:11:37 AM
2-7-2024,7:12:19 AM
2-7-2024,7:12:34 AM
2-7-2024,7:13:31 AM
2-7-2024,7:13:40 AM
2-7-2024,7:14:51 AM
2-7-2024,7:15:28 AM
2-7-2024,7:16:24 AM
2-7-2024,7:17:49 AM
2-7-2024,7:18:12 AM
2-7-2024,7:20:06 AM
2-7-2024,7:21:42 AM
2-7-2024,7:22:01 AM
2-7-2024,7:22:05 AM
2-7-2024,7:22:38 AM
2-7-2024,7:23:19 AM
2-7-2024,7:23:21 AM
2-7-2024,7:24:17 AM
2-7-2024,7:24:29 AM
2-7-2024,7:25:04 AM
2-7-2024,7:25:46 AM
2-7-2024,7:25:57 AM
2-7-2024,7:26:39 AM
2-7-2024,7:27:20 AM
2-7-2024,7:28:40 AM
2-7-2024,7:30:13 AM
2-7-2024,7:30:21 AM
2-7-2024,7:31:24 AM
2-7-2024,7:33:39 AM
2-7-2024,7:35:49 AM
2-7-2024,7:37:17 AM
2-7-2024,7:37:17 AM
2-7-2024,7:37:32 AM
2-7-2024,7:40:57 AM
2-7-2024,7:41:23 AM
2-7-2024,7:42:50 AM
2-7-2024,7:42:55 AM
2-7-2024,7:43:12 AM
2-7-2024,7:43:26 AM
2-7-2024,7:44:06 AM
2-7-2024,7:44:16 AM
2-7-2024,7:45:42 AM
2-7-2024,7:47:09 AM
2-7-2024,7:47:25 AM
2-7-2024,7:47:57 AM
2-7-2024,7:48:50 AM
2-7-2024,7:49:32 AM
2-7-2024,7:50:08 AM
2-7-2024,7:51:08 AM
2-7-2024,7:51:22 AM
2-7-2024,7:51:24 AM
2-7-2024,7:52:39 AM
2-7-2024,7:52:47 AM
2-7-2024,7:53:07 AM
2-7-2024,7:53:08 AM
2-7-2024,7:53:13 AM
2-7-2024,7:55:38 AM
2-7-2024,7:55:44 AM
2-7-2024,7:56:00 AM
2-7-2024,7:56:04 AM
2-7-2024,7:56:05 AM
2-7-2024,7:57:00 AM
2-7-2024,7:57:40 AM
2-7-2024,7:58:06 AM
2-7-2024,7:59:03 AM
2-8-2024,6:00:01 AM
2-8-2024,6:00:20 AM
2-8-2024,6:00:35 AM
2-8-2024,6:00:48 AM
2-8-2024,6:01:51 AM
2-8-2024,6:02:03 AM
2-8-2024,6:02:10 AM
2-8-2024,6:04:12 AM
2-8-2024,6:05:03 AM
2-8-2024,6:05:14 AM
2-8-2024,6:05:55 AM
2-8-2024,6:07:05 AM
2-8-2024,6:07:47 AM
2-8-2024,6:07:50 AM
2-8-2024,6:07:56 AM
2-8-2024,6:08:20 AM
2-8-2024,6:08:31 AM
2-8-2024,6:08:43 AM
2-8-2024,6:11:01 AM
2-8-2024,6:12:06 AM
2-8-2024,6:12:23 AM
2-8-2024,6:12:39 AM
2-8-2024,6:13:03 AM
2-8-2024,6:13:48 AM
2-8-2024,6:13:54 AM
2-8-2024,6:14:19 AM
2-8-2024,6:14:32 AM
2-8-2024,6:14:57 AM
2-8-2024,6:15:10 AM
2-8-2024,6:15:14 AM
2-8-2024,6:16:36 AM
2-8-2024,6:16:46 AM
2-8-2024,6:18:25 AM
2-8-2024,6:18:56 AM
2-8-2024,6:19:23 AM
2-8-2024,6:20:20 AM
2-8-2024,6:21:51 AM
2-8-2024,6:21:53 AM
2-8-2024,6:22:26 AM
2-8-2024,6:22:26 AM
2-8-2024,6:23:33 AM
2-8-2024,6:23:52 AM
2-8-2024,6:24:02 AM
2-8-2024,6:24:11 AM
2-8-2024,6:24:18 AM
2-8-2024,6:24:57 AM
2-8-2024,6:27:16 AM
2-8-2024,6:27:45 AM
2-8-2024,6:27:47 AM
2-8-2024,6:28:27 AM
2-8-2024,6:28:41 AM
2-8-2024,6:29:19 AM
2-8-2024,6:29:19 AM
2-8-2024,6:30:00 AM
2-8-2024,6:30:03 AM
2-8-2024,6:30:11 AM
2-8-2024,6:30:33 AM
2-8-2024,6:31:28 AM
2-8-2024,6:32:24 AM
2-8-2024,6:32:46 AM
2-8-2024,6:33:17 AM
2-8-2024,6:34:13 AM
2-8-2024,6:35:10 AM
2-8-2024,6:36:03 AM
2-8-2024,6:36:40 AM
2-8-2024,6:37:08 AM
2-8-2024,6:38:09 AM
2-8-2024,6:38:24 AM
2-8-2024,6:39:23 AM
2-8-2024,6:39:30 AM
2-8-2024,6:39:56 AM
2-8-2024,6:40:12 AM
2-8-2024,6:40:43 AM
2-8-2024,6:41:45 AM
2-8-2024,6:41:49 AM
2-8-2024,6:42:18 AM
2-8-2024,6:42:38 AM
2-8-2024,6:42:41 AM
2-8-2024,6:44:17 AM
2-8-2024,6:44:33 AM
2-8-2024,6:45:00 AM
2-8-2024,6:46:14 AM
2-8-2024,6:47:07 AM
2-8-2024,6:47:47 AM
2-8-2024,6:47:47 AM
2-8-2024,6:48:35 AM
2-8-2024,6:49:05 AM
2-8-2024,6:49:20 AM
2-8-2024,6:49:39 AM
2-8-2024,6:50:04 AM
2-8-2024,6:50:39 AM
2-8-2024,6:51:00 AM
2-8-2024,6:51:18 AM
2-8-2024,6:52:10 AM
2-8-2024,6:53:17 AM
2-8-2024,6:53:40 AM
2-8-2024,6:54:02 AM
2-8-2024,6:54:30 AM
2-8-2024,6:55:39 AM
2-8-2024,6:56:42 AM
2-8-2024,6:56:54 AM
2-8-2024,6:57:01 AM
2-8-2024,6:57:20 AM
2-8-2024,6:57:47 AM
2-8-2024,6:58:31 AM
2-8-2024,6:59:06 AM
2-8-2024,6:59:33 AM
2-8-2024,6:59:35 AM
2-8-2024,6:59:46 AM
2-8-2024,6:59:54 AM
2-8-2024,7:00:00 AM
2-8-2024,7:00:13 AM
2-8-2024,7:00:22 AM
2-8-2024,7:01:09 AM
2-8-2024,7:01:46 AM
2-8-2024,7:02:35 AM
2-8-2024,7:02:56 AM
2-8-2024,7:03:25 AM
2-8-2024,7:03:45 AM
2-8-2024,7:04:01 AM
2-8-2024,7:04:21 AM
2-8-2024,7:05:34 AM
2-8-2024,7:06:41 AM
2-8-2024,7:07:13 AM
2-8-2024,7:07:18 AM
2-8-2024,7:07:43 AM
2-8-2024,7:07:48 AM
2-8-2024,7:07:54 AM
2-8-2024,7:08:54 AM
2-8-2024,7:09:07 AM
2-8-2024,7:09:18 AM
2-8-2024,7:09:31 AM
2-8-2024,7:09:36 AM
2-8-2024,7:09:40 AM
2-8-2024,7:09:58 AM
2-8-2024,7:10:10 AM
2-8-2024,7:11:21 AM
2-8-2024,7:11:24 AM
2-8-2024,7:11:29 AM
2-8-2024,7:11:55 AM
2-8-2024,7:12:25 AM
2-8-2024,7:14:03 AM
2-8-2024,7:16:30 AM
2-8-2024,7:16:50 AM
2-8-2024,7:16:59 AM
2-8-2024,7:17:31 AM
2-8-2024,7:18:14 AM
2-8-2024,7:18:19 AM
2-8-2024,7:18:57 AM
2-8-2024,7:20:08 AM
2-8-2024,7:20:47 AM
2-8-2024,7:21:10 AM
2-8-2024,7:21:15 AM
2-8-2024,7:21:26 AM
2-8-2024,7:21:54 AM
2-8-2024,7:22:16 AM
2-8-2024,7:22:28 AM
2-8-2024,7:24:36 AM
2-8-2024,7:25:22 AM
2-8-2024,7:25:24 AM
2-8-2024,7:26:26 AM
2-8-2024,7:26:41 AM
2-8-2024,7:27:49 AM
2-8-2024,7:28:31 AM
2-8-2024,7:28:50 AM
2-8-2024,7:30:02 AM
2-8-2024,7:30:11 AM
2-8-2024,7:31:02 AM
2-8-2024,7:31:18 AM
2-8-2024,7:31:35 AM
2-8-2024,7:31:36 AM
2-8-2024,7:32:33 AM
2-8-2024,7:32:56 AM
2-8-2024,7:33:21 AM
2-8-2024,7:34:16 AM
2-8-2024,7:34:53 AM
2-8-2024,7:35:01 AM
2-8-2024,7:35:19 AM
2-8-2024,7:36:28 AM
2-8-2024,7:36:41 AM
2-8-2024,7:37:23 AM
2-8-2024,7:38:42 AM
2-8-2024,7:39:13 AM
2-8-2024,7:39:32 AM
2-8-2024,7:43:14 AM
2-8-2024,7:44:24 AM
2-8-2024,7:45:11 AM
2-8-2024,7:46:28 AM
2-8-2024,7:46:29 AM
2-8-2024,7:46:33 AM
2-8-2024,7:46:42 AM
2-8-2024,7:46:51 AM
2-8-2024,7:47:10 AM
2-8-2024,7:47:16 AM
2-8-2024,7:47:54 AM
2-8-2024,7:48:33 AM
2-8-2024,7:49:27 AM
2-8-2024,7:51:11 AM
2-8-2024,7:51:37 AM
2-8-2024,7:53:09 AM
2-8-2024,7:53:10 AM
2-8-2024,7:55:15 AM
2-8-2024,7:55:35 AM
2-8-2024,7:56:26 AM
2-8-2024,7:57:22 AM
2-8-2024,7:57:24 AM
2-8-2024,7:58:13 AM
2-9-2024,6:00:49 AM
2-9-2024,6:01:04 AM
2-9-2024,6:01:17 AM
2-9-2024,6:01:18 AM
2-9-2024,6:01:24 AM
2-9-2024,6:02:57 AM
2-9-2024,6:02:59 AM
2-9-2024,6:03:45 AM
2-9-2024,6:04:12 AM
2-9-2024,6:04:18 AM
2-9-2024,6:04:50 AM
2-9-2024,6:04:50 AM
2-9-2024,6:04:52 AM
2-9-2024,6:05:28 AM
2-9-2024,6:05:30 AM
2-9-2024,6:05:44 AM
2-9-2024,6:06:17 AM
2-9-2024,6:06:23 AM
2-9-2024,6:07:07 AM
2-9-2024,6:07:56 AM
2-9-2024,6:08:16 AM
2-9-2024,6:08:34 AM
2-9-2024,6:09:13 AM
2-9-2024,6:10:06 AM
2-9-2024,6:12:58 AM
2-9-2024,6:14:09 AM
2-9-2024,6:14:28 AM
2-9-2024,6:14:54 AM
2-9-2024,6:14:57 AM
2-9-2024,6:15:34 AM
2-9-2024,6:15:48 AM
2-9-2024,6:16:02 AM
2-9-2024,6:16:53 AM
2-9-2024,6:16:53 AM
2-9-2024,6:17:37 AM
2-9-2024,6:17:41 AM
2-9-2024,6:18:32 AM
2-9-2024,6:18:47 AM
2-9-2024,6:19:08 AM
2-9-2024,6:19:29 AM
2-9-2024,6:19:31 AM
2-9-2024,6:19:39 AM
2-9-2024,6:20:40 AM
2-9-2024,6:21:04 AM
2-9-2024,6:21:13 AM
2-9-2024,6:21:27 AM
2-9-2024,6:23:40 AM
2-9-2024,6:24:08 AM
2-9-2024,6:24:24 AM
2-9-2024,6:24:42 AM
2-9-2024,6:24:46 AM
2-9-2024,6:25:00 AM
2-9-2024,6:26:10 AM
2-9-2024,6:26:39 AM
2-9-2024,6:26:48 AM
2-9-2024,6:26:59 AM
2-9-2024,6:27:09 AM
2-9-2024,6:27:19 AM
2-9-2024,6:27:25 AM
2-9-2024,6:27:57 AM
2-9-2024,6:28:18 AM
2-9-2024,6:29:33 AM
2-9-2024,6:29:51 AM
2-9-2024,6:31:54 AM
2-9-2024,6:32:04 AM
2-9-2024,6:32:05 AM
2-9-2024,6:32:22 AM
2-9-2024,6:32:57 AM
2-9-2024,6:33:26 AM
2-9-2024,6:33:30 AM
2-9-2024,6:34:33 AM
2-9-2024,6:35:37 AM
2-9-2024,6:37:52 AM
2-9-2024,6:37:54 AM
2-9-2024,6:38:05 AM
2-9-2024,6:38:45 AM
2-9-2024,6:38:47 AM
2-9-2024,6:40:07 AM
2-9-2024,6:40:41 AM
2-9-2024,6:40:48 AM
2-9-2024,6:41:03 AM
2-9-2024,6:42:12 AM
2-9-2024,6:43:07 AM
2-9-2024,6:43:19 AM
2-9-2024,6:43:40 AM
2-9-2024,6:44:03 AM
2-9-2024,6:44:20 AM
2-9-2024,6:44:40 AM
2-9-2024,6:45:55 AM
2-9-2024,6:46:18 AM
2-9-2024,6:46:21 AM
2-9-2024,6:46:24 AM
2-9-2024,6:46:28 AM
2-9-2024,6:46:51 AM
2-9-2024,6:47:07 AM
2-9-2024,6:47:09 AM
2-9-2024,6:48:12 AM
2-9-2024,6:48:14 AM
2-9-2024,6:48:33 AM
2-9-2024,6:49:34 AM
2-9-2024,6:49:53 AM
2-9-2024,6:50:29 AM
2-9-2024,6:51:38 AM
2-9-2024,6:51:46 AM
2-9-2024,6:51:52 AM
2-9-2024,6:51:58 AM
2-9-2024,6:52:11 AM
2-9-2024,6:52:17 AM
2-9-2024,6:53:16 AM
2-9-2024,6:53:31 AM
2-9-2024,6:53:34 AM
2-9-2024,6:53:38 AM
2-9-2024,6:53:48 AM
2-9-2024,6:53:49 AM
2-9-2024,6:54:14 AM
2-9-2024,6:54:17 AM
2-9-2024,6:54:57 AM
2-9-2024,6:55:00 AM
2-9-2024,6:56:34 AM
2-9-2024,6:56:51 AM
2-9-2024,6:56:57 AM
2-9-2024,6:57:34 AM
2-9-2024,6:57:58 AM
2-9-2024,6:58:00 AM
2-9-2024,6:58:33 AM
2-9-2024,6:58:35 AM
2-9-2024,6:59:08 AM
2-9-2024,6:59:13 AM
2-9-2024,6:59:15 AM
2-9-2024,6:59:48 AM
2-9-2024,6:59:56 AM
2-9-2024,7:01:11 AM
2-9-2024,7:01:30 AM
2-9-2024,7:01:32 AM
2-9-2024,7:01:48 AM
2-9-2024,7:02:01 AM
2-9-2024,7:02:18 AM
2-9-2024,7:02:48 AM
2-9-2024,7:03:02 AM
2-9-2024,7:04:09 AM
2-9-2024,7:04:24 AM
2-9-2024,7:04:29 AM
2-9-2024,7:04:55 AM
2-9-2024,7:05:17 AM
2-9-2024,7:05:52 AM
2-9-2024,7:07:07 AM
2-9-2024,7:07:11 AM
2-9-2024,7:07:25 AM
2-9-2024,7:07:26 AM
2-9-2024,7:07:30 AM
2-9-2024,7:08:39 AM
2-9-2024,7:08:55 AM
2-9-2024,7:09:38 AM
2-9-2024,7:11:36 AM
2-9-2024,7:11:52 AM
2-9-2024,7:11:55 AM
2-9-2024,7:13:28 AM
2-9-2024,7:13:56 AM
2-9-2024,7:15:39 AM
2-9-2024,7:15:56 AM
2-9-2024,7:16:25 AM
2-9-2024,7:16:38 AM
2-9-2024,7:17:29 AM
2-9-2024,7:17:29 AM
2-9-2024,7:17:48 AM
2-9-2024,7:18:26 AM
2-9-2024,7:19:39 AM
2-9-2024,7:19:43 AM
2-9-2024,7:20:09 AM
2-9-2024,7:20:10 AM
2-9-2024,7:20:30 AM
2-9-2024,7:22:01 AM
2-9-2024,7:22:45 AM
2-9-2024,7:23:15 AM
2-9-2024,7:23:20 AM
2-9-2024,7:23:38 AM
2-9-2024,7:24:20 AM
2-9-2024,7:25:50 AM
2-9-2024,7:25:55 AM
2-9-2024,7:26:30 AM
2-9-2024,7:27:19 AM
2-9-2024,7:27:36 AM
2-9-2024,7:27:53 AM
2-9-2024,7:28:22 AM
2-9-2024,7:28:57 AM
2-9-2024,7:29:56 AM
2-9-2024,7:30:36 AM
2-9-2024,7:30:37 AM
2-9-2024,7:31:37 AM
2-9-2024,7:33:14 AM
2-9-2024,7:33:31 AM
2-9-2024,7:33:57 AM
2-9-2024,7:34:20 AM
2-9-2024,7:34:20 AM
2-9-2024,7:35:27 AM
2-9-2024,7:35:53 AM
2-9-2024,7:36:19 AM
2-9-2024,7:37:33 AM
2-9-2024,7:39:01 AM
2-9-2024,7:40:12 AM
2-9-2024,7:40:57 AM
2-9-2024,7:42:03 AM
2-9-2024,7:42:24 AM
2-9-2024,7:42:24 AM
2-9-2024,7:42:48 AM
2-9-2024,7:44:11 AM
2-9-2024,7:44:29 AM
2-9-2024,7:45:13 AM
2-9-2024,7:45:25 AM
2-9-2024,7:45:46 AM
2-9-2024,7:46:15 AM
2-9-2024,7:46:31 AM
2-9-2024,7:46:38 AM
2-9-2024,7:47:00 AM
2-9-2024,7:47:08 AM
2-9-2024,7:47:32 AM
2-9-2024,7:47:58 AM
2-9-2024,7:48:12 AM
2-9-2024,7:50:06 AM
2-9-2024,7:50:26 AM
2-9-2024,7:51:33 AM
2-9-2024,7:52:28 AM
2-9-2024,7:52:38 AM
2-9-2024,7:52:46 AM
2-9-2024,7:53:50 AM
2-9-2024,7:54:11 AM
2-9-2024,7:55:12 AM
2-9-2024,7:55:38 AM
2-9-2024,7:55:38 AM
2-9-2024,7:55:40 AM
2-9-2024,7:56:42 AM
2-9-2024,7:56:47 AM
2-9-2024,7:57:11 AM
2-9-2024,7:57:20 AM
2-9-2024,7:57:44 AM
2-9-2024,7:57:57 AM
2-9-2024,7:59:15 AM
2-10-2024,6:00:09 AM
2-10-2024,6:00:17 AM
2-10-2024,6:00:31 AM
2-10-2024,6:00:41 AM
2-10-2024,6:00:54 AM
2-10-2024,6:01:20 AM
2-10-2024,6:01:40 AM
2-10-2024,6:03:02 AM
2-10-2024,6:03:04 AM
2-10-2024,6:03:32 AM
2-10-2024,6:04:26 AM
2-10-2024,6:04:37 AM
2-10-2024,6:04:59 AM
2-10-2024,6:05:23 AM
2-10-2024,6:05:30 AM
2-10-2024,6:06:33 AM
2-10-2024,6:06:50 AM
2-10-2024,6:08:24 AM
2-10-2024,6:09:11 AM
2-10-2024,6:09:47 AM
2-10-2024,6:10:25 AM
2-10-2024,6:10:29 AM
2-10-2024,6:12:10 AM
2-10-2024,6:13:13 AM
2-10-2024,6:14:14 AM
2-10-2024,6:14:22 AM
2-10-2024,6:14:37 AM
2-10-2024,6:15:05 AM
2-10-2024,6:15:52 AM
2-10-2024,6:16:55 AM
2-10-2024,6:20:37 AM
2-10-2024,6:21:24 AM
2-10-2024,6:21:25 AM
2-10-2024,6:22:04 AM
2-10-2024,6:22:27 AM
2-10-2024,6:23:00 AM
2-10-2024,6:23:50 AM
2-10-2024,6:25:04 AM
2-10-2024,6:25:55 AM
2-10-2024,6:25:56 AM
2-10-2024,6:26:46 AM
2-10-2024,6:27:00 AM
2-10-2024,6:27:14 AM
2-10-2024,6:27:44 AM
2-10-2024,6:27:47 AM
2-10-2024,6:27:49 AM
2-10-2024,6:28:06 AM
2-10-2024,6:28:18 AM
2-10-2024,6:28:24 AM
2-10-2024,6:28:56 AM
2-10-2024,6:29:31 AM
2-10-2024,6:30:02 AM
2-10-2024,6:30:46 AM
2-10-2024,6:31:09 AM
2-10-2024,6:31:35 AM
2-10-2024,6:31:40 AM
2-10-2024,6:34:32 AM
2-10-2024,6:35:20 AM
2-10-2024,6:35:46 AM
2-10-2024,6:36:37 AM
2-10-2024,6:36:37 AM
2-10-2024,6:36:52 AM
2-10-2024,6:37:37 AM
2-10-2024,6:37:50 AM
2-10-2024,6:41:53 AM
2-10-2024,6:42:56 AM
2-10-2024,6:43:19 AM
2-10-2024,6:44:31 AM
2-10-2024,6:45:08 AM
2-10-2024,6:45:16 AM
2-10-2024,6:45:39 AM
2-10-2024,6:46:42 AM
2-10-2024,6:47:42 AM
2-10-2024,6:47:57 AM
2-10-2024,6:48:23 AM
2-10-2024,6:49:06 AM
2-10-2024,6:49:07 AM
2-10-2024,6:49:26 AM
2-10-2024,6:49:47 AM
2-10-2024,6:50:04 AM
2-10-2024,6:50:44 AM
2-10-2024,6:53:39 AM
2-10-2024,6:53:59 AM
2-10-2024,6:55:19 AM
2-10-2024,6:55:36 AM
2-10-2024,6:55:59 AM
2-10-2024,6:56:50 AM
2-10-2024,6:57:32 AM
2-10-2024,6:58:04 AM
2-10-2024,6:58:14 AM
2-10-2024,6:58:14 AM
2-10-2024,6:59:29 AM
2-10-2024,7:00:20 AM
2-10-2024,7:00:58 AM
2-10-2024,7:01:22 AM
2-10-2024,7:02:10 AM
2-10-2024,7:02:26 AM
2-10-2024,7:02:30 AM
2-10-2024,7:02:50 AM
2-10-2024,7:03:01 AM
2-10-2024,7:03:59 AM
2-10-2024,7:04:52 AM
2-10-2024,7:05:09 AM
2-10-2024,7:05:31 AM
2-10-2024,7:05:31 AM
2-10-2024,7:05:32 AM
2-10-2024,7:05:57 AM
2-10-2024,7:06:34 AM
2-10-2024,7:06:52 AM
2-10-2024,7:06:53 AM
2-10-2024,7:07:19 AM
2-10-2024,7:07:25 AM
2-10-2024,7:07:45 AM
2-10-2024,7:08:03 AM
2-10-2024,7:08:07 AM
2-10-2024,7:08:09 AM
2-10-2024,7:08:17 AM
2-10-2024,7:08:18 AM
2-10-2024,7:09:47 AM
2-10-2024,7:10:26 AM
2-10-2024,7:10:54 AM
2-10-2024,7:11:10 AM
2-10-2024,7:11:31 AM
2-10-2024,7:11:52 AM
2-10-2024,7:14:47 AM
2-10-2024,7:15:06 AM
2-10-2024,7:15:14 AM
2-10-2024,7:16:01 AM
2-10-2024,7:16:27 AM
2-10-2024,7:18:21 AM
2-10-2024,7:18:21 AM
2-10-2024,7:19:13 AM
2-10-2024,7:19:52 AM
2-10-2024,7:21:10 AM
2-10-2024,7:21:16 AM
2-10-2024,7:23:22 AM
2-10-2024,7:23:41 AM
2-10-2024,7:24:02 AM
2-10-2024,7:24:54 AM
2-10-2024,7:26:11 AM
2-10-2024,7:27:13 AM
2-10-2024,7:27:40 AM
2-10-2024,7:27:50 AM
2-10-2024,7:30:10 AM
2-10-2024,7:31:04 AM
2-10-2024,7:31:07 AM
2-10-2024,7:31:26 AM
2-10-2024,7:31:45 AM
2-10-2024,7:33:35 AM
2-10-2024,7:34:09 AM
2-10-2024,7:34:25 AM
2-10-2024,7:35:48 AM
2-10-2024,7:35:50 AM
2-10-2024,7:36:17 AM
2-10-2024,7:36:37 AM
2-10-2024,7:36:38 AM
2-10-2024,7:37:00 AM
2-10-2024,7:37:45 AM
2-10-2024,7:38:37 AM
2-10-2024,7:39:22 AM
2-10-2024,7:39:31 AM
2-10-2024,7:40:12 AM
2-10-2024,7:40:13 AM
2-10-2024,7:40:32 AM
2-10-2024,7:40:33 AM
2-10-2024,7:41:08 AM
2-10-2024,7:42:16 AM
2-10-2024,7:42:36 AM
2-10-2024,7:42:59 AM
2-10-2024,7:43:35 AM
2-10-2024,7:43:37 AM
2-10-2024,7:44:30 AM
2-10-2024,7:46:55 AM
2-10-2024,7:47:50 AM
2-10-2024,7:48:06 AM
2-10-2024,7:49:24 AM
2-10-2024,7:50:22 AM
2-10-2024,7:50:43 AM
2-10-2024,7:51:18 AM
2-10-2024,7:52:30 AM
2-10-2024,7:53:09 AM
2-10-2024,7:53:21 AM
2-10-2024,7:53:32 AM
2-10-2024,7:54:19 AM
2-10-2024,7:55:34 AM
2-10-2024,7:56:38 AM
2-10-2024,7:57:09 AM
2-10-2024,7:57:49 AM
2-10-2024,7:58:05 AM
2-10-2024,7:58:12 AM
2-10-2024,7:58:29 AM
2-10-2024,7:59:23 AM
2-11-2024,6:00:16 AM
2-11-2024,6:00:33 AM
2-11-2024,6:00:41 AM
2-11-2024,6:00:45 AM
2-11-2024,6:00:48 AM
2-11-2024,6:01:55 AM
2-11-2024,6:02:17 AM
2-11-2024,6:04:21 AM
2-11-2024,6:04:44 AM
2-11-2024,6:04:49 AM
2-11-2024,6:04:58 AM
2-11-2024,6:05:35 AM
2-11-2024,6:06:08 AM
2-11-2024,6:06:17 AM
2-11-2024,6:06:28 AM
2-11-2024,6:06:39 AM
2-11-2024,6:07:35 AM
2-11-2024,6:07:42 AM
2-11-2024,6:07:55 AM
2-11-2024,6:07:56 AM
2-11-2024,6:08:29 AM
2-11-2024,6:08:37 AM
2-11-2024,6:09:19 AM
2-11-2024,6:09:51 AM
2-11-2024,6:10:07 AM
2-11-2024,6:10:44 AM
2-11-2024,6:11:09 AM
2-11-2024,6:12:22 AM
2-11-2024,6:12:41 AM
2-11-2024,6:12:41 AM
2-11-2024,6:12:52 AM
2-11-2024,6:12:59 AM
2-11-2024,6:13:58 AM
2-11-2024,6:15:09 AM
2-11-2024,6:15:29 AM
2-11-2024,6:15:33 AM
2-11-2024,6:15:36 AM
2-11-2024,6:15:37 AM
2-11-2024,6:16:05 AM
2-11-2024,6:16:18 AM
2-11-2024,6:16:19 AM
2-11-2024,6:16:21 AM
2-11-2024,6:16:46 AM
2-11-2024,6:16:58 AM
2-11-2024,6:17:29 AM
2-11-2024,6:17:56 AM
2-11-2024,6:18:05 AM
2-11-2024,6:18:19 AM
2-11-2024,6:18:52 AM
2-11-2024,6:18:54 AM
2-11-2024,6:18:57 AM
2-11-2024,6:19:17 AM
2-11-2024,6:19:53 AM
2-11-2024,6:19:58 AM
2-11-2024,6:21:08 AM
2-11-2024,6:21:27 AM
2-11-2024,6:21:53 AM
2-11-2024,6:21:56 AM
2-11-2024,6:22:46 AM
2-11-2024,6:23:30 AM
2-11-2024,6:23:51 AM
2-11-2024,6:24:04 AM
2-11-2024,6:24:05 AM
2-11-2024,6:26:09 AM
2-11-2024,6:26:32 AM
2-11-2024,6:26:51 AM
2-11-2024,6:27:32 AM
2-11-2024,6:28:15 AM
2-11-2024,6:28:27 AM
2-11-2024,6:28:28 AM
2-11-2024,6:29:10 AM
2-11-2024,6:29:40 AM
2-11-2024,6:30:03 AM
2-11-2024,6:30:17 AM
2-11-2024,6:30:17 AM
2-11-2024,6:30:33 AM
2-11-2024,6:30:59 AM
2-11-2024,6:31:14 AM
2-11-2024,6:31:20 AM
2-11-2024,6:31:25 AM
2-11-2024,6:31:28 AM
2-11-2024,6:31:28 AM
2-11-2024,6:31:45 AM
2-11-2024,6:31:48 AM
2-11-2024,6:31:50 AM
2-11-2024,6:31:52 AM
2-11-2024,6:31:57 AM
2-11-2024,6:32:03 AM
2-11-2024,6:32:36 AM
2-11-2024,6:33:23 AM
2-11-2024,6:33:25 AM
2-11-2024,6:33:46 AM
2-11-2024,6:33:50 AM
2-11-2024,6:34:04 AM
2-11-2024,6:34:16 AM
2-11-2024,6:35:01 AM
2-11-2024,6:35:47 AM
2-11-2024,6:35:58 AM
2-11-2024,6:36:22 AM
2-11-2024,6:37:11 AM
2-11-2024,6:38:52 AM
2-11-2024,6:38:57 AM
2-11-2024,6:38:59 AM
2-11-2024,6:39:17 AM
2-11-2024,6:39:30 AM
2-11-2024,6:39:32 AM
2-11-2024,6:39:54 AM
2-11-2024,6:40:02 AM
2-11-2024,6:41:24 AM
2-11-2024,6:43:02 AM
2-11-2024,6:43:06 AM
2-11-2024,6:43:42 AM
2-11-2024,6:43:43 AM
2-11-2024,6:43:54 AM
2-11-2024,6:43:57 AM
2-11-2024,6:44:02 AM
2-11-2024,6:44:13 AM
2-11-2024,6:44:41 AM
2-11-2024,6:45:03 AM
2-11-2024,6:46:07 AM
2-11-2024,6:46:34 AM
2-11-2024,6:46:34 AM
2-11-2024,6:46:35 AM
2-11-2024,6:46:49 AM
2-11-2024,6:46:56 AM
2-11-2024,6:47:09 AM
2-11-2024,6:48:04 AM
2-11-2024,6:48:04 AM
2-11-2024,6:48:23 AM
2-11-2024,6:48:32 AM
2-11-2024,6:48:34 AM
2-11-2024,6:49:15 AM
2-11-2024,6:49:24 AM
2-11-2024,6:49:31 AM
2-11-2024,6:49:42 AM
2-11-2024,6:50:01 AM
2-11-2024,6:50:12 AM
2-11-2024,6:50:23 AM
2-11-2024,6:50:34 AM
2-11-2024,6:51:36 AM
2-11-2024,6:51:56 AM
2-11-2024,6:52:02 AM
2-11-2024,6:52:13 AM
2-11-2024,6:52:22 AM
2-11-2024,6:52:27 AM
2-11-2024,6:52:53 AM
2-11-2024,6:53:04 AM
2-11-2024,6:53:21 AM
2-11-2024,6:53:22 AM
2-11-2024,6:53:56 AM
2-11-2024,6:54:11 AM
2-11-2024,6:55:05 AM
2-11-2024,6:55:15 AM
2-11-2024,6:55:34 AM
2-11-2024,6:55:56 AM
2-11-2024,6:56:06 AM
2-11-2024,6:56:49 AM
2-11-2024,6:57:44 AM
2-11-2024,6:58:39 AM
2-11-2024,6:59:29 AM
2-11-2024,6:00:21 AM
2-11-2024,6:00:57 AM
2-11-2024,6:03:08 AM
2-11-2024,6:03:47 AM
2-11-2024,6:04:38 AM
2-11-2024,6:05:04 AM
2-11-2024,6:05:13 AM
2-11-2024,6:06:25 AM
2-11-2024,6:06:47 AM
2-11-2024,6:07:14 AM
2-11-2024,6:07:52 AM
2-11-2024,6:10:36 AM
2-11-2024,6:11:06 AM
2-11-2024,6:12:06 AM
2-11-2024,6:14:54 AM
2-11-2024,6:16:41 AM
2-11-2024,6:18:19 AM
2-11-2024,6:19:18 AM
2-11-2024,6:20:09 AM
2-11-2024,6:20:19 AM
2-11-2024,6:21:19 AM
2-11-2024,6:21:56 AM
2-11-2024,6:23:09 AM
2-11-2024,6:24:15 AM
2-11-2024,6:26:46 AM
2-11-2024,6:27:09 AM
2-11-2024,6:27:40 AM
2-11-2024,6:28:46 AM
2-11-2024,6:29:13 AM
2-11-2024,6:30:26 AM
2-11-2024,6:31:33 AM
2-11-2024,6:31:57 AM
2-11-2024,6:32:27 AM
2-11-2024,6:34:12 AM
2-11-2024,6:35:22 AM
2-11-2024,6:36:48 AM
2-11-2024,6:37:01 AM
2-11-2024,6:38:29 AM
2-11-2024,6:39:53 AM
2-11-2024,6:41:44 AM
2-11-2024,6:45:14 AM
2-11-2024,6:47:47 AM
2-11-2024,6:48:54 AM
2-11-2024,6:49:21 AM
2-11-2024,6:50:06 AM
2-11-2024,6:51:48 AM
2-11-2024,6:52:21 AM
2-11-2024,6:53:48 AM
2-11-2024,6:57:34 AM
2-11-2024,6:57:40 AM
2-11-2024,6:58:15 AM
2-11-2024,6:58:44 AM
2-11-2024,6:59:29 AM
2-11-2024,7:00:15 AM
2-11-2024,7:00:25 AM
2-11-2024,7:00:39 AM
2-11-2024,7:01:04 AM
2-11-2024,7:01:12 AM
2-11-2024,7:01:20 AM
2-11-2024,7:01:57 AM
2-11-2024,7:02:08 AM
2-11-2024,7:02:21 AM
2-11-2024,7:03:41 AM
2-11-2024,7:03:43 AM
2-11-2024,7:03:46 AM
2-11-2024,7:04:08 AM
2-11-2024,7:04:14 AM
2-11-2024,7:04:16 AM
2-11-2024,7:04:25 AM
2-11-2024,7:06:05 AM
2-11-2024,7:06:48 AM
2-11-2024,7:08:11 AM
2-11-2024,7:09:30 AM
2-11-2024,7:09:46 AM
2-11-2024,7:09:56 AM
2-11-2024,7:10:02 AM
2-11-2024,7:10:20 AM
2-11-2024,7:10:22 AM
2-11-2024,7:11:05 AM
2-11-2024,7:11:52 AM
2-11-2024,7:11:53 AM
2-11-2024,7:11:55 AM
2-11-2024,7:11:59 AM
2-11-2024,7:13:44 AM
2-11-2024,7:14:08 AM
2-11-2024,7:14:59 AM
2-11-2024,7:15:25 AM
2-11-2024,7:15:46 AM
2-11-2024,7:15:57 AM
2-11-2024,7:16:02 AM
2-11-2024,7:16:13 AM
2-11-2024,7:16:46 AM
2-11-2024,7:17:21 AM
2-11-2024,7:18:36 AM
2-11-2024,7:18:39 AM
2-11-2024,7:18:41 AM
2-11-2024,7:18:45 AM
2-11-2024,7:18:58 AM
2-11-2024,7:19:31 AM
2-11-2024,7:19:37 AM
2-11-2024,7:19:40 AM
2-11-2024,7:19:50 AM
2-11-2024,7:20:26 AM
2-11-2024,7:20:34 AM
2-11-2024,7:21:23 AM
2-11-2024,7:21:35 AM
2-11-2024,7:21:37 AM
2-11-2024,7:21:42 AM
2-11-2024,7:23:28 AM
2-11-2024,7:23:57 AM
2-11-2024,7:23:58 AM
2-11-2024,7:24:18 AM
2-11-2024,7:24:32 AM
2-11-2024,7:24:45 AM
2-11-2024,7:24:58 AM
2-11-2024,7:25:06 AM
2-11-2024,7:25:07 AM
2-11-2024,7:25:38 AM
2-11-2024,7:27:04 AM
2-11-2024,7:27:13 AM
2-11-2024,7:27:40 AM
2-11-2024,7:28:02 AM
2-11-2024,7:28:14 AM
2-11-2024,7:28:42 AM
2-11-2024,7:29:14 AM
2-11-2024,7:29:50 AM
2-11-2024,7:29:53 AM
2-11-2024,7:29:55 AM
2-11-2024,7:31:05 AM
2-11-2024,7:32:13 AM
2-11-2024,7:32:41 AM
2-11-2024,7:33:17 AM
2-11-2024,7:33:30 AM
2-11-2024,7:33:59 AM
2-11-2024,7:34:19 AM
2-11-2024,7:34:26 AM
2-11-2024,7:35:03 AM
2-11-2024,7:35:24 AM
2-11-2024,7:35:37 AM
2-11-2024,7:36:07 AM
2-11-2024,7:36:25 AM
2-11-2024,7:38:33 AM
2-11-2024,7:38:44 AM
2-11-2024,7:39:04 AM
2-11-2024,7:39:17 AM
2-11-2024,7:39:46 AM
2-11-2024,7:40:05 AM
2-11-2024,7:41:55 AM
2-11-2024,7:42:21 AM
2-11-2024,7:42:54 AM
2-11-2024,7:43:04 AM
2-11-2024,7:43:51 AM
2-11-2024,7:44:10 AM
2-11-2024,7:44:55 AM
2-11-2024,7:45:19 AM
2-11-2024,7:45:32 AM
2-11-2024,7:45:35 AM
2-11-2024,7:45:44 AM
2-11-2024,7:46:55 AM
2-11-2024,7:48:47 AM
2-11-2024,7:49:01 AM
2-11-2024,7:51:33 AM
2-11-2024,7:52:32 AM
2-11-2024,7:54:39 AM
2-11-2024,7:54:48 AM
2-11-2024,7:55:34 AM
2-11-2024,7:55:58 AM
2-11-2024,7:56:12 AM
2-11-2024,7:56:18 AM
2-11-2024,7:57:03 AM
2-11-2024,7:57:51 AM
2-11-2024,7:58:15 AM
2-11-2024,7:58:36 AM
2-11-2024,7:58:52 AM
2-11-2024,7:58:55 AM
2-11-2024,7:59:19 AM
2-11-2024,7:59:29 AM
2-11-2024,7:01:05 AM
2-11-2024,7:02:13 AM
2-11-2024,7:03:08 AM
2-11-2024,7:04:26 AM
2-11-2024,7:06:13 AM
2-11-2024,7:06:41 AM
2-11-2024,7:08:11 AM
2-11-2024,7:08:57 AM
2-11-2024,7:10:39 AM
2-11-2024,7:10:48 AM
2-11-2024,7:11:27 AM
2-11-2024,7:11:45 AM
2-11-2024,7:12:09 AM
2-11-2024,7:13:06 AM
2-11-2024,7:13:40 AM
2-11-2024,7:14:25 AM
2-11-2024,7:15:17 AM
2-11-2024,7:17:22 AM
2-11-2024,7:19:02 AM
2-11-2024,7:19:35 AM
2-11-2024,7:20:08 AM
2-11-2024,7:20:42 AM
2-11-2024,7:21:37 AM
2-11-2024,7:22:04 AM
2-11-2024,7:24:40 AM
2-11-2024,7:25:05 AM
2-11-2024,7:27:27 AM
2-11-2024,7:28:04 AM
2-11-2024,7:28:32 AM
2-11-2024,7:29:09 AM
2-11-2024,7:29:36 AM
2-11-2024,7:30:14 AM
2-11-2024,7:30:56 AM
2-11-2024,7:33:01 AM
2-11-2024,7:35:26 AM
2-11-2024,7:36:54 AM
2-11-2024,7:37:13 AM
2-11-2024,7:37:17 AM
2-11-2024,7:38:50 AM
2-11-2024,7:41:32 AM
2-11-2024,7:43:06 AM
2-11-2024,7:44:29 AM
2-11-2024,7:45:26 AM
2-11-2024,7:47:29 AM
2-11-2024,7:48:25 AM
2-11-2024,7:48:59 AM
2-11-2024,7:49:24 AM
2-11-2024,7:50:33 AM
2-11-2024,7:52:42 AM
2-11-2024,7:56:59 AM
2-11-2024,7:59:09 AM
2-12-2024,6:00:32 AM
2-12-2024,6:02:15 AM
2-12-2024,6:03:47 AM
2-12-2024,6:04:30 AM
2-12-2024,6:04:51 AM
2-12-2024,6:05:06 AM
2-12-2024,6:05:54 AM
2-12-2024,6:06:26 AM
2-12-2024,6:06:35 AM
2-12-2024,6:07:19 AM
2-12-2024,6:08:09 AM
2-12-2024,6:10:57 AM
2-12-2024,6:11:24 AM
2-12-2024,6:14:50 AM
2-12-2024,6:16:01 AM
2-12-2024,6:17:54 AM
2-12-2024,6:19:12 AM
2-12-2024,6:20:08 AM
2-12-2024,6:20:18 AM
2-12-2024,6:20:58 AM
2-12-2024,6:21:55 AM
2-12-2024,6:22:23 AM
2-12-2024,6:23:59 AM
2-12-2024,6:25:36 AM
2-12-2024,6:27:09 AM
2-12-2024,6:27:39 AM
2-12-2024,6:28:34 AM
2-12-2024,6:28:58 AM
2-12-2024,6:30:05 AM
2-12-2024,6:30:17 AM
2-12-2024,6:31:16 AM
2-12-2024,6:31:50 AM
2-12-2024,6:32:09 AM
2-12-2024,6:34:04 AM
2-12-2024,6:34:16 AM
2-12-2024,6:35:54 AM
2-12-2024,6:36:58 AM
2-12-2024,6:38:24 AM
2-12-2024,6:38:46 AM
2-12-2024,6:40:00 AM
2-12-2024,6:44:41 AM
2-12-2024,6:47:14 AM
2-12-2024,6:48:13 AM
2-12-2024,6:49:06 AM
2-12-2024,6:49:53 AM
2-12-2024,6:50:53 AM
2-12-2024,6:52:06 AM
2-12-2024,6:53:03 AM
2-12-2024,6:56:26 AM
2-12-2024,6:57:38 AM
2-12-2024,6:58:09 AM
2-12-2024,6:58:17 AM
2-12-2024,6:59:19 AM
2-12-2024,7:01:01 AM
2-12-2024,7:02:06 AM
2-12-2024,7:02:30 AM
2-12-2024,7:04:06 AM
2-12-2024,7:06:06 AM
2-12-2024,7:06:28 AM
2-12-2024,7:07:46 AM
2-12-2024,7:08:50 AM
2-12-2024,7:09:09 AM
2-12-2024,7:10:41 AM
2-12-2024,7:11:09 AM
2-12-2024,7:11:35 AM
2-12-2024,7:12:04 AM
2-12-2024,7:12:26 AM
2-12-2024,7:12:52 AM
2-12-2024,7:13:37 AM
2-12-2024,7:14:20 AM
2-12-2024,7:15:03 AM
2-12-2024,7:15:30 AM
2-12-2024,7:16:30 AM
2-12-2024,7:17:40 AM
2-12-2024,7:17:50 AM
2-12-2024,7:18:02 AM
2-12-2024,7:19:06 AM
2-12-2024,7:19:46 AM
2-12-2024,7:20:17 AM
2-12-2024,7:21:28 AM
2-12-2024,7:21:39 AM
2-12-2024,7:22:34 AM
2-12-2024,7:24:49 AM
2-12-2024,7:25:05 AM
2-12-2024,7:27:28 AM
2-12-2024,7:28:28 AM
2-12-2024,7:28:39 AM
2-12-2024,7:29:33 AM
2-12-2024,7:29:52 AM
2-12-2024,7:30:35 AM
2-12-2024,7:31:17 AM
2-12-2024,7:33:27 AM
2-12-2024,7:36:20 AM
2-12-2024,7:37:00 AM
2-12-2024,7:37:41 AM
2-12-2024,7:38:34 AM
2-12-2024,7:38:44 AM
2-12-2024,7:38:47 AM
2-12-2024,7:38:53 AM
2-12-2024,7:39:08 AM
2-12-2024,7:42:41 AM
2-12-2024,7:44:16 AM
2-12-2024,7:45:25 AM
2-12-2024,7:46:04 AM
2-12-2024,7:47:41 AM
2-12-2024,7:48:43 AM
2-12-2024,7:49:19 AM
2-12-2024,7:49:46 AM
2-12-2024,7:50:24 AM
2-12-2024,7:51:34 AM
2-12-2024,7:52:21 AM
2-12-2024,7:53:11 AM
2-12-2024,7:57:59 AM
2-12-2024,7:59:10 AM
2/13/2024,6:00:07 AM
2/13/2024,6:00:25 AM
2/13/2024,6:00:54 AM
2/13/2024,6:01:10 AM
2/13/2024,6:01:15 AM
2/13/2024,6:01:23 AM
2/13/2024,6:01:55 AM
2/13/2024,6:02:09 AM
2/13/2024,6:02:40 AM
2/13/2024,6:02:41 AM
2/13/2024,6:03:14 AM
2/13/2024,6:03:39 AM
2/13/2024,6:04:10 AM
2/13/2024,6:04:39 AM
2/13/2024,6:04:50 AM
2/13/2024,6:05:07 AM
2/13/2024,6:06:18 AM
2/13/2024,6:07:55 AM
2/13/2024,6:08:16 AM
2/13/2024,6:08:52 AM
2/13/2024,6:09:16 AM
2/13/2024,6:10:01 AM
2/13/2024,6:10:30 AM
2/13/2024,6:10:39 AM
2/13/2024,6:11:16 AM
2/13/2024,6:12:50 AM
2/13/2024,6:14:04 AM
2/13/2024,6:14:56 AM
2/13/2024,6:15:14 AM
2/13/2024,6:15:23 AM
2/13/2024,6:16:29 AM
2/13/2024,6:17:07 AM
2/13/2024,6:18:04 AM
2/13/2024,6:18:43 AM
2/13/2024,6:18:46 AM
2/13/2024,6:19:48 AM
2/13/2024,6:19:55 AM
2/13/2024,6:20:30 AM
2/13/2024,6:21:28 AM
2/13/2024,6:21:43 AM
2/13/2024,6:22:34 AM
2/13/2024,6:22:50 AM
2/13/2024,6:23:14 AM
2/13/2024,6:23:19 AM
2/13/2024,6:23:24 AM
2/13/2024,6:23:26 AM
2/13/2024,6:23:45 AM
2/13/2024,6:23:53 AM
2/13/2024,6:24:53 AM
2/13/2024,6:25:23 AM
2/13/2024,6:25:56 AM
2/13/2024,6:26:01 AM
2/13/2024,6:26:48 AM
2/13/2024,6:26:50 AM
2/13/2024,6:27:18 AM
2/13/2024,6:29:42 AM
2/13/2024,6:30:09 AM
2/13/2024,6:30:15 AM
2/13/2024,6:32:42 AM
2/13/2024,6:35:27 AM
2/13/2024,6:36:14 AM
2/13/2024,6:38:02 AM
2/13/2024,6:38:22 AM
2/13/2024,6:38:54 AM
2/13/2024,6:39:29 AM
2/13/2024,6:42:17 AM
2/13/2024,6:43:45 AM
2/13/2024,6:43:53 AM
2/13/2024,6:44:02 AM
2/13/2024,6:44:45 AM
2/13/2024,6:48:49 AM
2/13/2024,6:50:04 AM
2/13/2024,6:50:11 AM
2/13/2024,6:52:12 AM
2/13/2024,6:52:51 AM
2/13/2024,6:53:41 AM
2/13/2024,6:54:07 AM
2/13/2024,6:54:17 AM
2/13/2024,6:54:28 AM
2/13/2024,6:54:39 AM
2/13/2024,6:54:40 AM
2/13/2024,6:59:36 AM
2/13/2024,6:59:40 AM
2/13/2024,6:01:25 AM
2/13/2024,6:03:03 AM
2/13/2024,6:04:23 AM
2/13/2024,6:05:44 AM
2/13/2024,6:07:53 AM
2/13/2024,6:09:30 AM
2/13/2024,6:12:03 AM
2/13/2024,6:14:35 AM
2/13/2024,6:16:56 AM
2/13/2024,6:19:23 AM
2/13/2024,6:22:10 AM
2/13/2024,6:23:35 AM
2/13/2024,6:25:19 AM
2/13/2024,6:26:12 AM
2/13/2024,6:27:31 AM
2/13/2024,6:28:30 AM
2/13/2024,6:29:58 AM
2/13/2024,6:30:41 AM
2/13/2024,6:31:11 AM
2/13/2024,6:38:22 AM
2/13/2024,6:39:33 AM
2/13/2024,6:41:58 AM
2/13/2024,6:43:28 AM
2/13/2024,6:46:22 AM
2/13/2024,6:48:57 AM
2/13/2024,6:50:11 AM
2/13/2024,6:50:53 AM
2/13/2024,6:53:21 AM
2/13/2024,6:54:41 AM
2/13/2024,6:56:19 AM
2/13/2024,6:57:09 AM
2/13/2024,6:58:29 AM
2/13/2024,7:00:55 AM
2/13/2024,7:01:15 AM
2/13/2024,7:01:15 AM
2/13/2024,7:02:32 AM
2/13/2024,7:03:13 AM
2/13/2024,7:04:50 AM
2/13/2024,7:05:01 AM
2/13/2024,7:06:29 AM
2/13/2024,7:06:50 AM
2/13/2024,7:07:54 AM
2/13/2024,7:08:09 AM
2/13/2024,7:08:10 AM
2/13/2024,7:08:25 AM
2/13/2024,7:09:31 AM
2/13/2024,7:09:41 AM
2/13/2024,7:10:34 AM
2/13/2024,7:10:41 AM
2/13/2024,7:10:53 AM
2/13/2024,7:11:30 AM
2/13/2024,7:12:01 AM
2/13/2024,7:12:23 AM
2/13/2024,7:12:39 AM
2/13/2024,7:13:07 AM
2/13/2024,7:13:17 AM
2/13/2024,7:14:52 AM
2/13/2024,7:15:01 AM
2/13/2024,7:15:55 AM
2/13/2024,7:16:14 AM
2/13/2024,7:17:09 AM
2/13/2024,7:18:29 AM
2/13/2024,7:19:02 AM
2/13/2024,7:19:51 AM
2/13/2024,7:20:01 AM
2/13/2024,7:20:23 AM
2/13/2024,7:20:57 AM
2/13/2024,7:22:28 AM
2/13/2024,7:23:12 AM
2/13/2024,7:23:26 AM
2/13/2024,7:24:04 AM
2/13/2024,7:24:19 AM
2/13/2024,7:24:29 AM
2/13/2024,7:24:42 AM
2/13/2024,7:25:27 AM
2/13/2024,7:25:58 AM
2/13/2024,7:27:12 AM
2/13/2024,7:27:25 AM
2/13/2024,7:27:51 AM
2/13/2024,7:28:36 AM
2/13/2024,7:28:54 AM
2/13/2024,7:29:18 AM
2/13/2024,7:30:26 AM
2/13/2024,7:31:06 AM
2/13/2024,7:31:31 AM
2/13/2024,7:31:50 AM
2/13/2024,7:33:03 AM
2/13/2024,7:34:03 AM
2/13/2024,7:34:06 AM
2/13/2024,7:34:46 AM
2/13/2024,7:35:39 AM
2/13/2024,7:35:46 AM
2/13/2024,7:36:48 AM
2/13/2024,7:37:10 AM
2/13/2024,7:37:36 AM
2/13/2024,7:38:02 AM
2/13/2024,7:39:13 AM
2/13/2024,7:39:37 AM
2/13/2024,7:39:46 AM
2/13/2024,7:40:49 AM
2/13/2024,7:40:59 AM
2/13/2024,7:42:08 AM
2/13/2024,7:42:24 AM
2/13/2024,7:43:30 AM
2/13/2024,7:45:22 AM
2/13/2024,7:46:25 AM
2/13/2024,7:46:41 AM
2/13/2024,7:47:33 AM
2/13/2024,7:47:46 AM
2/13/2024,7:48:35 AM
2/13/2024,7:48:45 AM
2/13/2024,7:49:35 AM
2/13/2024,7:49:43 AM
2/13/2024,7:50:31 AM
2/13/2024,7:50:52 AM
2/13/2024,7:51:23 AM
2/13/2024,7:51:28 AM
2/13/2024,7:52:31 AM
2/13/2024,7:55:05 AM
2/13/2024,7:55:47 AM
2/13/2024,7:58:49 AM
2/13/2024,7:59:22 AM
2/13/2024,7:59:38 AM
2/13/2024,7:59:45 AM
2/13/2024,7:01:03 AM
2/13/2024,7:01:41 AM
2/13/2024,7:04:41 AM
2/13/2024,7:08:54 AM
2/13/2024,7:10:38 AM
2/13/2024,7:11:03 AM
2/13/2024,7:14:48 AM
2/13/2024,7:19:00 AM
2/13/2024,7:20:15 AM
2/13/2024,7:21:53 AM
2/13/2024,7:26:54 AM
2/13/2024,7:28:50 AM
2/13/2024,7:30:21 AM
2/13/2024,7:31:29 AM
2/13/2024,7:33:25 AM
2/13/2024,7:34:32 AM
2/13/2024,7:38:43 AM
2/13/2024,7:39:11 AM
2/13/2024,7:40:27 AM
2/13/2024,7:42:00 AM
2/13/2024,7:50:20 AM
2/13/2024,7:51:02 AM
2/13/2024,7:52:50 AM
2/13/2024,7:55:35 AM
2/13/2024,7:56:11 AM
2/13/2024,7:57:36 AM
2/14/2024,6:00:10 AM
2/14/2024,6:01:27 AM
2/14/2024,6:02:52 AM
2/14/2024,6:03:22 AM
2/14/2024,6:03:51 AM
2/14/2024,6:04:57 AM
2/14/2024,6:05:39 AM
2/14/2024,6:06:00 AM
2/14/2024,6:07:50 AM
2/14/2024,6:08:16 AM
2/14/2024,6:09:41 AM
2/14/2024,6:10:00 AM
2/14/2024,6:12:37 AM
2/14/2024,6:14:17 AM
2/14/2024,6:16:22 AM
2/14/2024,6:16:29 AM
2/14/2024,6:17:10 AM
2/14/2024,6:18:15 AM
2/14/2024,6:19:49 AM
2/14/2024,6:21:37 AM
2/14/2024,6:23:01 AM
2/14/2024,6:23:01 AM
2/14/2024,6:23:55 AM
2/14/2024,6:24:07 AM
2/14/2024,6:24:54 AM
2/14/2024,6:25:57 AM
2/14/2024,6:26:38 AM
2/14/2024,6:27:20 AM
2/14/2024,6:27:47 AM
2/14/2024,6:27:55 AM
2/14/2024,6:28:53 AM
2/14/2024,6:29:02 AM
2/14/2024,6:30:17 AM
2/14/2024,6:30:36 AM
2/14/2024,6:30:53 AM
2/14/2024,6:31:01 AM
2/14/2024,6:32:02 AM
2/14/2024,6:32:10 AM
2/14/2024,6:36:00 AM
2/14/2024,6:36:34 AM
2/14/2024,6:37:09 AM
2/14/2024,6:38:23 AM
2/14/2024,6:39:09 AM
2/14/2024,6:40:14 AM
2/14/2024,6:41:06 AM
2/14/2024,6:42:23 AM
2/14/2024,6:43:01 AM
2/14/2024,6:43:37 AM
2/14/2024,6:46:13 AM
2/14/2024,6:46:32 AM
2/14/2024,6:47:27 AM
2/14/2024,6:49:39 AM
2/14/2024,6:49:41 AM
2/14/2024,6:50:31 AM
2/14/2024,6:52:51 AM
2/14/2024,6:52:55 AM
2/14/2024,6:54:02 AM
2/14/2024,6:54:17 AM
2/14/2024,6:55:22 AM
2/14/2024,6:55:37 AM
2/14/2024,6:56:31 AM
2/14/2024,6:56:53 AM
2/14/2024,6:57:32 AM
2/14/2024,6:58:26 AM
2/14/2024,6:58:53 AM
2/14/2024,6:59:13 AM
2/14/2024,7:01:27 AM
2/14/2024,7:02:22 AM
2/14/2024,7:04:52 AM
2/14/2024,7:05:39 AM
2/14/2024,7:09:08 AM
2/14/2024,7:10:00 AM
2/14/2024,7:10:55 AM
2/14/2024,7:11:00 AM
2/14/2024,7:11:54 AM
2/14/2024,7:13:37 AM
2/14/2024,7:17:33 AM
2/14/2024,7:18:13 AM
2/14/2024,7:19:07 AM
2/14/2024,7:19:58 AM
2/14/2024,7:21:28 AM
2/14/2024,7:25:44 AM
2/14/2024,7:27:53 AM
2/14/2024,7:27:54 AM
2/14/2024,7:29:47 AM
2/14/2024,7:30:03 AM
2/14/2024,7:30:46 AM
2/14/2024,7:31:14 AM
2/14/2024,7:33:12 AM
2/14/2024,7:33:13 AM
2/14/2024,7:33:51 AM
2/14/2024,7:34:09 AM
2/14/2024,7:35:10 AM
2/14/2024,7:36:05 AM
2/14/2024,7:38:52 AM
2/14/2024,7:40:14 AM
2/14/2024,7:41:24 AM
2/14/2024,7:41:46 AM
2/14/2024,7:47:24 AM
2/14/2024,7:49:58 AM
2/14/2024,7:50:48 AM
2/14/2024,7:50:59 AM
2/14/2024,7:51:42 AM
2/14/2024,7:52:05 AM
2/14/2024,7:53:17 AM
2/14/2024,7:54:34 AM
2/14/2024,7:55:47 AM
2/14/2024,7:56:10 AM
2/14/2024,7:57:35 AM
2/14/2024,7:58:26 AM
