model,price,transmission,mileage,fuelType,age,engineSize
 Focus,54995,Manual,11000,Petrol,3,1.32
 Focus,38015,Manual,197,Diesel,4,1.14
 Focus,32000,Manual,10057,Petrol,4,1.32
 Focus,30999,Automatic,10,Petrol,1,1.14
 Focus,30359,Manual,2068,Petrol,2,1.32
 Focus,29850,Manual,534,Petrol,2,1.32
 Focus,29850,Manual,534,Petrol,2,1.32
 Focus,29850,Manual,534,Petrol,2,1.32
 Focus,29850,Manual,534,Petrol,2,1.32
 Focus,29635,Manual,1577,Petrol,2,1.32
 Focus,29495,Manual,4430,Petrol,2,1.32
 Focus,29395,Manual,2804,Petrol,2,1.32
 Focus,29395,Manual,2804,Petrol,2,1.32
 Focus,29395,Manual,2804,Petrol,2,1.32
 Focus,29395,Manual,2804,Petrol,2,1.32
 Focus,29390,Manual,7005,Petrol,3,1.32
 Focus,29350,Manual,1617,Petrol,2,1.32
 Focus,29000,Manual,350,Petrol,1,1.32
 Focus,29000,Automatic,1500,Diesel,2,1.26
 Focus,28998,Manual,2985,Petrol,1,1.32
 Focus,28975,Manual,14171,Petrol,3,1.32
 Focus,28939,Manual,601,Petrol,1,1.32
 Focus,28930,Manual,2950,Petrol,2,1.32
 Focus,28930,Manual,2950,Petrol,2,1.32
 Focus,28930,Manual,2950,Petrol,2,1.32
 Focus,28930,Manual,2950,Petrol,2,1.32
 Focus,28805,Manual,974,Petrol,2,1.32
 Focus,28805,Manual,974,Petrol,2,1.32
 Focus,28805,Manual,974,Petrol,2,1.32
 Focus,28805,Manual,974,Petrol,2,1.32
 Focus,28755,Manual,3796,Petrol,2,1.32
 Focus,28755,Manual,3796,Petrol,2,1.32
 Focus,28755,Manual,3796,Petrol,2,1.32
 Focus,28755,Manual,3796,Petrol,2,1.32
 Focus,28730,Manual,6108,Petrol,2,1.32
 Focus,28730,Manual,6108,Petrol,2,1.32
 Focus,28730,Manual,6108,Petrol,2,1.32
 Focus,28730,Manual,6108,Petrol,2,1.32
 Focus,28655,Manual,2532,Petrol,2,1.32
 Focus,28655,Manual,2532,Petrol,2,1.32
 Focus,28655,Manual,2532,Petrol,2,1.32
 Focus,28655,Manual,2532,Petrol,2,1.32
 Focus,28580,Manual,1725,Petrol,2,1.32
 Focus,28580,Manual,1494,Petrol,2,1.32
 Focus,28580,Manual,1725,Petrol,2,1.32
 Focus,28580,Manual,1494,Petrol,2,1.32
 Focus,28580,Manual,1725,Petrol,2,1.32
 Focus,28580,Manual,1494,Petrol,2,1.32
 Focus,28580,Manual,1725,Petrol,2,1.32
 Focus,28580,Manual,1494,Petrol,2,1.32
 Focus,28495,Manual,4000,Petrol,2,1.32
 Focus,28000,Manual,2714,Petrol,2,1.32
 Focus,28000,Manual,2500,Petrol,2,1.32
 Focus,27995,Manual,7725,Petrol,2,1.32
 Focus,27995,Manual,9125,Petrol,2,1.32
 Focus,27975,Manual,5000,Petrol,2,1.32
 Focus,27890,Manual,900,Petrol,2,1.32
 Focus,27845,Manual,16193,Petrol,3,1.32
 Focus,27580,Manual,7069,Petrol,2,1.32
 Focus,27500,Automatic,2477,Petrol,1,1.14
 Focus,27497,Manual,1973,Petrol,4,1.32
 Focus,27490,Manual,4127,Diesel,2,1.26
 Focus,27200,Manual,4288,Petrol,2,1.32
 Focus,27000,Manual,9737,Petrol,2,1.32
 Focus,26995,Manual,3500,Diesel,2,1.26
 Focus,26990,Manual,6701,Petrol,4,1.32
 Focus,26950,Manual,7042,Diesel,2,1.26
 Focus,26900,Manual,14929,Petrol,4,1.32
 Focus,26890,Manual,4000,Petrol,2,1.32
 Focus,26780,Manual,4763,Petrol,2,1.32
 Focus,26723,Manual,2102,Petrol,1,1.32
 Focus,26698,Manual,3498,Diesel,2,1.26
 Focus,26500,Manual,419,Petrol,2,1.32
 Focus,26499,Manual,26500,Petrol,3,1.32
 Focus,26490,Manual,2903,Petrol,2,1.32
 Focus,26299,Manual,3764,Petrol,2,1.32
 Focus,26250,Manual,3775,Petrol,2,1.32
 Focus,26230,Manual,3802,Petrol,2,1.32
 Focus,26200,Manual,10223,Diesel,2,1.26
 Focus,26030,Manual,3919,Petrol,2,1.32
 Focus,26000,Manual,4486,Petrol,2,1.32
 Focus,26000,Manual,8480,Petrol,2,1.32
 Focus,25998,Manual,13847,Petrol,3,1
 Focus,25995,Manual,13312,Diesel,2,1.26
 Focus,25990,Manual,13626,Petrol,4,1.32
 Focus,25950,Manual,25,Petrol,2,1.32
 Focus,25950,Manual,16,Petrol,2,1.32
 Focus,25799,Manual,3871,Diesel,2,1.26
 Focus,25795,Manual,1175,Petrol,2,1.32
 Focus,25700,Manual,4500,Petrol,2,1.32
 Focus,25520,Manual,6499,Petrol,2,1.32
 Focus,25500,Manual,3011,Petrol,2,1.32
 Focus,25500,Manual,6338,Petrol,2,1.32
 Focus,25500,Automatic,3155,Petrol,1,1.14
 Focus,25500,Automatic,10,Petrol,1,1.14
 Focus,25499,Manual,28066,Petrol,4,1.32
 Focus,25498,Manual,4813,Petrol,2,1.32
 Focus,25400,Manual,6074,Diesel,2,1.26
 Focus,25250,Manual,6137,Petrol,2,1.32
 Focus,25000,Manual,10008,Petrol,5,1.32
 Focus,25000,Manual,1841,Petrol,2,1.32
 Focus,24999,Manual,4900,Petrol,1,1.32
 Focus,24999,Manual,9488,Petrol,2,1.32
 Focus,24999,Manual,6746,Petrol,2,1.32
 Focus,24995,Manual,7997,Petrol,5,1.32
 Focus,24990,Manual,8455,Petrol,2,1.32
 Focus,24990,Manual,4380,Petrol,2,1.32
 Focus,24990,Manual,18000,Petrol,4,1.32
 Focus,24989,Manual,6760,Petrol,2,1.32
 Focus,24950,Manual,3881,Diesel,2,1.26
 Focus,24900,Manual,10836,Diesel,2,1.26
 Focus,24850,Manual,24200,Petrol,5,1.32
 Focus,24799,Manual,641,Petrol,1,1.14
 Focus,24290,Manual,9248,Petrol,2,1.32
 Focus,24250,Manual,5060,Petrol,2,1.32
 Focus,23999,Manual,5834,Diesel,2,1.26
 Focus,23999,Automatic,30,Diesel,1,1.14
 Focus,23997,Manual,28170,Petrol,5,1.32
 Focus,23996,Manual,50,Petrol,2,1
 Focus,23995,Manual,6102,Petrol,1,1
 Focus,23990,Automatic,6000,Petrol,2,1
 Focus,23700,Manual,12504,Diesel,2,1.26
 Focus,23698,Manual,5003,Diesel,2,1.26
 Focus,23695,Automatic,3541,Diesel,2,1.14
 Focus,23500,Manual,50,Petrol,1,1
 Focus,23495,Manual,9000,Petrol,2,1.32
 Focus,23000,Automatic,16700,Petrol,2,1.14
 Focus,22998,Automatic,7030,Diesel,2,1.14
 Focus,22995,Manual,5817,Petrol,1,1
 Focus,22992,Manual,17515,Petrol,5,1.32
 Focus,22990,Automatic,185,Diesel,1,1.14
 Focus,22750,Manual,550,Petrol,1,1.14
 Focus,22660,Automatic,2992,Diesel,2,1.26
 Focus,22660,Automatic,2992,Diesel,2,1.26
 Focus,22660,Automatic,2992,Diesel,2,1.26
 Focus,22660,Automatic,2992,Diesel,2,1.26
 Focus,22510,Automatic,5662,Diesel,2,1.26
 Focus,22510,Automatic,5662,Diesel,2,1.26
 Focus,22510,Automatic,5662,Diesel,2,1.26
 Focus,22510,Automatic,5662,Diesel,2,1.26
 Focus,22500,Manual,200,Petrol,1,1
 Focus,22499,Manual,21000,Petrol,5,1.32
 Focus,22498,Manual,9,Diesel,2,1.14
 Focus,22495,Automatic,4294,Diesel,2,1.26
 Focus,22490,Manual,3492,Petrol,1,1
 Focus,22390,Manual,28794,Petrol,5,1.32
 Focus,22150,Automatic,3024,Diesel,2,1.26
 Focus,22150,Automatic,3024,Diesel,2,1.26
 Focus,22150,Automatic,3024,Diesel,2,1.26
 Focus,22150,Automatic,3024,Diesel,2,1.26
 Focus,22000,Automatic,4855,Diesel,2,1.26
 Focus,22000,Automatic,4855,Diesel,2,1.26
 Focus,22000,Manual,50,Petrol,1,1
 Focus,22000,Automatic,13917,Diesel,2,1.26
 Focus,22000,Automatic,1661,Petrol,2,1.14
 Focus,22000,Automatic,17,Petrol,2,1
 Focus,22000,Automatic,4855,Diesel,2,1.26
 Focus,22000,Automatic,4855,Diesel,2,1.26
 Focus,22000,Automatic,4855,Diesel,2,1.26
 Focus,22000,Automatic,4855,Diesel,2,1.26
 Focus,22000,Automatic,4855,Diesel,2,1.26
 Focus,22000,Manual,36437,Petrol,4,1.32
 Focus,22000,Automatic,4855,Diesel,2,1.26
 Focus,22000,Automatic,4855,Diesel,2,1.26
 Focus,22000,Automatic,4855,Diesel,2,1.26
 Focus,22000,Automatic,4855,Diesel,2,1.26
 Focus,22000,Automatic,4855,Diesel,2,1.26
 Focus,22000,Automatic,4855,Diesel,2,1.26
 Focus,22000,Automatic,4855,Diesel,2,1.26
 Focus,21995,Manual,10,Petrol,2,1
 Focus,21990,Automatic,1955,Diesel,1,1.26
 Focus,21972,Manual,1011,Petrol,2,1
 Focus,21925,Automatic,5998,Diesel,2,1.26
 Focus,21798,Manual,3774,Petrol,3,1.26
 Focus,21750,Automatic,3906,Petrol,2,1.14
 Focus,21680,Automatic,7846,Diesel,2,1.26
 Focus,21680,Automatic,4677,Diesel,2,1.26
 Focus,21680,Automatic,7846,Diesel,2,1.26
 Focus,21680,Automatic,4677,Diesel,2,1.26
 Focus,21680,Automatic,7846,Diesel,2,1.26
 Focus,21680,Automatic,4677,Diesel,2,1.26
 Focus,21680,Automatic,4677,Diesel,2,1.26
 Focus,21680,Automatic,7846,Diesel,2,1.26
 Focus,21660,Automatic,3212,Diesel,2,1.26
 Focus,21660,Automatic,3212,Diesel,2,1.26
 Focus,21660,Automatic,3212,Diesel,2,1.26
 Focus,21660,Automatic,3212,Diesel,2,1.26
 Focus,21570,Automatic,8566,Diesel,2,1.26
 Focus,21570,Automatic,8566,Diesel,2,1.26
 Focus,21570,Automatic,6348,Diesel,2,1.26
 Focus,21570,Automatic,8566,Diesel,2,1.26
 Focus,21570,Automatic,6348,Diesel,2,1.26
 Focus,21570,Automatic,6348,Diesel,2,1.26
 Focus,21570,Automatic,6348,Diesel,2,1.26
 Focus,21570,Automatic,8566,Diesel,2,1.26
 Focus,21500,Manual,44482,Petrol,12,1.36
 Focus,21499,Manual,807,Diesel,1,1.14
 Focus,21490,Manual,295,Petrol,1,1
 Focus,21450,Automatic,6501,Petrol,2,1.14
 Focus,21450,Manual,3896,Petrol,3,1.26
 Focus,21420,Automatic,3655,Diesel,2,1.26
 Focus,21420,Automatic,3655,Diesel,2,1.26
 Focus,21420,Automatic,3655,Diesel,2,1.26
 Focus,21420,Automatic,3655,Diesel,2,1.26
 Focus,21350,Automatic,2314,Petrol,2,1.14
 Focus,21199,Manual,6101,Petrol,3,1.26
 Focus,21080,Automatic,8418,Diesel,2,1.26
 Focus,21080,Automatic,8418,Diesel,2,1.26
 Focus,21080,Automatic,8418,Diesel,2,1.26
 Focus,21080,Automatic,8418,Diesel,2,1.26
 Focus,21000,Manual,52,Petrol,1,1
 Focus,20999,Manual,15000,Petrol,2,1.14
 Focus,20999,Manual,3805,Petrol,2,1.14
 Focus,20999,Manual,1501,Diesel,1,1.14
 Focus,20999,Automatic,7,Petrol,1,1
 Focus,20998,Manual,5757,Petrol,3,1.26
 Focus,20995,Manual,965,Petrol,3,1
 Focus,20993,Manual,1813,Petrol,2,1
 Focus,20991,Automatic,3767,Diesel,1,1.14
 Focus,20991,Manual,6833,Petrol,3,1.26
 Focus,20991,Manual,6833,Petrol,3,1.26
 Focus,20990,Manual,7122,Petrol,3,1.26
 Focus,20990,Manual,1853,Petrol,1,1
 Focus,20980,Manual,6999,Petrol,2,1
 Focus,20950,Automatic,6428,Diesel,2,1.26
 Focus,20950,Automatic,6428,Diesel,2,1.26
 Focus,20950,Automatic,6428,Diesel,2,1.26
 Focus,20950,Automatic,6428,Diesel,2,1.26
 Focus,20905,Automatic,1904,Diesel,2,1.14
 Focus,20905,Automatic,1904,Diesel,2,1.14
 Focus,20905,Automatic,1904,Diesel,2,1.14
 Focus,20905,Automatic,1904,Diesel,2,1.14
 Focus,20900,Manual,12307,Petrol,3,1.26
 Focus,20795,Automatic,7000,Diesel,2,1.26
 Focus,20695,Automatic,1561,Diesel,2,1.26
 Focus,20660,Automatic,13733,Diesel,2,1.26
 Focus,20660,Automatic,13733,Diesel,2,1.26
 Focus,20660,Automatic,13733,Diesel,2,1.26
 Focus,20660,Automatic,13733,Diesel,2,1.26
 Focus,20599,Manual,2994,Petrol,2,1.14
 Focus,20570,Automatic,6797,Petrol,2,1.14
 Focus,20570,Automatic,6797,Petrol,2,1.14
 Focus,20570,Automatic,6797,Petrol,2,1.14
 Focus,20570,Automatic,6797,Petrol,2,1.14
 Focus,20500,Manual,7305,Petrol,3,1.26
 Focus,20500,Manual,6004,Petrol,3,1.26
 Focus,20500,Automatic,1868,Petrol,1,1.14
 Focus,20499,Manual,4391,Petrol,3,1.26
 Focus,20499,Manual,18482,Petrol,3,1.26
 Focus,20499,Manual,3572,Diesel,2,1.26
 Focus,20498,Manual,10249,Petrol,3,1.26
 Focus,20498,Automatic,9987,Diesel,2,1.14
 Focus,20491,Manual,10699,Petrol,2,1.14
 Focus,20491,Automatic,4841,Diesel,1,1.14
 Focus,20490,Automatic,6041,Diesel,1,1.14
 Focus,20480,Manual,4711,Petrol,2,1.14
 Focus,20480,Manual,4711,Petrol,2,1.14
 Focus,20480,Manual,4711,Petrol,2,1.14
 Focus,20480,Manual,4711,Petrol,2,1.14
 Focus,20435,Manual,3003,Petrol,2,1.14
 Focus,20435,Manual,3003,Petrol,2,1.14
 Focus,20435,Manual,3003,Petrol,2,1.14
 Focus,20435,Manual,3003,Petrol,2,1.14
 Focus,20400,Automatic,4365,Diesel,2,1.26
 Focus,20400,Automatic,1590,Diesel,2,1.14
 Focus,20398,Manual,6233,Diesel,2,1.14
 Focus,20391,Automatic,6050,Petrol,2,1
 Focus,20391,Automatic,2738,Diesel,1,1.14
 Focus,20390,Automatic,6644,Diesel,2,1.26
 Focus,20390,Automatic,5750,Diesel,1,1.14
 Focus,20380,Manual,6235,Diesel,2,1.26
 Focus,20370,Manual,13008,Petrol,3,1.26
 Focus,20320,Automatic,4483,Petrol,2,1.14
 Focus,20320,Automatic,4483,Petrol,2,1.14
 Focus,20320,Automatic,4483,Petrol,2,1.14
 Focus,20320,Automatic,4483,Petrol,2,1.14
 Focus,20300,Automatic,7555,Diesel,2,1.14
 Focus,20300,Automatic,7555,Diesel,2,1.14
 Focus,20300,Automatic,7555,Diesel,2,1.14
 Focus,20300,Automatic,7555,Diesel,2,1.14
 Focus,20299,Manual,6987,Petrol,3,1.26
 Focus,20285,Automatic,7529,Diesel,2,1.14
 Focus,20285,Automatic,7529,Diesel,2,1.14
 Focus,20285,Automatic,7529,Diesel,2,1.14
 Focus,20285,Automatic,7529,Diesel,2,1.14
 Focus,20275,Manual,1073,Petrol,2,1.14
 Focus,20275,Manual,1073,Petrol,2,1.14
 Focus,20275,Manual,1073,Petrol,2,1.14
 Focus,20275,Manual,1073,Petrol,2,1.14
 Focus,20199,Manual,7782,Diesel,2,1.14
 Focus,20170,Manual,100,Petrol,2,1
 Focus,20165,Manual,6928,Petrol,2,1.14
 Focus,20165,Manual,6928,Petrol,2,1.14
 Focus,20165,Manual,6928,Petrol,2,1.14
 Focus,20165,Manual,6928,Petrol,2,1.14
 Focus,20100,Manual,4062,Diesel,2,1.26
 Focus,20100,Manual,4905,Diesel,2,1.14
 Focus,20090,Automatic,10352,Diesel,2,1.26
 Focus,20000,Manual,6156,Diesel,2,1.14
 Focus,20000,Automatic,3975,Diesel,2,1.14
 Focus,20000,Automatic,5458,Diesel,2,1.26
 Focus,20000,Manual,15448,Petrol,3,1.26
 Focus,20000,Manual,3750,Petrol,2,1
 Focus,20000,Manual,13856,Petrol,3,1.26
 Focus,20000,Automatic,6290,Petrol,2,1.14
 Focus,20000,Automatic,953,Diesel,2,1.26
 Focus,20000,Manual,10,Petrol,1,1.14
 Focus,20000,Manual,13374,Petrol,3,1.26
 Focus,20000,Manual,12787,Petrol,3,1.26
 Focus,20000,Manual,9775,Petrol,3,1.26
 Focus,20000,Manual,100,Petrol,1,1
 Focus,19999,Automatic,3056,Petrol,2,1.14
 Focus,19999,Manual,10365,Petrol,3,1.26
 Focus,19999,Manual,9560,Petrol,3,1.26
 Focus,19999,Manual,7918,Petrol,3,1.26
 Focus,19999,Manual,3000,Petrol,2,0
 Focus,19998,Manual,4000,Diesel,1,1.14
 Focus,19998,Automatic,2451,Diesel,2,1.26
 Focus,19998,Automatic,6879,Diesel,2,1.26
 Focus,19998,Manual,12234,Petrol,3,1.26
 Focus,19998,Manual,16882,Petrol,3,1.26
 Focus,19995,Automatic,500,Petrol,1,1
 Focus,19995,Manual,10923,Diesel,3,1.26
 Focus,19995,Manual,12195,Petrol,3,1.26
 Focus,19995,Manual,1600,Petrol,2,1
 Focus,19995,Manual,11206,Petrol,4,1.26
 Focus,19995,Manual,12544,Petrol,2,1
 Focus,19995,Manual,9172,Petrol,2,1
 Focus,19995,Manual,130,Petrol,1,1
 Focus,19995,Automatic,6000,Diesel,2,1.26
 Focus,19991,Automatic,4998,Petrol,1,1
 Focus,19990,Automatic,5796,Diesel,2,1.14
 Focus,19990,Manual,2280,Diesel,2,1.14
 Focus,19990,Manual,2525,Petrol,1,1
 Focus,19990,Automatic,5588,Diesel,1,1.14
 Focus,19990,Manual,17049,Petrol,4,1.26
 Focus,19990,Automatic,8500,Diesel,3,1.26
 Focus,19980,Manual,6966,Petrol,2,1.14
 Focus,19980,Manual,12720,Diesel,4,1.26
 Focus,19980,Manual,10918,Petrol,4,1.26
 Focus,19979,Semi-Auto,6465,Diesel,3,1.26
 Focus,19970,Manual,1566,Petrol,2,1
 Focus,19950,Manual,5988,Petrol,3,1.26
 Focus,19950,Manual,2583,Petrol,2,1.14
 Focus,19950,Manual,1103,Petrol,2,1.14
 Focus,19950,Automatic,7142,Diesel,2,1.26
 Focus,19910,Manual,17434,Petrol,4,1.26
 Focus,19900,Manual,9196,Petrol,3,1.26
 Focus,19900,Manual,16744,Diesel,3,1.26
 Focus,19900,Automatic,942,Petrol,2,1
 Focus,19899,Manual,19485,Petrol,3,1.26
 Focus,19898,Automatic,4166,Diesel,2,1.26
 Focus,19800,Manual,3897,Petrol,2,1
 Focus,19798,Automatic,4797,Diesel,2,1.26
 Focus,19795,Manual,8918,Petrol,3,1.26
 Focus,19790,Manual,8686,Diesel,2,1.14
 Focus,19780,Automatic,9605,Diesel,2,1.14
 Focus,19766,Manual,5071,Petrol,3,1.26
 Focus,19759,Manual,10586,Petrol,3,1.26
 Focus,19747,Manual,10242,Petrol,3,1.26
 Focus,19741,Automatic,6750,Diesel,2,1.14
 Focus,19725,Manual,3309,Diesel,2,1.14
 Focus,19700,Manual,8022,Petrol,3,1.26
 Focus,19700,Automatic,2332,Petrol,2,1
 Focus,19698,Manual,12011,Petrol,3,1.26
 Focus,19698,Manual,16548,Petrol,3,1.26
 Focus,19698,Manual,20145,Petrol,3,1.26
 Focus,19690,Manual,16000,Petrol,3,1.26
 Focus,19665,Manual,8864,Diesel,2,1.26
 Focus,19665,Manual,8864,Diesel,2,1.26
 Focus,19665,Manual,8864,Diesel,2,1.26
 Focus,19665,Manual,8864,Diesel,2,1.26
 Focus,19600,Automatic,4537,Petrol,2,1.14
 Focus,19575,Automatic,8879,Diesel,2,1.14
 Focus,19575,Automatic,8879,Diesel,2,1.14
 Focus,19575,Automatic,8879,Diesel,2,1.14
 Focus,19575,Automatic,8879,Diesel,2,1.14
 Focus,19560,Automatic,201,Diesel,2,1.14
 Focus,19560,Automatic,201,Diesel,2,1.14
 Focus,19560,Automatic,201,Diesel,2,1.14
 Focus,19560,Automatic,201,Diesel,2,1.14
 Focus,19500,Manual,3000,Diesel,2,1.14
 Focus,19500,Manual,3000,Diesel,2,1.14
 Focus,19500,Manual,9758,Petrol,3,1.26
 Focus,19500,Manual,6112,Petrol,3,1.26
 Focus,19500,Automatic,10679,Diesel,2,1.14
 Focus,19500,Automatic,5091,Diesel,2,1.14
 Focus,19500,Automatic,5589,Diesel,2,1.26
 Focus,19500,Automatic,3374,Diesel,2,1.14
 Focus,19500,Automatic,6307,Diesel,2,1.26
 Focus,19500,Manual,2139,Petrol,2,1
 Focus,19500,Automatic,1555,Diesel,2,1.26
 Focus,19500,Manual,9342,Petrol,4,1.26
 Focus,19500,Manual,17501,Petrol,3,1.26
 Focus,19500,Manual,16818,Petrol,3,1.26
 Focus,19500,Manual,3000,Diesel,2,1.14
 Focus,19500,Manual,3000,Diesel,2,1.14
 Focus,19500,Manual,10281,Petrol,2,1.14
 Focus,19500,Manual,3000,Diesel,2,1.14
 Focus,19500,Manual,3000,Diesel,2,1.14
 Focus,19500,Manual,3000,Diesel,2,1.14
 Focus,19500,Automatic,1520,Diesel,2,1.26
 Focus,19500,Manual,3000,Diesel,2,1.14
 Focus,19500,Manual,3000,Diesel,2,1.14
 Focus,19500,Manual,3000,Diesel,2,1.14
 Focus,19500,Manual,3000,Diesel,2,1.14
 Focus,19500,Manual,3000,Diesel,2,1.14
 Focus,19500,Manual,3000,Diesel,2,1.14
 Focus,19500,Manual,3000,Diesel,2,1.14
 Focus,19500,Manual,3000,Diesel,2,1.14
 Focus,19499,Automatic,430,Petrol,2,1
 Focus,19499,Manual,9000,Diesel,2,1.14
 Focus,19499,Manual,13983,Petrol,3,1.26
 Focus,19498,Automatic,8692,Diesel,2,1.26
 Focus,19498,Manual,19382,Petrol,3,1.26
 Focus,19498,Automatic,6621,Diesel,2,1.26
 Focus,19498,Automatic,4551,Diesel,2,1.26
 Focus,19498,Manual,20561,Petrol,3,1.26
 Focus,19498,Manual,20781,Petrol,3,1.26
 Focus,19495,Automatic,7000,Diesel,3,1.14
 Focus,19495,Manual,8866,Petrol,4,1.26
 Focus,19494,Manual,8228,Petrol,3,1.26
 Focus,19491,Manual,10001,Petrol,3,1.26
 Focus,19490,Manual,2000,Petrol,2,1
 Focus,19490,Manual,9196,Diesel,3,1.26
 Focus,19490,Manual,500,Petrol,2,1
 Focus,19490,Automatic,729,Diesel,2,1.14
 Focus,19490,Manual,3000,Petrol,3,1.14
 Focus,19490,Manual,877,Petrol,1,1
 Focus,19489,Manual,5000,Diesel,1,1.14
 Focus,19480,Automatic,2,Diesel,1,1.14
 Focus,19450,Manual,12250,Petrol,3,1.26
 Focus,19444,Automatic,8000,Diesel,3,1.26
 Focus,19427,Manual,21863,Petrol,3,1.26
 Focus,19400,Manual,8973,Petrol,3,1.26
 Focus,19400,Manual,3507,Petrol,2,1
 Focus,19395,Manual,7506,Diesel,3,1.26
 Focus,19390,Automatic,9439,Diesel,2,1.14
 Focus,19390,Automatic,9439,Diesel,2,1.14
 Focus,19390,Automatic,9439,Diesel,2,1.14
 Focus,19390,Automatic,9439,Diesel,2,1.14
 Focus,19375,Manual,7021,Diesel,2,1.14
 Focus,19375,Manual,7021,Diesel,2,1.14
 Focus,19375,Manual,7021,Diesel,2,1.14
 Focus,19375,Manual,7021,Diesel,2,1.14
 Focus,19340,Automatic,12198,Diesel,2,1.14
 Focus,19340,Automatic,12198,Diesel,2,1.14
 Focus,19340,Automatic,12198,Diesel,2,1.14
 Focus,19340,Automatic,12198,Diesel,2,1.14
 Focus,19337,Automatic,675,Petrol,2,1
 Focus,19330,Automatic,825,Diesel,2,1.14
 Focus,19330,Automatic,825,Diesel,2,1.14
 Focus,19330,Automatic,825,Diesel,2,1.14
 Focus,19330,Automatic,825,Diesel,2,1.14
 Focus,19327,Manual,13295,Petrol,3,1.26
 Focus,19325,Automatic,5671,Diesel,2,1.26
 Focus,19320,Manual,11909,Petrol,4,1.26
 Focus,19320,Automatic,15052,Diesel,2,1.26
 Focus,19315,Automatic,4698,Diesel,2,1.26
 Focus,19315,Manual,16410,Petrol,3,1.26
 Focus,19315,Automatic,4698,Diesel,2,1.26
 Focus,19315,Automatic,4698,Diesel,2,1.26
 Focus,19315,Automatic,4698,Diesel,2,1.26
 Focus,19300,Manual,2958,Diesel,2,1.26
 Focus,19300,Automatic,2662,Diesel,2,1.14
 Focus,19300,Manual,6000,Diesel,2,1.14
 Focus,19300,Automatic,1592,Petrol,2,1
 Focus,19298,Automatic,2997,Diesel,2,1.26
 Focus,19298,Automatic,5689,Diesel,2,1.14
 Focus,19298,Manual,21362,Petrol,3,1.26
 Focus,19291,Automatic,10841,Diesel,2,1.14
 Focus,19290,Manual,12989,Petrol,4,1.26
 Focus,19240,Automatic,13890,Diesel,2,1.26
 Focus,19236,Automatic,4896,Diesel,2,1.14
 Focus,19230,Manual,2894,Petrol,2,1
 Focus,19220,Automatic,14882,Diesel,4,1.26
 Focus,19210,Manual,9024,Petrol,2,1
 Focus,19199,Manual,10611,Petrol,3,1.26
 Focus,19180,Manual,7008,Petrol,2,1
 Focus,19175,Automatic,10370,Diesel,2,1.14
 Focus,19175,Automatic,10370,Diesel,2,1.14
 Focus,19175,Automatic,10370,Diesel,2,1.14
 Focus,19175,Automatic,10370,Diesel,2,1.14
 Focus,19160,Automatic,3418,Diesel,2,1.14
 Focus,19117,Automatic,2538,Diesel,2,1.26
 Focus,19110,Manual,10018,Petrol,2,1.14
 Focus,19110,Automatic,3277,Diesel,2,1.26
 Focus,19100,Manual,7131,Petrol,4,1.26
 Focus,19093,Manual,13746,Petrol,3,1.26
 Focus,19090,Manual,2480,Petrol,2,1
 Focus,19070,Manual,4165,Petrol,2,1
 Focus,19050,Manual,4637,Petrol,2,1
 Focus,19015,Manual,10230,Diesel,2,1.14
 Focus,19015,Manual,10230,Diesel,2,1.14
 Focus,19015,Manual,10230,Diesel,2,1.14
 Focus,19015,Manual,10230,Diesel,2,1.14
 Focus,19000,Automatic,8201,Diesel,2,1.26
 Focus,19000,Manual,7124,Petrol,2,1
 Focus,19000,Manual,3756,Petrol,2,1
 Focus,19000,Manual,11717,Petrol,4,1.26
 Focus,19000,Manual,4753,Petrol,2,1
 Focus,19000,Manual,3400,Petrol,2,1
 Focus,19000,Manual,8800,Diesel,2,1.14
 Focus,19000,Manual,5672,Diesel,2,1.26
 Focus,19000,Manual,11923,Petrol,3,1.26
 Focus,19000,Semi-Auto,14976,Diesel,3,1.26
 Focus,19000,Manual,14682,Petrol,3,1.26
 Focus,19000,Automatic,12859,Petrol,2,1
 Focus,19000,Manual,3849,Petrol,2,1.14
 Focus,19000,Manual,12130,Petrol,3,1.26
 Focus,19000,Automatic,2256,Diesel,2,1.14
 Focus,19000,Manual,17127,Petrol,3,1.26
 Focus,19000,Manual,4491,Petrol,2,1
 Focus,19000,Automatic,5310,Petrol,2,1.14
 Focus,19000,Manual,8938,Petrol,4,1.26
 Focus,19000,Manual,4800,Petrol,2,1.14
 Focus,19000,Automatic,8201,Diesel,2,1.26
 Focus,19000,Automatic,8201,Diesel,2,1.26
 Focus,19000,Manual,16000,Petrol,3,1.26
 Focus,19000,Automatic,8201,Diesel,2,1.26
 Focus,18999,Automatic,2683,Petrol,1,1
 Focus,18999,Manual,2200,Petrol,2,1
 Focus,18999,Manual,20298,Diesel,3,1.26
 Focus,18999,Manual,4000,Petrol,2,1
 Focus,18999,Manual,8000,Petrol,2,1
 Focus,18999,Manual,1900,Petrol,1,1
 Focus,18999,Manual,4892,Petrol,2,1
 Focus,18999,Manual,9121,Petrol,2,1
 Focus,18999,Manual,11258,Petrol,3,1.26
 Focus,18999,Manual,15761,Petrol,3,1.26
 Focus,18999,Manual,21791,Diesel,3,1.26
 Focus,18999,Manual,3155,Petrol,2,1
 Focus,18999,Automatic,4146,Petrol,2,1.14
 Focus,18999,Manual,6696,Diesel,2,1.26
 Focus,18999,Automatic,5572,Diesel,2,1.14
 Focus,18999,Manual,20300,Petrol,3,1.26
 Focus,18998,Manual,10222,Petrol,4,1.26
 Focus,18998,Manual,16312,Diesel,3,1.26
 Focus,18998,Automatic,11738,Diesel,2,1.26
 Focus,18998,Automatic,7725,Petrol,2,1.14
 Focus,18998,Automatic,22246,Diesel,2,1.26
 Focus,18998,Manual,11913,Petrol,4,1.26
 Focus,18998,Manual,11578,Diesel,3,1.26
 Focus,18998,Automatic,2411,Petrol,2,1
 Focus,18998,Manual,11339,Diesel,3,1.26
 Focus,18998,Automatic,8479,Diesel,2,1.26
 Focus,18998,Manual,2494,Petrol,2,1.14
 Focus,18998,Automatic,7766,Diesel,2,1.26
 Focus,18998,Manual,19725,Diesel,3,1.26
 Focus,18998,Manual,18003,Diesel,3,1.26
 Focus,18998,Manual,10901,Petrol,3,1.26
 Focus,18998,Manual,19139,Diesel,3,1.26
 Focus,18998,Automatic,6516,Petrol,2,1.14
 Focus,18998,Manual,14176,Petrol,4,1.26
 Focus,18998,Manual,15382,Diesel,3,1.26
 Focus,18998,Manual,23335,Petrol,3,1.26
 Focus,18997,Manual,20112,Petrol,4,1.26
 Focus,18995,Manual,5988,Petrol,3,1.26
 Focus,18995,Manual,20294,Petrol,3,1.26
 Focus,18995,Manual,1800,Petrol,2,1
 Focus,18995,Manual,10947,Petrol,2,1
 Focus,18995,Manual,4710,Petrol,2,1
 Focus,18995,Manual,6317,Petrol,3,1.26
 Focus,18995,Manual,14554,Diesel,4,1.26
 Focus,18991,Manual,905,Petrol,1,1
 Focus,18991,Manual,19460,Diesel,3,1.26
 Focus,18991,Automatic,2986,Petrol,2,1
 Focus,18991,Manual,20147,Petrol,3,1.26
 Focus,18991,Automatic,3159,Petrol,2,1
 Focus,18990,Automatic,6393,Diesel,2,1.26
 Focus,18990,Manual,8197,Petrol,2,1
 Focus,18990,Manual,11350,Diesel,3,1.26
 Focus,18990,Manual,8213,Diesel,3,1.26
 Focus,18990,Manual,8624,Petrol,3,1.26
 Focus,18990,Manual,8400,Petrol,2,1
 Focus,18990,Automatic,10690,Diesel,2,1.14
 Focus,18990,Manual,16496,Petrol,2,1.14
 Focus,18990,Manual,14155,Petrol,3,1.26
 Focus,18990,Manual,12131,Diesel,3,1.26
 Focus,18990,Automatic,6393,Diesel,2,1.26
 Focus,18990,Automatic,6393,Diesel,2,1.26
 Focus,18990,Automatic,6393,Diesel,2,1.26
 Focus,18987,Manual,13081,Diesel,3,1.26
 Focus,18975,Manual,6200,Petrol,2,1
 Focus,18975,Manual,6200,Petrol,2,1
 Focus,18960,Manual,824,Petrol,2,1
 Focus,18960,Manual,824,Petrol,2,1
 Focus,18960,Manual,824,Petrol,2,1
 Focus,18960,Manual,824,Petrol,2,1
 Focus,18950,Manual,7777,Petrol,3,1.26
 Focus,18947,Manual,9615,Petrol,3,1.26
 Focus,18930,Manual,13965,Petrol,4,1.26
 Focus,18910,Manual,11167,Petrol,2,1
 Focus,18900,Automatic,9022,Petrol,2,1
 Focus,18900,Automatic,4274,Diesel,3,1.26
 Focus,18900,Manual,100,Petrol,2,1
 Focus,18900,Manual,9552,Petrol,2,1.14
 Focus,18900,Manual,10,Petrol,1,1
 Focus,18900,Manual,12811,Petrol,4,1.26
 Focus,18900,Manual,1318,Petrol,2,1
 Focus,18900,Manual,16000,Petrol,4,1.26
 Focus,18899,Manual,5687,Petrol,2,1.14
 Focus,18899,Manual,11010,Petrol,4,1.26
 Focus,18898,Manual,8800,Petrol,2,1.14
 Focus,18891,Manual,12000,Petrol,3,1.26
 Focus,18890,Manual,15450,Petrol,3,1.26
 Focus,18890,Manual,1454,Petrol,3,1.26
 Focus,18875,Automatic,1137,Petrol,2,1.14
 Focus,18860,Manual,7111,Diesel,2,1.26
 Focus,18860,Manual,7111,Diesel,2,1.26
 Focus,18860,Manual,7111,Diesel,2,1.26
 Focus,18860,Manual,7111,Diesel,2,1.26
 Focus,18838,Manual,13339,Diesel,3,1.26
 Focus,18807,Manual,11674,Petrol,4,1.26
 Focus,18800,Manual,13867,Petrol,3,1.26
 Focus,18800,Manual,5828,Petrol,2,1
 Focus,18800,Manual,5087,Petrol,3,1.26
 Focus,18800,Manual,8813,Petrol,4,1.26
 Focus,18800,Automatic,17476,Diesel,2,1.26
 Focus,18798,Manual,17691,Petrol,4,1.26
 Focus,18798,Manual,5015,Diesel,2,1.26
 Focus,18797,Manual,5946,Petrol,3,1.26
 Focus,18797,Manual,11597,Diesel,3,1.26
 Focus,18795,Manual,4581,Petrol,2,1
 Focus,18795,Manual,12589,Petrol,3,1.26
 Focus,18795,Manual,14076,Petrol,3,1.26
 Focus,18791,Automatic,1704,Petrol,2,1.14
 Focus,18790,Manual,3735,Petrol,2,1
 Focus,18787,Manual,15464,Petrol,3,1.26
 Focus,18785,Manual,12395,Diesel,2,1.14
 Focus,18785,Manual,12395,Diesel,2,1.14
 Focus,18785,Manual,12395,Diesel,2,1.14
 Focus,18785,Manual,12395,Diesel,2,1.14
 Focus,18777,Manual,7390,Petrol,4,1.26
 Focus,18770,Automatic,9162,Diesel,2,1.14
 Focus,18765,Manual,17039,Petrol,3,1.26
 Focus,18760,Manual,12935,Petrol,3,1.26
 Focus,18750,Manual,10080,Petrol,4,1.26
 Focus,18750,Manual,5252,Petrol,2,1.14
 Focus,18745,Manual,7855,Diesel,2,1.26
 Focus,18745,Manual,7855,Diesel,2,1.26
 Focus,18745,Manual,7855,Diesel,2,1.26
 Focus,18745,Manual,7855,Diesel,2,1.26
 Focus,18700,Manual,16952,Diesel,3,1.26
 Focus,18700,Manual,9654,Petrol,2,1.14
 Focus,18700,Automatic,3095,Diesel,2,1.26
 Focus,18699,Manual,603,Petrol,2,1
 Focus,18699,Manual,8883,Petrol,2,1
 Focus,18699,Automatic,4267,Petrol,2,1
 Focus,18699,Automatic,3588,Petrol,2,1.14
 Focus,18699,Manual,11736,Petrol,3,1.26
 Focus,18698,Manual,15365,Petrol,2,1
 Focus,18698,Manual,14087,Petrol,4,1.26
 Focus,18695,Manual,2712,Petrol,2,1.14
 Focus,18695,Manual,12589,Petrol,3,1.26
 Focus,18695,Manual,2712,Petrol,2,1.14
 Focus,18695,Manual,2712,Petrol,2,1.14
 Focus,18695,Manual,2712,Petrol,2,1.14
 Focus,18690,Manual,16967,Petrol,4,1.26
 Focus,18689,Manual,14277,Diesel,3,1.26
 Focus,18689,Manual,14277,Diesel,3,1.26
 Focus,18681,Manual,17515,Petrol,3,1.26
 Focus,18680,Automatic,8900,Diesel,2,1.14
 Focus,18680,Manual,3300,Petrol,3,1.26
 Focus,18650,Automatic,2219,Diesel,2,1.14
 Focus,18650,Automatic,2219,Diesel,2,1.14
 Focus,18650,Manual,451,Petrol,2,1
 Focus,18650,Manual,451,Petrol,2,1
 Focus,18650,Automatic,2219,Diesel,2,1.14
 Focus,18650,Manual,451,Petrol,2,1
 Focus,18650,Automatic,2219,Diesel,2,1.14
 Focus,18650,Manual,451,Petrol,2,1
 Focus,18647,Manual,19017,Petrol,3,1.26
 Focus,18611,Automatic,293,Diesel,1,1.14
 Focus,18610,Manual,10843,Petrol,4,1.26
 Focus,18600,Automatic,10855,Diesel,2,1.14
 Focus,18600,Manual,14005,Petrol,3,1.26
 Focus,18599,Automatic,5900,Diesel,2,1.14
 Focus,18599,Manual,18418,Petrol,4,1.26
 Focus,18599,Automatic,3720,Diesel,2,1.26
 Focus,18580,Manual,4984,Diesel,2,1.14
 Focus,18580,Manual,4984,Diesel,2,1.14
 Focus,18580,Manual,4984,Diesel,2,1.14
 Focus,18580,Manual,4984,Diesel,2,1.14
 Focus,18567,Manual,18400,Diesel,3,1.26
 Focus,18550,Automatic,5016,Diesel,2,1.26
 Focus,18520,Manual,11958,Petrol,3,1.26
 Focus,18520,Manual,9435,Petrol,2,1.14
 Focus,18520,Manual,17327,Petrol,4,1.26
 Focus,18520,Manual,1523,Petrol,2,1
 Focus,18520,Manual,1523,Petrol,2,1
 Focus,18520,Manual,1523,Petrol,2,1
 Focus,18520,Manual,1523,Petrol,2,1
 Focus,18511,Manual,771,Diesel,1,1.14
 Focus,18500,Manual,100,Petrol,1,1
 Focus,18500,Manual,10960,Petrol,4,1.26
 Focus,18500,Manual,12135,Diesel,3,1.26
 Focus,18500,Manual,5297,Diesel,3,1.14
 Focus,18500,Automatic,3600,Petrol,2,1
 Focus,18500,Manual,16226,Petrol,3,1.26
 Focus,18500,Manual,7200,Petrol,2,1.14
 Focus,18500,Manual,16292,Petrol,4,1.26
 Focus,18500,Manual,23604,Diesel,3,1.26
 Focus,18500,Manual,14502,Diesel,3,1.26
 Focus,18500,Manual,16970,Petrol,3,1.26
 Focus,18500,Manual,4417,Petrol,2,1
 Focus,18500,Manual,12514,Petrol,3,1.26
 Focus,18500,Manual,21901,Diesel,3,1.26
 Focus,18500,Manual,7640,Petrol,4,1.26
 Focus,18500,Manual,5713,Petrol,4,1.26
 Focus,18500,Manual,12965,Petrol,4,1.26
 Focus,18500,Manual,7831,Petrol,2,1
 Focus,18500,Automatic,9662,Diesel,2,1.14
 Focus,18500,Manual,100,Petrol,1,1
 Focus,18500,Manual,100,Petrol,1,1
 Focus,18500,Manual,100,Petrol,1,1
 Focus,18500,Manual,10960,Petrol,4,1.26
 Focus,18500,Manual,10960,Petrol,4,1.26
 Focus,18500,Manual,100,Petrol,1,1
 Focus,18500,Manual,10960,Petrol,4,1.26
 Focus,18500,Manual,10960,Petrol,4,1.26
 Focus,18500,Manual,10960,Petrol,4,1.26
 Focus,18500,Automatic,10000,Diesel,2,1.14
 Focus,18500,Automatic,11716,Diesel,2,1.14
 Focus,18500,Manual,100,Petrol,1,1
 Focus,18500,Manual,10960,Petrol,4,1.26
 Focus,18500,Manual,10960,Petrol,4,1.26
 Focus,18500,Manual,100,Petrol,1,1
 Focus,18500,Manual,10960,Petrol,4,1.26
 Focus,18500,Manual,100,Petrol,1,1
 Focus,18500,Manual,100,Petrol,1,1
 Focus,18500,Manual,10960,Petrol,4,1.26
 Focus,18500,Manual,100,Petrol,1,1
 Focus,18500,Manual,10960,Petrol,4,1.26
 Focus,18500,Manual,10960,Petrol,4,1.26
 Focus,18500,Manual,10960,Petrol,4,1.26
 Focus,18500,Manual,100,Petrol,1,1
 Focus,18500,Manual,100,Petrol,1,1
 Focus,18500,Manual,10960,Petrol,4,1.26
 Focus,18500,Manual,10960,Petrol,4,1.26
 Focus,18500,Manual,10960,Petrol,4,1.26
 Focus,18499,Manual,14682,Petrol,3,1.26
 Focus,18499,Manual,15254,Petrol,3,1.26
 Focus,18499,Manual,13063,Petrol,4,1.26
 Focus,18499,Manual,13063,Petrol,4,1.26
 Focus,18499,Manual,19860,Petrol,4,1.26
 Focus,18499,Manual,8000,Petrol,2,1
 Focus,18499,Manual,1286,Petrol,2,1
 Focus,18499,Manual,7445,Petrol,2,1
 Focus,18499,Manual,29553,Petrol,3,1.26
 Focus,18499,Manual,30687,Petrol,3,1.26
 Focus,18499,Manual,4945,Petrol,2,1.14
 Focus,18498,Manual,14441,Petrol,4,1.26
 Focus,18498,Manual,21167,Diesel,3,1.26
 Focus,18498,Semi-Auto,21183,Diesel,4,1.26
 Focus,18498,Automatic,6096,Diesel,2,1.26
 Focus,18498,Manual,12096,Petrol,4,1.26
 Focus,18498,Manual,26904,Diesel,3,1.26
 Focus,18498,Manual,2369,Petrol,2,1
 Focus,18498,Manual,5532,Petrol,2,1
 Focus,18497,Manual,13933,Petrol,3,1.26
 Focus,18497,Manual,13169,Petrol,3,1.26
 Focus,18495,Manual,5500,Petrol,1,1
 Focus,18495,Manual,16437,Petrol,3,1.26
 Focus,18495,Manual,12446,Petrol,3,1.26
 Focus,18495,Manual,7846,Petrol,2,1
 Focus,18495,Manual,6708,Petrol,2,1
 Focus,18495,Manual,13938,Petrol,3,1.26
 Focus,18495,Manual,6771,Petrol,2,1
 Focus,18491,Manual,18523,Petrol,4,1.26
 Focus,18491,Manual,12117,Petrol,3,1.26
 Focus,18491,Manual,6121,Petrol,2,1
 Focus,18490,Manual,11541,Petrol,3,1.26
 Focus,18490,Manual,11056,Petrol,2,1
 Focus,18490,Manual,14457,Diesel,4,1.26
 Focus,18490,Automatic,1890,Petrol,2,1.14
 Focus,18490,Manual,1421,Petrol,1,1
 Focus,18490,Manual,7461,Petrol,3,1.14
 Focus,18490,Automatic,19398,Diesel,3,1.26
 Focus,18489,Manual,9567,Diesel,2,1.14
 Focus,18481,Manual,21217,Petrol,3,1.26
 Focus,18450,Automatic,14464,Diesel,2,1.14
 Focus,18450,Automatic,4670,Petrol,2,1.14
 Focus,18420,Manual,6479,Diesel,2,1.26
 Focus,18420,Automatic,6435,Diesel,2,1.26
 Focus,18400,Manual,3674,Diesel,2,1.14
 Focus,18400,Manual,17128,Diesel,3,1.26
 Focus,18400,Manual,5334,Petrol,2,1
 Focus,18400,Manual,8230,Diesel,2,1.14
 Focus,18399,Manual,21000,Petrol,4,1.26
 Focus,18398,Automatic,5949,Diesel,2,1.14
 Focus,18391,Automatic,12821,Petrol,2,1
 Focus,18391,Manual,8636,Petrol,2,1
 Focus,18390,Manual,14682,Petrol,3,1.26
 Focus,18389,Manual,19000,Petrol,3,0
 Focus,18367,Manual,21675,Petrol,3,1.26
 Focus,18367,Manual,14535,Petrol,4,1.26
 Focus,18330,Manual,10503,Diesel,2,1.14
 Focus,18330,Manual,10503,Diesel,2,1.14
 Focus,18330,Manual,10503,Diesel,2,1.14
 Focus,18330,Manual,10503,Diesel,2,1.14
 Focus,18300,Automatic,5800,Petrol,2,1.14
 Focus,18300,Manual,1694,Petrol,3,1.14
 Focus,18300,Manual,13813,Petrol,4,1.26
 Focus,18299,Manual,731,Petrol,2,1
 Focus,18299,Manual,4287,Diesel,2,1.14
 Focus,18299,Manual,13014,Petrol,4,1.26
 Focus,18299,Manual,2667,Petrol,2,1
 Focus,18298,Manual,21456,Diesel,3,1.26
 Focus,18298,Automatic,6269,Diesel,2,1.14
 Focus,18298,Automatic,2840,Diesel,2,1.14
 Focus,18295,Manual,21800,Petrol,3,1.26
 Focus,18295,Automatic,10677,Petrol,2,1
 Focus,18277,Manual,18646,Diesel,3,1.26
 Focus,18262,Manual,14800,Petrol,4,1.26
 Focus,18256,Manual,10138,Diesel,3,1.26
 Focus,18250,Manual,20132,Petrol,3,1.26
 Focus,18250,Manual,17227,Petrol,3,1.26
 Focus,18250,Manual,11323,Petrol,4,1.26
 Focus,18250,Manual,4365,Petrol,2,1
 Focus,18250,Manual,7641,Petrol,2,1
 Focus,18250,Automatic,4261,Petrol,2,1
 Focus,18250,Automatic,3492,Diesel,2,1.26
 Focus,18250,Automatic,9996,Diesel,2,1.14
 Focus,18225,Manual,3230,Petrol,2,1
 Focus,18225,Manual,3230,Petrol,2,1
 Focus,18225,Manual,3230,Petrol,2,1
 Focus,18225,Manual,3230,Petrol,2,1
 Focus,18200,Manual,4101,Petrol,2,1
 Focus,18200,Manual,7500,Petrol,2,1
 Focus,18200,Manual,13105,Petrol,4,1.26
 Focus,18200,Automatic,11115,Petrol,2,1
 Focus,18200,Manual,17000,Petrol,4,1.26
 Focus,18200,Manual,5184,Diesel,2,1.26
 Focus,18200,Manual,804,Petrol,2,1
 Focus,18199,Manual,13000,Petrol,4,1.26
 Focus,18160,Manual,17583,Petrol,4,1.26
 Focus,18140,Manual,4577,Diesel,2,1.14
 Focus,18139,Manual,17522,Petrol,2,1.14
 Focus,18125,Automatic,3376,Diesel,2,1.26
 Focus,18090,Manual,19055,Petrol,3,1.26
 Focus,18060,Manual,18660,Diesel,3,1.26
 Focus,18050,Manual,22727,Petrol,3,1.26
 Focus,18047,Manual,15309,Petrol,4,1.26
 Focus,18030,Manual,4520,Diesel,2,1.14
 Focus,18030,Manual,15310,Diesel,4,1.26
 Focus,18030,Manual,14608,Petrol,2,1
 Focus,18030,Manual,14608,Petrol,2,1
 Focus,18030,Manual,14608,Petrol,2,1
 Focus,18030,Manual,14608,Petrol,2,1
 Focus,18020,Automatic,4084,Diesel,2,1.14
 Focus,18000,Manual,12907,Petrol,3,1.26
 Focus,18000,Manual,14184,Petrol,2,1.14
 Focus,18000,Automatic,5770,Diesel,2,1.26
 Focus,18000,Manual,8985,Petrol,2,1
 Focus,18000,Manual,2586,Petrol,3,1.14
 Focus,18000,Manual,5909,Petrol,3,1.26
 Focus,18000,Automatic,12154,Petrol,3,1.14
 Focus,18000,Manual,5000,Petrol,2,1
 Focus,18000,Automatic,3969,Petrol,3,1.14
 Focus,18000,Manual,8789,Petrol,4,1.26
 Focus,18000,Manual,3379,Petrol,2,1
 Focus,18000,Manual,11116,Petrol,2,1
 Focus,18000,Semi-Auto,30591,Diesel,4,1.26
 Focus,18000,Manual,9520,Petrol,2,1.14
 Focus,18000,Manual,5000,Petrol,3,1
 Focus,18000,Manual,10435,Petrol,3,1.26
 Focus,18000,Manual,6500,Petrol,2,1
 Focus,18000,Manual,7285,Petrol,2,1.14
 Focus,18000,Manual,31603,Petrol,4,1.26
 Focus,18000,Automatic,20496,Diesel,2,1.14
 Focus,18000,Automatic,6957,Diesel,2,1.26
 Focus,18000,Manual,3581,Petrol,3,1
 Focus,18000,Manual,4000,Petrol,2,1
 Focus,18000,Manual,23361,Petrol,4,1.26
 Focus,18000,Automatic,8607,Petrol,3,1.14
 Focus,18000,Automatic,14557,Diesel,3,1.14
 Focus,18000,Manual,5731,Petrol,2,1
 Focus,18000,Manual,9500,Petrol,2,1.14
 Focus,18000,Automatic,5000,Petrol,2,1.14
 Focus,17999,Manual,11304,Petrol,2,1.14
 Focus,17999,Manual,4432,Petrol,2,1
 Focus,17999,Manual,4451,Petrol,2,1
 Focus,17999,Automatic,14989,Diesel,2,1.14
 Focus,17999,Automatic,4134,Diesel,2,1.26
 Focus,17999,Automatic,5491,Diesel,2,1.26
 Focus,17999,Automatic,3824,Diesel,2,1.26
 Focus,17999,Manual,1291,Diesel,2,1.26
 Focus,17999,Automatic,3521,Diesel,2,1.26
 Focus,17999,Automatic,95,Petrol,2,1
 Focus,17999,Manual,12014,Petrol,2,1
 Focus,17999,Automatic,2594,Diesel,2,1.14
 Focus,17999,Automatic,1480,Diesel,2,1.26
 Focus,17999,Automatic,3016,Diesel,2,1.26
 Focus,17999,Automatic,4147,Diesel,2,1.26
 Focus,17998,Manual,9066,Petrol,4,1.26
 Focus,17998,Manual,19525,Petrol,4,1.26
 Focus,17998,Manual,12027,Diesel,2,1.14
 Focus,17998,Automatic,2676,Diesel,2,1.26
 Focus,17998,Manual,23521,Petrol,2,1
 Focus,17998,Manual,16001,Diesel,4,1.26
 Focus,17998,Manual,21817,Petrol,3,1.26
 Focus,17998,Manual,10222,Diesel,2,1.14
 Focus,17997,Manual,10200,Diesel,4,1.26
 Focus,17997,Manual,15336,Petrol,3,1.26
 Focus,17995,Manual,5297,Diesel,3,1.14
 Focus,17995,Manual,11496,Diesel,2,1.26
 Focus,17995,Manual,90,Petrol,2,1
 Focus,17995,Manual,21443,Petrol,3,1.26
 Focus,17995,Manual,3250,Petrol,2,1
 Focus,17995,Manual,14569,Petrol,2,1
 Focus,17995,Manual,5668,Petrol,2,1
 Focus,17995,Manual,14569,Petrol,2,1
 Focus,17995,Manual,11432,Petrol,4,1.26
 Focus,17995,Manual,1630,Petrol,2,1
 Focus,17995,Manual,2000,Petrol,2,1
 Focus,17994,Manual,17001,Petrol,4,1.26
 Focus,17991,Manual,4976,Petrol,2,1
 Focus,17991,Automatic,17520,Petrol,2,1
 Focus,17991,Manual,3276,Diesel,2,1.14
 Focus,17991,Manual,10286,Petrol,3,1.26
 Focus,17991,Manual,6682,Petrol,2,1
 Focus,17991,Manual,1232,Diesel,2,1.14
 Focus,17991,Manual,17783,Petrol,4,1.26
 Focus,17990,Manual,4967,Petrol,2,1
 Focus,17990,Manual,4877,Petrol,2,1
 Focus,17990,Manual,5298,Petrol,2,1
 Focus,17990,Manual,7519,Petrol,3,1.26
 Focus,17990,Manual,10318,Petrol,2,1
 Focus,17990,Automatic,9800,Petrol,2,1
 Focus,17990,Manual,2972,Petrol,2,1
 Focus,17990,Automatic,3289,Diesel,2,1.14
 Focus,17989,Manual,19653,Petrol,3,1.26
 Focus,17989,Manual,19653,Petrol,3,1.26
 Focus,17989,Automatic,15623,Diesel,2,1.14
 Focus,17981,Manual,3892,Diesel,2,1.14
 Focus,17980,Manual,14426,Petrol,2,1
 Focus,17980,Manual,5999,Petrol,2,1
 Focus,17979,Manual,22239,Petrol,4,1.26
 Focus,17977,Manual,8237,Petrol,4,1.26
 Focus,17970,Manual,10985,Diesel,2,1.14
 Focus,17970,Manual,19254,Petrol,3,1.26
 Focus,17950,Manual,27188,Petrol,4,1.26
 Focus,17950,Automatic,13965,Petrol,2,1
 Focus,17945,Manual,8270,Petrol,3,1.26
 Focus,17940,Manual,3546,Petrol,2,1
 Focus,17900,Manual,9504,Diesel,2,1.14
 Focus,17900,Automatic,8221,Diesel,2,1.14
 Focus,17900,Manual,3098,Petrol,2,1
 Focus,17900,Manual,5218,Petrol,3,1
 Focus,17900,Automatic,13340,Petrol,3,1.14
 Focus,17900,Manual,10586,Petrol,3,1.26
 Focus,17900,Manual,20096,Petrol,5,1.26
 Focus,17900,Manual,6690,Petrol,2,1.14
 Focus,17900,Manual,5051,Petrol,2,1
 Focus,17900,Automatic,10611,Petrol,2,1
 Focus,17900,Automatic,2065,Petrol,2,1
 Focus,17900,Manual,13081,Petrol,4,1.26
 Focus,17899,Manual,6880,Petrol,2,1
 Focus,17899,Manual,16601,Petrol,4,1.26
 Focus,17895,Manual,1696,Petrol,2,1
 Focus,17891,Manual,14384,Petrol,3,1.26
 Focus,17890,Manual,6927,Petrol,2,1
 Focus,17890,Automatic,11834,Diesel,2,1.26
 Focus,17890,Manual,26181,Petrol,4,1.26
 Focus,17880,Manual,1,Diesel,2,1.14
 Focus,17850,Manual,8781,Petrol,3,1.26
 Focus,17850,Automatic,4233,Diesel,2,1.14
 Focus,17800,Manual,4487,Diesel,2,1.26
 Focus,17800,Manual,3200,Petrol,2,1
 Focus,17799,Automatic,906,Petrol,2,1
 Focus,17798,Manual,10345,Petrol,4,1.26
 Focus,17798,Manual,11134,Diesel,4,1.26
 Focus,17797,Manual,19642,Petrol,3,1.26
 Focus,17795,Manual,16919,Petrol,4,1.26
 Focus,17790,Manual,5920,Petrol,2,1
 Focus,17782,Manual,17809,Petrol,3,1.26
 Focus,17780,Manual,10944,Diesel,2,1.14
 Focus,17750,Automatic,11321,Diesel,3,1.14
 Focus,17750,Manual,9836,Diesel,3,1.26
 Focus,17750,Manual,19510,Diesel,4,1.26
 Focus,17750,Manual,5597,Petrol,4,1.26
 Focus,17750,Manual,7199,Petrol,4,1.26
 Focus,17750,Manual,4827,Petrol,2,1
 Focus,17750,Manual,15165,Petrol,3,1.26
 Focus,17750,Manual,18022,Diesel,4,1.26
 Focus,17725,Manual,10857,Diesel,2,1.14
 Focus,17700,Manual,10558,Petrol,3,1.26
 Focus,17700,Manual,4000,Petrol,2,1
 Focus,17700,Manual,17991,Diesel,4,1.26
 Focus,17700,Manual,10788,Diesel,2,1.14
 Focus,17700,Manual,1864,Petrol,2,1
 Focus,17699,Manual,5443,Petrol,2,1
 Focus,17699,Manual,3205,Petrol,2,1
 Focus,17699,Automatic,3252,Diesel,2,1.26
 Focus,17699,Automatic,1821,Diesel,2,1.14
 Focus,17698,Manual,14557,Petrol,4,1.26
 Focus,17698,Manual,6543,Petrol,2,1
 Focus,17695,Manual,7782,Petrol,4,1.26
 Focus,17691,Manual,11982,Petrol,2,1
 Focus,17650,Manual,768,Petrol,2,1
 Focus,17630,Manual,25526,Petrol,4,1.26
 Focus,17620,Automatic,9014,Petrol,2,1
 Focus,17610,Automatic,7886,Petrol,2,1
 Focus,17610,Automatic,7886,Petrol,2,1
 Focus,17610,Automatic,7886,Petrol,2,1
 Focus,17610,Automatic,7886,Petrol,2,1
 Focus,17600,Manual,16393,Petrol,4,1.26
 Focus,17590,Manual,12095,Diesel,2,1.14
 Focus,17580,Manual,12592,Petrol,2,1
 Focus,17580,Manual,12592,Petrol,2,1
 Focus,17580,Manual,12592,Petrol,2,1
 Focus,17580,Manual,12592,Petrol,2,1
 Focus,17547,Manual,12675,Petrol,4,1.26
 Focus,17530,Automatic,7648,Petrol,2,1.14
 Focus,17520,Manual,1987,Petrol,2,1
 Focus,17520,Manual,6852,Petrol,2,1
 Focus,17520,Manual,5000,Petrol,2,1
 Focus,17520,Manual,3214,Petrol,2,1
 Focus,17520,Manual,2679,Petrol,2,1
 Focus,17520,Manual,151,Petrol,2,1
 Focus,17520,Manual,4835,Petrol,2,1
 Focus,17520,Manual,151,Petrol,2,1
 Focus,17520,Manual,100,Petrol,2,1
 Focus,17520,Manual,150,Petrol,2,1
 Focus,17520,Manual,100,Petrol,2,1
 Focus,17520,Manual,3758,Petrol,2,1
 Focus,17520,Manual,4892,Petrol,2,1
 Focus,17520,Manual,7562,Petrol,2,1
 Focus,17520,Manual,2798,Petrol,2,1
 Focus,17520,Manual,4792,Petrol,2,1
 Focus,17520,Manual,6871,Petrol,2,1
 Focus,17520,Manual,8459,Petrol,2,1
 Focus,17520,Manual,4487,Petrol,2,1
 Focus,17520,Manual,5127,Petrol,2,1
 Focus,17520,Manual,5236,Petrol,2,1
 Focus,17520,Manual,4132,Petrol,2,1
 Focus,17520,Manual,2269,Petrol,2,1
 Focus,17520,Manual,3121,Petrol,2,1
 Focus,17520,Manual,4764,Petrol,2,1
 Focus,17520,Manual,1981,Petrol,2,1
 Focus,17520,Manual,4595,Petrol,2,1
 Focus,17520,Manual,5342,Petrol,2,1
 Focus,17520,Manual,8,Petrol,2,1
 Focus,17503,Manual,22789,Petrol,4,1.26
 Focus,17500,Automatic,12877,Petrol,2,1
 Focus,17500,Manual,21752,Petrol,4,1.26
 Focus,17500,Manual,17280,Diesel,3,1.26
 Focus,17500,Manual,23678,Petrol,4,1.26
 Focus,17500,Manual,151,Petrol,2,1
 Focus,17500,Automatic,4281,Petrol,2,1
 Focus,17500,Manual,2160,Petrol,2,1
 Focus,17500,Manual,13402,Petrol,2,1
 Focus,17500,Manual,2112,Petrol,2,1
 Focus,17500,Manual,26317,Petrol,3,1.26
 Focus,17500,Manual,5260,Petrol,2,1
 Focus,17500,Manual,2908,Petrol,3,1
 Focus,17500,Automatic,11211,Petrol,2,1
 Focus,17500,Manual,20881,Diesel,3,1.26
 Focus,17500,Manual,4290,Petrol,3,1
 Focus,17500,Manual,17959,Petrol,4,1.26
 Focus,17500,Manual,7356,Petrol,3,1.26
 Focus,17500,Manual,7876,Petrol,2,1
 Focus,17500,Manual,1757,Petrol,2,1.14
 Focus,17500,Manual,16950,Petrol,4,1.26
 Focus,17500,Manual,20,Petrol,2,1
 Focus,17500,Manual,14008,Petrol,3,1.14
 Focus,17500,Manual,5492,Petrol,2,1
 Focus,17500,Manual,3700,Petrol,2,1
 Focus,17500,Automatic,13895,Petrol,2,1
 Focus,17500,Manual,4000,Petrol,2,1
 Focus,17500,Manual,2321,Petrol,2,1
 Focus,17500,Manual,26965,Petrol,3,1.26
 Focus,17500,Manual,22864,Petrol,4,1.26
 Focus,17500,Manual,9651,Diesel,2,1.14
 Focus,17500,Automatic,12877,Petrol,2,1
 Focus,17500,Manual,9651,Diesel,2,1.14
 Focus,17500,Manual,9651,Diesel,2,1.14
 Focus,17500,Automatic,12877,Petrol,2,1
 Focus,17500,Manual,9651,Diesel,2,1.14
 Focus,17500,Automatic,12877,Petrol,2,1
 Focus,17499,Manual,13462,Petrol,2,1
 Focus,17499,Manual,8836,Petrol,2,1
 Focus,17499,Manual,8588,Petrol,2,1
 Focus,17499,Manual,3169,Petrol,2,1
 Focus,17499,Automatic,1260,Diesel,2,1.14
 Focus,17499,Manual,17663,Petrol,5,1.26
 Focus,17499,Manual,17663,Petrol,5,1.26
 Focus,17499,Manual,1986,Diesel,2,1.26
 Focus,17499,Automatic,5700,Diesel,2,1.14
 Focus,17499,Manual,8140,Petrol,2,1
 Focus,17499,Manual,25065,Diesel,3,1.26
 Focus,17499,Automatic,1478,Petrol,2,1
 Focus,17498,Manual,11184,Petrol,2,1
 Focus,17498,Automatic,11022,Petrol,2,1
 Focus,17498,Manual,7359,Diesel,2,1.14
 Focus,17498,Manual,13558,Petrol,4,1.26
 Focus,17498,Manual,11453,Petrol,2,1
 Focus,17498,Automatic,13743,Petrol,2,1
 Focus,17498,Manual,14074,Diesel,2,1.14
 Focus,17498,Manual,30690,Diesel,3,1.26
 Focus,17498,Manual,28068,Diesel,3,1.26
 Focus,17498,Automatic,13030,Petrol,2,1
 Focus,17497,Manual,8493,Petrol,2,1
 Focus,17497,Manual,9321,Petrol,2,1
 Focus,17495,Automatic,13682,Diesel,4,1.26
 Focus,17495,Manual,6800,Petrol,2,1
 Focus,17495,Manual,11885,Petrol,2,1
 Focus,17495,Manual,11939,Petrol,2,1
 Focus,17495,Semi-Auto,36413,Diesel,3,1.26
 Focus,17495,Manual,15437,Petrol,4,1.26
 Focus,17495,Manual,26587,Diesel,4,1.26
 Focus,17495,Manual,6130,Petrol,2,1
 Focus,17495,Manual,8107,Diesel,3,1.26
 Focus,17495,Manual,7471,Petrol,2,1
 Focus,17495,Manual,6370,Petrol,2,1
 Focus,17495,Manual,9080,Petrol,2,1
 Focus,17495,Manual,25739,Petrol,4,1.26
 Focus,17495,Manual,27669,Petrol,4,1.26
 Focus,17495,Manual,2808,Petrol,2,1
 Focus,17495,Manual,5225,Petrol,2,1
 Focus,17491,Automatic,9389,Petrol,2,1
 Focus,17490,Manual,944,Petrol,2,1
 Focus,17490,Manual,6845,Petrol,2,1.14
 Focus,17490,Manual,12300,Petrol,2,1
 Focus,17490,Manual,14058,Petrol,3,1.26
 Focus,17490,Manual,1550,Petrol,1,1
 Focus,17489,Manual,9028,Petrol,3,1.26
 Focus,17480,Manual,4213,Petrol,2,1
 Focus,17480,Manual,4286,Petrol,2,1
 Focus,17480,Manual,1350,Petrol,2,1
 Focus,17480,Manual,8469,Petrol,2,1
 Focus,17480,Manual,3284,Petrol,2,1
 Focus,17480,Manual,3314,Petrol,2,1
 Focus,17475,Manual,24550,Diesel,4,1.26
 Focus,17475,Manual,24550,Diesel,4,1.26
 Focus,17470,Manual,1120,Petrol,2,1
 Focus,17470,Manual,1152,Petrol,2,1
 Focus,17451,Manual,14584,Diesel,4,1.26
 Focus,17450,Manual,15116,Petrol,4,1.26
 Focus,17450,Manual,4650,Petrol,2,1
 Focus,17450,Manual,9633,Diesel,3,1.26
 Focus,17450,Manual,6707,Petrol,2,1
 Focus,17450,Automatic,13815,Petrol,2,1
 Focus,17440,Manual,7937,Diesel,2,1.14
 Focus,17440,Manual,7937,Diesel,2,1.14
 Focus,17440,Manual,7937,Diesel,2,1.14
 Focus,17440,Manual,7937,Diesel,2,1.14
 Focus,17420,Manual,5920,Petrol,2,1
 Focus,17410,Manual,1546,Petrol,2,1
 Focus,17410,Manual,1714,Petrol,2,1
 Focus,17410,Manual,2117,Petrol,2,1
 Focus,17410,Manual,2852,Petrol,2,1
 Focus,17410,Manual,9500,Petrol,2,1
 Focus,17400,Semi-Auto,21900,Diesel,3,1.26
 Focus,17400,Manual,11977,Petrol,3,1.26
 Focus,17400,Manual,14398,Petrol,3,1.26
 Focus,17400,Manual,11616,Petrol,3,1.26
 Focus,17400,Manual,19000,Petrol,3,1.26
 Focus,17395,Manual,1672,Diesel,2,1.14
 Focus,17390,Manual,3392,Petrol,2,1
 Focus,17390,Manual,2072,Petrol,2,1
 Focus,17390,Manual,3058,Petrol,2,1
 Focus,17390,Manual,2905,Petrol,2,1
 Focus,17389,Automatic,10898,Petrol,2,1
 Focus,17387,Manual,22342,Petrol,4,1.26
 Focus,17380,Manual,4052,Petrol,2,1
 Focus,17370,Manual,1038,Petrol,2,1.14
 Focus,17350,Manual,4539,Diesel,2,1.14
 Focus,17350,Manual,2931,Petrol,2,1
 Focus,17350,Manual,11157,Petrol,2,1
 Focus,17337,Manual,21661,Diesel,4,1.26
 Focus,17330,Manual,3523,Petrol,2,1
 Focus,17325,Manual,6325,Petrol,2,1
 Focus,17320,Manual,3850,Petrol,2,1
 Focus,17320,Automatic,1865,Diesel,2,1.14
 Focus,17310,Automatic,13376,Petrol,2,1
 Focus,17310,Automatic,13376,Petrol,2,1
 Focus,17310,Automatic,13376,Petrol,2,1
 Focus,17310,Automatic,13376,Petrol,2,1
 Focus,17300,Automatic,7426,Petrol,2,1
 Focus,17300,Manual,5294,Petrol,2,1
 Focus,17300,Manual,4456,Petrol,2,1
 Focus,17300,Manual,3332,Petrol,2,1
 Focus,17300,Automatic,7426,Petrol,2,1
 Focus,17300,Manual,5002,Petrol,2,1
 Focus,17300,Manual,5002,Petrol,2,1
 Focus,17300,Automatic,7426,Petrol,2,1
 Focus,17300,Automatic,7426,Petrol,2,1
 Focus,17300,Manual,5002,Petrol,2,1
 Focus,17300,Manual,5002,Petrol,2,1
 Focus,17299,Manual,5013,Petrol,2,1
 Focus,17299,Manual,19688,Petrol,3,1.26
 Focus,17299,Manual,26062,Diesel,4,1.26
 Focus,17298,Manual,3124,Petrol,3,1
 Focus,17298,Manual,16346,Petrol,4,1.26
 Focus,17298,Manual,10044,Diesel,4,1.26
 Focus,17298,Manual,12142,Petrol,2,1
 Focus,17298,Manual,9463,Petrol,4,1.26
 Focus,17295,Automatic,3366,Diesel,2,1.14
 Focus,17295,Manual,4870,Petrol,2,1
 Focus,17295,Manual,21232,Petrol,4,1.26
 Focus,17291,Manual,17573,Petrol,4,1.26
 Focus,17290,Manual,4987,Petrol,2,1
 Focus,17290,Manual,4989,Petrol,2,1
 Focus,17290,Manual,9954,Petrol,3,1
 Focus,17289,Manual,12030,Petrol,2,1
 Focus,17280,Manual,7088,Petrol,2,1
 Focus,17280,Manual,5001,Petrol,2,1
 Focus,17270,Manual,5250,Petrol,2,1
 Focus,17267,Manual,16282,Petrol,4,1.26
 Focus,17252,Manual,15834,Petrol,4,1.26
 Focus,17250,Manual,17500,Diesel,2,1.14
 Focus,17250,Manual,24185,Petrol,3,1.26
 Focus,17250,Manual,8000,Petrol,2,1
 Focus,17250,Automatic,7013,Diesel,2,1.26
 Focus,17250,Manual,14831,Petrol,3,1.26
 Focus,17250,Manual,6324,Petrol,3,1
 Focus,17250,Manual,17449,Petrol,4,1.26
 Focus,17249,Manual,7956,Diesel,2,1.14
 Focus,17217,Manual,2492,Petrol,2,1
 Focus,17210,Manual,6351,Petrol,2,1
 Focus,17200,Automatic,2952,Petrol,2,1
 Focus,17200,Manual,6984,Diesel,2,1.14
 Focus,17200,Manual,23367,Diesel,4,1.26
 Focus,17200,Manual,5989,Petrol,2,1
 Focus,17200,Manual,27234,Diesel,3,1.26
 Focus,17200,Manual,3608,Petrol,2,1
 Focus,17199,Automatic,3305,Diesel,2,1.26
 Focus,17199,Manual,4928,Diesel,2,1.14
 Focus,17197,Manual,22093,Diesel,4,1.26
 Focus,17195,Manual,10342,Petrol,2,1
 Focus,17195,Manual,9510,Petrol,2,1
 Focus,17190,Manual,6744,Petrol,2,1
 Focus,17182,Manual,15672,Petrol,3,1.26
 Focus,17170,Manual,5641,Petrol,2,1
 Focus,17160,Automatic,6214,Petrol,2,1
 Focus,17155,Manual,12086,Diesel,2,1.14
 Focus,17150,Automatic,10472,Petrol,2,1
 Focus,17150,Manual,10633,Petrol,2,1
 Focus,17150,Automatic,10472,Petrol,2,1
 Focus,17150,Automatic,10472,Petrol,2,1
 Focus,17150,Automatic,10472,Petrol,2,1
 Focus,17145,Manual,6447,Diesel,2,1.14
 Focus,17145,Manual,6447,Diesel,2,1.14
 Focus,17145,Manual,6447,Diesel,2,1.14
 Focus,17145,Manual,6447,Diesel,2,1.14
 Focus,17140,Manual,7987,Petrol,2,1
 Focus,17125,Automatic,1858,Petrol,2,1
 Focus,17098,Manual,22431,Diesel,4,1.26
 Focus,17060,Manual,9000,Diesel,3,1.26
 Focus,17030,Manual,8439,Petrol,2,1.14
 Focus,17020,Manual,12580,Petrol,2,1
 Focus,17000,Manual,4920,Diesel,2,1.14
 Focus,17000,Manual,26041,Diesel,4,1.26
 Focus,17000,Manual,3745,Petrol,2,1
 Focus,17000,Manual,10998,Petrol,2,1
 Focus,17000,Manual,11856,Diesel,4,1.26
 Focus,17000,Manual,11518,Petrol,4,1.26
 Focus,17000,Manual,11587,Diesel,3,1.26
 Focus,17000,Manual,14903,Diesel,3,1.26
 Focus,17000,Manual,12657,Diesel,3,1.26
 Focus,17000,Manual,8288,Petrol,2,1
 Focus,17000,Manual,17456,Diesel,5,1.26
 Focus,17000,Manual,11910,Petrol,3,1
 Focus,17000,Manual,9960,Petrol,2,1
 Focus,17000,Manual,4853,Petrol,3,1
 Focus,17000,Automatic,7262,Diesel,2,1.14
 Focus,17000,Manual,11740,Petrol,2,1
 Focus,17000,Manual,6337,Petrol,2,1
 Focus,17000,Automatic,4500,Petrol,2,1
 Focus,17000,Manual,7600,Petrol,2,1
 Focus,17000,Manual,6000,Petrol,2,1
 Focus,17000,Manual,14000,Petrol,2,1
 Focus,17000,Automatic,3790,Diesel,2,1.26
 Focus,17000,Manual,14146,Petrol,2,1.14
 Focus,17000,Manual,1500,Petrol,2,1
 Focus,17000,Manual,31357,Petrol,4,1.26
 Focus,17000,Automatic,16556,Diesel,3,1.14
 Focus,17000,Manual,4076,Petrol,1,1
 Focus,17000,Manual,17510,Petrol,4,1.26
 Focus,16999,Manual,10000,Petrol,2,1
 Focus,16999,Manual,7865,Petrol,2,1
 Focus,16999,Manual,10983,Petrol,3,1
 Focus,16999,Manual,26592,Petrol,4,1.26
 Focus,16999,Manual,7530,Diesel,3,1.14
 Focus,16999,Manual,4933,Petrol,2,1
 Focus,16999,Manual,8900,Petrol,2,1
 Focus,16999,Manual,9577,Diesel,3,1.14
 Focus,16999,Manual,3211,Petrol,2,1
 Focus,16999,Manual,21028,Diesel,3,1.14
 Focus,16999,Manual,4714,Diesel,2,1.14
 Focus,16999,Manual,3774,Diesel,2,1.14
 Focus,16998,Manual,10476,Petrol,2,1
 Focus,16998,Manual,20647,Petrol,2,1
 Focus,16998,Automatic,8703,Petrol,2,1.14
 Focus,16998,Manual,19936,Petrol,2,1
 Focus,16998,Manual,7924,Diesel,2,1.14
 Focus,16998,Manual,45854,Petrol,4,1.26
 Focus,16998,Manual,14206,Petrol,2,1
 Focus,16998,Automatic,30393,Diesel,4,1.26
 Focus,16998,Manual,8657,Diesel,2,1.14
 Focus,16998,Manual,15888,Petrol,2,1
 Focus,16998,Manual,17589,Petrol,5,1.26
 Focus,16998,Manual,19322,Petrol,2,1
 Focus,16998,Manual,6092,Petrol,2,1
 Focus,16998,Automatic,4286,Diesel,2,1.14
 Focus,16998,Manual,15608,Petrol,2,1
 Focus,16998,Automatic,6641,Diesel,2,1.26
 Focus,16998,Manual,23178,Petrol,2,1
 Focus,16998,Manual,21480,Petrol,2,1
 Focus,16998,Manual,31925,Diesel,3,1.26
 Focus,16998,Manual,16018,Petrol,5,1.26
 Focus,16998,Manual,14907,Petrol,2,1
 Focus,16998,Automatic,16919,Petrol,2,1
 Focus,16998,Manual,18274,Petrol,2,1
 Focus,16998,Manual,18678,Diesel,3,1.14
 Focus,16998,Manual,12526,Petrol,2,1
 Focus,16998,Manual,21284,Diesel,3,1.14
 Focus,16998,Manual,11651,Petrol,2,1
 Focus,16998,Manual,29068,Diesel,4,1.26
 Focus,16998,Manual,12926,Petrol,2,1
 Focus,16998,Manual,18875,Petrol,2,1
 Focus,16998,Manual,21277,Petrol,2,1
 Focus,16998,Manual,13998,Petrol,2,1
 Focus,16998,Manual,18040,Petrol,2,1
 Focus,16998,Manual,16410,Petrol,2,1
 Focus,16998,Manual,8488,Diesel,3,1.26
 Focus,16998,Manual,10213,Petrol,3,1
 Focus,16998,Manual,22859,Petrol,2,1
 Focus,16998,Manual,11370,Diesel,2,1.14
 Focus,16998,Manual,17819,Petrol,2,1
 Focus,16998,Manual,13255,Petrol,2,1
 Focus,16998,Manual,13039,Petrol,2,1
 Focus,16998,Manual,4152,Petrol,2,1
 Focus,16998,Manual,5568,Petrol,2,1
 Focus,16997,Manual,6837,Petrol,2,1
 Focus,16997,Manual,8954,Petrol,3,1
 Focus,16997,Manual,17343,Petrol,4,1.26
 Focus,16995,Manual,10000,Diesel,2,1.14
 Focus,16995,Manual,10584,Diesel,2,1.14
 Focus,16995,Manual,27000,Petrol,4,1.26
 Focus,16995,Manual,17493,Diesel,4,1.26
 Focus,16995,Automatic,9299,Diesel,2,1.26
 Focus,16995,Manual,10269,Diesel,2,1.14
 Focus,16995,Manual,16250,Petrol,3,1
 Focus,16995,Manual,39684,Diesel,4,1.26
 Focus,16995,Manual,8720,Diesel,2,1.14
 Focus,16995,Manual,12700,Petrol,2,1
 Focus,16995,Automatic,10688,Diesel,3,1.14
 Focus,16995,Manual,23874,Diesel,4,1.26
 Focus,16995,Manual,13306,Petrol,2,1
 Focus,16995,Manual,7660,Petrol,3,1
 Focus,16995,Manual,9366,Petrol,3,1
 Focus,16995,Manual,4777,Petrol,2,1
 Focus,16991,Manual,7223,Petrol,3,1
 Focus,16991,Manual,8735,Petrol,2,1
 Focus,16990,Manual,8668,Petrol,2,1
 Focus,16990,Manual,8348,Petrol,3,1
 Focus,16990,Manual,7546,Petrol,2,1
 Focus,16990,Manual,19500,Petrol,3,1
 Focus,16990,Manual,10194,Petrol,2,1
 Focus,16990,Manual,3788,Petrol,2,1
 Focus,16989,Manual,2120,Petrol,2,1
 Focus,16982,Manual,4000,Petrol,2,1
 Focus,16980,Semi-Auto,25782,Diesel,4,1.26
 Focus,16980,Manual,24290,Petrol,4,1.26
 Focus,16980,Semi-Auto,32000,Diesel,4,1.26
 Focus,16980,Manual,2705,Diesel,2,1.14
 Focus,16975,Manual,290,Petrol,2,1
 Focus,16970,Manual,5922,Diesel,2,1.14
 Focus,16970,Manual,5802,Petrol,2,1
 Focus,16958,Manual,24399,Petrol,4,1.26
 Focus,16950,Manual,11883,Petrol,2,1
 Focus,16950,Manual,11939,Petrol,2,1
 Focus,16950,Manual,2684,Petrol,3,1.26
 Focus,16950,Manual,30815,Petrol,4,1.26
 Focus,16950,Manual,9212,Petrol,2,1
 Focus,16950,Manual,7687,Petrol,3,1
 Focus,16950,Manual,1592,Petrol,2,1
 Focus,16950,Manual,26140,Petrol,4,1.26
 Focus,16950,Manual,15453,Petrol,4,1.26
 Focus,16950,Manual,17856,Petrol,4,1.26
 Focus,16950,Manual,11939,Petrol,2,1
 Focus,16950,Manual,11883,Petrol,2,1
 Focus,16950,Manual,11939,Petrol,2,1
 Focus,16950,Manual,11883,Petrol,2,1
 Focus,16950,Manual,11939,Petrol,2,1
 Focus,16950,Manual,11883,Petrol,2,1
 Focus,16938,Manual,4833,Petrol,2,1
 Focus,16937,Manual,18651,Diesel,2,1.14
 Focus,16920,Manual,13516,Petrol,2,1.14
 Focus,16920,Manual,4596,Diesel,2,1.14
 Focus,16920,Manual,16825,Petrol,5,1.26
 Focus,16920,Manual,13516,Petrol,2,1.14
 Focus,16920,Manual,13516,Petrol,2,1.14
 Focus,16920,Manual,13516,Petrol,2,1.14
 Focus,16900,Manual,1187,Petrol,2,1
 Focus,16900,Manual,7149,Diesel,5,1.26
 Focus,16900,Manual,17735,Diesel,4,1.26
 Focus,16900,Manual,9300,Petrol,2,1
 Focus,16900,Manual,21931,Petrol,3,1.26
 Focus,16899,Manual,7000,Diesel,2,1.14
 Focus,16899,Manual,11533,Petrol,3,1
 Focus,16899,Manual,21065,Petrol,4,1.26
 Focus,16899,Manual,16222,Diesel,4,1.26
 Focus,16899,Automatic,11997,Petrol,2,1.14
 Focus,16890,Manual,23365,Petrol,4,1.26
 Focus,16890,Manual,9938,Diesel,2,1.14
 Focus,16880,Manual,6500,Petrol,2,1
 Focus,16850,Manual,13452,Petrol,2,1
 Focus,16850,Manual,13452,Petrol,2,1
 Focus,16850,Manual,13452,Petrol,2,1
 Focus,16850,Manual,13452,Petrol,2,1
 Focus,16840,Manual,7358,Petrol,2,1
 Focus,16840,Manual,7358,Petrol,2,1
 Focus,16840,Manual,7358,Petrol,2,1
 Focus,16840,Manual,7358,Petrol,2,1
 Focus,16810,Manual,20841,Petrol,5,1.26
 Focus,16800,Manual,19388,Petrol,3,1
 Focus,16800,Manual,7241,Petrol,2,1
 Focus,16800,Manual,12750,Diesel,2,1.14
 Focus,16800,Manual,30,Petrol,2,1
 Focus,16800,Manual,1786,Petrol,2,1
 Focus,16800,Automatic,4000,Diesel,2,1.14
 Focus,16800,Automatic,2220,Diesel,2,1.14
 Focus,16799,Manual,4660,Petrol,2,1
 Focus,16799,Automatic,14196,Diesel,3,1.14
 Focus,16798,Manual,15646,Diesel,5,1.26
 Focus,16798,Manual,18215,Petrol,4,1.26
 Focus,16798,Manual,13691,Petrol,2,1
 Focus,16798,Manual,17998,Petrol,2,1
 Focus,16798,Manual,13415,Petrol,2,1
 Focus,16798,Manual,15305,Diesel,2,1.26
 Focus,16797,Manual,4523,Petrol,2,1
 Focus,16795,Manual,20385,Diesel,4,1.26
 Focus,16780,Manual,3075,Petrol,2,1
 Focus,16777,Manual,13400,Petrol,5,1.26
 Focus,16770,Manual,3200,Petrol,2,1
 Focus,16770,Manual,12942,Diesel,2,1.14
 Focus,16767,Manual,14203,Diesel,4,1.26
 Focus,16757,Automatic,24187,Diesel,4,1.26
 Focus,16750,Manual,10567,Petrol,3,1
 Focus,16750,Manual,10561,Petrol,3,1
 Focus,16730,Manual,16447,Diesel,4,1.26
 Focus,16730,Manual,4725,Petrol,2,1
 Focus,16700,Manual,7590,Petrol,2,1
 Focus,16700,Manual,11968,Petrol,5,1.26
 Focus,16700,Manual,7732,Petrol,3,1
 Focus,16700,Manual,9000,Diesel,5,1.26
 Focus,16700,Manual,14310,Petrol,2,1
 Focus,16700,Manual,5126,Petrol,2,1
 Focus,16700,Automatic,12555,Petrol,2,1
 Focus,16700,Manual,11281,Petrol,2,1
 Focus,16700,Semi-Auto,30120,Diesel,4,1.26
 Focus,16700,Manual,7590,Petrol,2,1
 Focus,16700,Manual,7590,Petrol,2,1
 Focus,16700,Manual,7590,Petrol,2,1
 Focus,16699,Manual,14728,Petrol,4,1.26
 Focus,16698,Manual,4542,Petrol,2,1
 Focus,16698,Manual,24498,Diesel,4,1.26
 Focus,16698,Manual,18633,Petrol,4,1.26
 Focus,16698,Manual,18697,Petrol,2,1
 Focus,16698,Manual,27542,Diesel,4,1.26
 Focus,16690,Manual,24692,Petrol,4,1.26
 Focus,16690,Manual,19091,Petrol,3,1.26
 Focus,16655,Manual,12119,Petrol,2,1.14
 Focus,16655,Manual,12119,Petrol,2,1.14
 Focus,16655,Manual,12119,Petrol,2,1.14
 Focus,16655,Manual,12119,Petrol,2,1.14
 Focus,16650,Automatic,13437,Petrol,2,1
 Focus,16640,Manual,7864,Petrol,2,1
 Focus,16635,Automatic,9675,Petrol,2,1
 Focus,16635,Automatic,9675,Petrol,2,1
 Focus,16635,Automatic,9675,Petrol,2,1
 Focus,16635,Automatic,9675,Petrol,2,1
 Focus,16629,Manual,3575,Petrol,2,1
 Focus,16625,Manual,12690,Petrol,3,1
 Focus,16605,Manual,13774,Diesel,2,1.14
 Focus,16605,Manual,13774,Diesel,2,1.14
 Focus,16605,Manual,13774,Diesel,2,1.14
 Focus,16605,Manual,13774,Diesel,2,1.14
 Focus,16600,Manual,12500,Diesel,2,1.14
 Focus,16600,Manual,5283,Diesel,2,1.14
 Focus,16600,Automatic,7000,Petrol,2,1
 Focus,16599,Automatic,12238,Petrol,2,1
 Focus,16598,Automatic,11256,Petrol,2,1
 Focus,16598,Automatic,12560,Petrol,2,1
 Focus,16597,Manual,19065,Petrol,5,1.26
 Focus,16569,Manual,2828,Petrol,2,1
 Focus,16530,Manual,5000,Petrol,2,1
 Focus,16525,Automatic,3220,Diesel,2,1.26
 Focus,16500,Manual,11958,Diesel,2,1.14
 Focus,16500,Manual,5910,Petrol,2,1.14
 Focus,16500,Manual,21617,Diesel,4,1.26
 Focus,16500,Manual,18549,Petrol,4,1.26
 Focus,16500,Manual,2901,Petrol,2,1
 Focus,16500,Manual,2886,Petrol,2,1
 Focus,16500,Manual,38565,Diesel,4,1.26
 Focus,16500,Manual,8781,Diesel,3,1.14
 Focus,16500,Manual,5085,Diesel,2,1.14
 Focus,16500,Manual,1010,Diesel,2,1.14
 Focus,16500,Manual,3088,Diesel,2,1.14
 Focus,16500,Manual,3404,Petrol,2,1
 Focus,16500,Manual,28189,Petrol,4,1.26
 Focus,16500,Manual,22730,Diesel,4,1.26
 Focus,16500,Manual,14151,Petrol,2,1.14
 Focus,16500,Manual,5400,Petrol,2,1
 Focus,16500,Manual,4974,Petrol,2,1
 Focus,16500,Manual,2078,Petrol,2,1.14
 Focus,16500,Manual,9066,Petrol,2,1
 Focus,16500,Manual,13500,Diesel,2,1.14
 Focus,16500,Automatic,13777,Petrol,2,1
 Focus,16500,Manual,19709,Petrol,4,1.26
 Focus,16500,Manual,10045,Petrol,2,1
 Focus,16500,Manual,10045,Petrol,2,1
 Focus,16500,Manual,10045,Petrol,2,1
 Focus,16500,Manual,10045,Petrol,2,1
 Focus,16500,Manual,4591,Petrol,2,1
 Focus,16499,Manual,10000,Petrol,2,1
 Focus,16499,Manual,7642,Diesel,2,1.14
 Focus,16499,Manual,13331,Petrol,2,1
 Focus,16499,Manual,9862,Petrol,2,1
 Focus,16499,Manual,8110,Petrol,2,1.14
 Focus,16499,Manual,13728,Petrol,2,1
 Focus,16499,Manual,6324,Diesel,3,1.14
 Focus,16499,Manual,4615,Petrol,2,1
 Focus,16499,Manual,3260,Petrol,2,1
 Focus,16499,Manual,5663,Petrol,2,1
 Focus,16499,Manual,32253,Diesel,4,1.26
 Focus,16498,Manual,18506,Diesel,4,1.26
 Focus,16498,Manual,2936,Petrol,2,1
 Focus,16498,Manual,4930,Petrol,2,1
 Focus,16498,Manual,14645,Petrol,2,1
 Focus,16498,Manual,13699,Diesel,2,1.14
 Focus,16498,Manual,6619,Diesel,2,1.26
 Focus,16498,Manual,19097,Diesel,4,1.26
 Focus,16498,Manual,23599,Petrol,5,1.26
 Focus,16498,Automatic,12245,Petrol,2,1
 Focus,16498,Manual,9557,Petrol,2,1
 Focus,16498,Automatic,12368,Diesel,2,1.14
 Focus,16498,Automatic,12325,Petrol,2,1
 Focus,16498,Automatic,13701,Petrol,2,1
 Focus,16498,Manual,5528,Petrol,2,1
 Focus,16498,Manual,7866,Petrol,2,1
 Focus,16495,Manual,33770,Petrol,4,1.26
 Focus,16495,Manual,7137,Petrol,2,1
 Focus,16495,Automatic,11689,Petrol,2,1
 Focus,16495,Manual,4211,Petrol,2,1
 Focus,16495,Manual,7820,Petrol,2,1
 Focus,16495,Manual,15721,Petrol,3,1
 Focus,16495,Manual,7045,Petrol,2,1
 Focus,16495,Manual,11130,Petrol,2,1
 Focus,16495,Manual,24344,Petrol,3,1
 Focus,16495,Manual,7745,Petrol,2,1
 Focus,16495,Manual,6344,Petrol,2,1
 Focus,16495,Manual,34207,Diesel,3,1.26
 Focus,16492,Manual,16449,Petrol,4,1.26
 Focus,16491,Automatic,18512,Diesel,2,1.14
 Focus,16491,Manual,13631,Petrol,3,1
 Focus,16490,Manual,15750,Petrol,4,1.26
 Focus,16489,Manual,17155,Diesel,4,1.26
 Focus,16481,Manual,11407,Diesel,2,1.14
 Focus,16479,Manual,2596,Petrol,3,1
 Focus,16479,Manual,24547,Petrol,5,1.26
 Focus,16479,Manual,18332,Diesel,3,1.14
 Focus,16479,Manual,9,Petrol,2,1
 Focus,16477,Manual,292,Petrol,2,1
 Focus,16470,Manual,9083,Petrol,2,1
 Focus,16460,Manual,19800,Petrol,3,1.26
 Focus,16450,Manual,12677,Petrol,2,1
 Focus,16450,Manual,6108,Petrol,2,1
 Focus,16450,Manual,6697,Diesel,2,1.14
 Focus,16450,Manual,4651,Petrol,2,1
 Focus,16450,Manual,12677,Petrol,2,1
 Focus,16450,Manual,12677,Petrol,2,1
 Focus,16450,Manual,12677,Petrol,2,1
 Focus,16440,Automatic,16199,Petrol,2,1
 Focus,16440,Automatic,16199,Petrol,2,1
 Focus,16440,Automatic,16199,Petrol,2,1
 Focus,16440,Automatic,16199,Petrol,2,1
 Focus,16425,Manual,15272,Petrol,2,1
 Focus,16425,Manual,15272,Petrol,2,1
 Focus,16425,Manual,15272,Petrol,2,1
 Focus,16425,Manual,15272,Petrol,2,1
 Focus,16420,Automatic,10554,Petrol,2,1.14
 Focus,16410,Manual,5,Diesel,2,1.14
 Focus,16410,Manual,13245,Diesel,2,1.14
 Focus,16400,Manual,13706,Petrol,2,1
 Focus,16400,Manual,13240,Petrol,2,1
 Focus,16400,Manual,13816,Petrol,2,1
 Focus,16400,Manual,25771,Diesel,4,1.26
 Focus,16400,Manual,13816,Petrol,2,1
 Focus,16400,Manual,13240,Petrol,2,1
 Focus,16400,Manual,13706,Petrol,2,1
 Focus,16400,Manual,12627,Petrol,2,1
 Focus,16400,Manual,13816,Petrol,2,1
 Focus,16400,Manual,12627,Petrol,2,1
 Focus,16400,Manual,13706,Petrol,2,1
 Focus,16400,Manual,13240,Petrol,2,1
 Focus,16400,Manual,12627,Petrol,2,1
 Focus,16400,Manual,12627,Petrol,2,1
 Focus,16400,Manual,13706,Petrol,2,1
 Focus,16400,Manual,13240,Petrol,2,1
 Focus,16400,Manual,13816,Petrol,2,1
 Focus,16399,Manual,17609,Petrol,3,1
 Focus,16399,Manual,16222,Diesel,4,1.26
 Focus,16399,Manual,10720,Diesel,3,1.26
 Focus,16395,Manual,11594,Diesel,2,1.14
 Focus,16395,Manual,11594,Diesel,2,1.14
 Focus,16395,Manual,11594,Diesel,2,1.14
 Focus,16395,Manual,11594,Diesel,2,1.14
 Focus,16370,Manual,9717,Petrol,4,1.26
 Focus,16360,Manual,4022,Petrol,2,1
 Focus,16350,Manual,14410,Petrol,2,1
 Focus,16350,Manual,14410,Petrol,2,1
 Focus,16350,Manual,13891,Petrol,2,1
 Focus,16350,Manual,14410,Petrol,2,1
 Focus,16350,Manual,13891,Petrol,2,1
 Focus,16350,Manual,13891,Petrol,2,1
 Focus,16350,Manual,14410,Petrol,2,1
 Focus,16350,Manual,13891,Petrol,2,1
 Focus,16345,Manual,9068,Petrol,2,1
 Focus,16345,Manual,9068,Petrol,2,1
 Focus,16345,Manual,9068,Petrol,2,1
 Focus,16345,Manual,9068,Petrol,2,1
 Focus,16330,Manual,7881,Petrol,2,1
 Focus,16300,Manual,5113,Petrol,2,1
 Focus,16300,Manual,4210,Petrol,2,1
 Focus,16300,Automatic,11228,Petrol,2,1
 Focus,16300,Manual,15825,Petrol,2,1
 Focus,16300,Manual,12168,Diesel,2,1.14
 Focus,16300,Manual,12168,Diesel,2,1.14
 Focus,16300,Manual,12168,Diesel,2,1.14
 Focus,16300,Manual,12168,Diesel,2,1.14
 Focus,16299,Manual,16628,Petrol,3,1
 Focus,16299,Manual,5681,Petrol,2,1
 Focus,16299,Manual,13592,Petrol,2,1
 Focus,16298,Manual,14057,Petrol,2,1
 Focus,16298,Automatic,12029,Petrol,2,1
 Focus,16298,Automatic,7097,Diesel,3,1.26
 Focus,16295,Manual,7412,Petrol,2,1
 Focus,16295,Manual,8911,Petrol,2,1
 Focus,16295,Manual,6065,Petrol,2,1
 Focus,16294,Automatic,13000,Petrol,2,1
 Focus,16289,Manual,8724,Diesel,3,1.14
 Focus,16277,Manual,6507,Petrol,3,1
 Focus,16271,Manual,27403,Diesel,4,1.26
 Focus,16250,Manual,28113,Diesel,4,1.26
 Focus,16250,Manual,11027,Diesel,2,1.14
 Focus,16250,Manual,13325,Diesel,2,1.14
 Focus,16250,Manual,13036,Petrol,5,1.26
 Focus,16250,Manual,10816,Petrol,4,1.26
 Focus,16250,Manual,19500,Petrol,5,1.26
 Focus,16230,Manual,14446,Petrol,4,1.26
 Focus,16230,Manual,4924,Petrol,2,1
 Focus,16230,Automatic,16424,Diesel,2,1.14
 Focus,16200,Automatic,9790,Petrol,2,1
 Focus,16200,Manual,8568,Petrol,2,1
 Focus,16200,Manual,19611,Diesel,3,1.26
 Focus,16200,Manual,12263,Petrol,2,1
 Focus,16200,Manual,8166,Petrol,2,1
 Focus,16200,Manual,12981,Petrol,2,1
 Focus,16200,Manual,2982,Petrol,2,1
 Focus,16199,Manual,6321,Petrol,2,1
 Focus,16195,Manual,8132,Petrol,2,1
 Focus,16195,Automatic,440,Petrol,3,1
 Focus,16190,Manual,16519,Petrol,4,1.26
 Focus,16190,Manual,10737,Diesel,2,1.14
 Focus,16160,Automatic,11214,Petrol,2,1
 Focus,16125,Manual,1388,Petrol,2,1.14
 Focus,16110,Manual,16000,Diesel,2,1.14
 Focus,16107,Automatic,2450,Petrol,2,1
 Focus,16107,Automatic,2750,Petrol,2,1
 Focus,16107,Automatic,2750,Petrol,2,1
 Focus,16100,Manual,7539,Petrol,2,1
 Focus,16090,Manual,10805,Diesel,2,1.14
 Focus,16090,Manual,13696,Diesel,2,1.14
 Focus,16090,Manual,5473,Petrol,2,1
 Focus,16090,Manual,10805,Diesel,2,1.14
 Focus,16090,Manual,10805,Diesel,2,1.14
 Focus,16090,Manual,10805,Diesel,2,1.14
 Focus,16073,Manual,12820,Petrol,2,1
 Focus,16051,Manual,11035,Petrol,4,1.26
 Focus,16040,Manual,13471,Petrol,2,1
 Focus,16040,Manual,11535,Diesel,2,1.14
 Focus,16040,Manual,13737,Petrol,2,1
 Focus,16040,Manual,11834,Diesel,2,1.14
 Focus,16040,Manual,12250,Diesel,2,1.14
 Focus,16040,Manual,13471,Petrol,2,1
 Focus,16040,Manual,11535,Diesel,2,1.14
 Focus,16040,Manual,11834,Diesel,2,1.14
 Focus,16040,Manual,13737,Petrol,2,1
 Focus,16040,Manual,13471,Petrol,2,1
 Focus,16040,Manual,11535,Diesel,2,1.14
 Focus,16040,Manual,13471,Petrol,2,1
 Focus,16040,Manual,11535,Diesel,2,1.14
 Focus,16040,Manual,13737,Petrol,2,1
 Focus,16040,Manual,11834,Diesel,2,1.14
 Focus,16040,Manual,13737,Petrol,2,1
 Focus,16040,Manual,11834,Diesel,2,1.14
 Focus,16035,Manual,9943,Petrol,2,1
 Focus,16035,Manual,9943,Petrol,2,1
 Focus,16035,Manual,9943,Petrol,2,1
 Focus,16035,Manual,9943,Petrol,2,1
 Focus,16030,Manual,10111,Diesel,2,1.14
 Focus,16030,Manual,9145,Diesel,2,1.14
 Focus,16000,Automatic,5367,Petrol,2,1
 Focus,16000,Automatic,5367,Petrol,2,1
 Focus,16000,Manual,19834,Petrol,5,1.26
 Focus,16000,Manual,8664,Petrol,2,1
 Focus,16000,Manual,3132,Diesel,2,1.14
 Focus,16000,Manual,5000,Petrol,2,1
 Focus,16000,Manual,17000,Petrol,4,1.26
 Focus,16000,Automatic,10738,Diesel,2,1.14
 Focus,16000,Manual,23708,Petrol,4,1.26
 Focus,16000,Manual,10592,Petrol,2,1
 Focus,16000,Manual,9209,Petrol,2,1
 Focus,16000,Manual,9493,Petrol,2,1
 Focus,16000,Manual,21650,Petrol,3,1
 Focus,16000,Manual,8325,Petrol,2,1
 Focus,16000,Manual,9699,Petrol,3,1
 Focus,16000,Manual,10263,Petrol,2,1
 Focus,16000,Manual,12702,Petrol,3,1
 Focus,16000,Manual,14023,Petrol,3,1
 Focus,16000,Manual,7400,Petrol,2,1
 Focus,16000,Manual,10754,Diesel,3,1.14
 Focus,16000,Manual,38359,Diesel,4,1.26
 Focus,16000,Automatic,25181,Diesel,3,1.14
 Focus,16000,Manual,12898,Diesel,3,1.14
 Focus,16000,Manual,19193,Petrol,4,1.26
 Focus,16000,Manual,14412,Petrol,3,1
 Focus,16000,Manual,20283,Diesel,4,1.26
 Focus,16000,Manual,6220,Petrol,2,1
 Focus,16000,Manual,124,Petrol,3,1
 Focus,16000,Manual,22060,Petrol,4,1.26
 Focus,16000,Manual,8239,Petrol,2,1
 Focus,16000,Manual,7071,Petrol,2,1
 Focus,16000,Manual,19924,Diesel,2,1.14
 Focus,16000,Manual,11979,Petrol,2,1
 Focus,16000,Manual,17800,Petrol,5,1.26
 Focus,16000,Automatic,5367,Petrol,2,1
 Focus,16000,Automatic,5367,Petrol,2,1
 Focus,16000,Manual,19834,Petrol,5,1.26
 Focus,16000,Automatic,5367,Petrol,2,1
 Focus,16000,Manual,19834,Petrol,5,1.26
 Focus,16000,Manual,6894,Petrol,2,1
 Focus,16000,Manual,4500,Petrol,2,1
 Focus,16000,Automatic,5675,Diesel,3,1.14
 Focus,16000,Automatic,5367,Petrol,2,1
 Focus,16000,Manual,19834,Petrol,5,1.26
 Focus,16000,Automatic,5367,Petrol,2,1
 Focus,16000,Manual,19834,Petrol,5,1.26
 Focus,16000,Manual,19834,Petrol,5,1.26
 Focus,16000,Manual,6348,Petrol,2,1
 Focus,16000,Manual,26672,Petrol,2,1
 Focus,16000,Manual,8497,Diesel,2,1.14
 Focus,16000,Automatic,5367,Petrol,2,1
 Focus,16000,Manual,19834,Petrol,5,1.26
 Focus,16000,Automatic,5367,Petrol,2,1
 Focus,16000,Automatic,5367,Petrol,2,1
 Focus,16000,Manual,19834,Petrol,5,1.26
 Focus,16000,Automatic,5367,Petrol,2,1
 Focus,16000,Manual,19834,Petrol,5,1.26
 Focus,16000,Manual,19834,Petrol,5,1.26
 Focus,16000,Automatic,5367,Petrol,2,1
 Focus,16000,Manual,19834,Petrol,5,1.26
 Focus,16000,Automatic,5367,Petrol,2,1
 Focus,16000,Manual,19834,Petrol,5,1.26
 Focus,16000,Manual,19834,Petrol,5,1.26
 Focus,16000,Automatic,5367,Petrol,2,1
 Focus,16000,Automatic,5367,Petrol,2,1
 Focus,16000,Manual,19834,Petrol,5,1.26
 Focus,16000,Automatic,5367,Petrol,2,1
 Focus,15999,Manual,33210,Diesel,3,1.14
 Focus,15999,Manual,8000,Diesel,3,1.14
 Focus,15999,Manual,6000,Diesel,3,1.14
 Focus,15999,Manual,9621,Petrol,3,1
 Focus,15999,Manual,3796,Diesel,3,1.14
 Focus,15999,Manual,14296,Petrol,2,1
 Focus,15999,Manual,22334,Petrol,3,1.26
 Focus,15999,Manual,6890,Petrol,2,1
 Focus,15999,Manual,7873,Diesel,3,1.14
 Focus,15999,Manual,16582,Petrol,3,1.26
 Focus,15999,Manual,4857,Petrol,2,1
 Focus,15999,Manual,15000,Petrol,2,1
 Focus,15999,Manual,8340,Petrol,2,1
 Focus,15999,Manual,8706,Diesel,2,1.14
 Focus,15999,Manual,5153,Petrol,2,1
 Focus,15999,Manual,4000,Petrol,2,0
 Focus,15998,Manual,12794,Diesel,2,1.14
 Focus,15998,Automatic,11045,Petrol,2,1
 Focus,15998,Manual,12699,Petrol,2,1
 Focus,15998,Manual,16290,Diesel,4,1.26
 Focus,15998,Manual,10386,Petrol,2,1
 Focus,15998,Manual,4500,Diesel,2,1.14
 Focus,15998,Manual,26950,Petrol,5,1.26
 Focus,15998,Manual,26023,Diesel,5,1.26
 Focus,15997,Manual,13794,Petrol,3,1
 Focus,15997,Manual,14203,Diesel,4,1.26
 Focus,15997,Manual,15164,Petrol,4,1.26
 Focus,15995,Manual,10500,Petrol,3,1
 Focus,15995,Manual,29600,Diesel,5,1.26
 Focus,15995,Manual,6992,Petrol,2,1
 Focus,15995,Manual,22947,Diesel,4,1.26
 Focus,15995,Manual,12563,Petrol,2,1
 Focus,15995,Manual,26929,Diesel,4,1.26
 Focus,15995,Manual,8496,Petrol,2,1
 Focus,15995,Manual,10279,Petrol,2,1
 Focus,15995,Manual,14794,Diesel,3,1.14
 Focus,15995,Manual,29649,Diesel,3,1.26
 Focus,15995,Manual,6855,Petrol,2,1
 Focus,15995,Manual,9304,Petrol,2,1
 Focus,15995,Manual,5154,Petrol,3,1
 Focus,15995,Manual,5154,Petrol,3,1
 Focus,15995,Manual,19071,Diesel,4,1.26
 Focus,15995,Manual,5452,Petrol,2,1
 Focus,15995,Automatic,14000,Petrol,2,1
 Focus,15995,Manual,12200,Petrol,2,1
 Focus,15995,Manual,12200,Petrol,2,1
 Focus,15995,Manual,6000,Diesel,3,1.14
 Focus,15995,Manual,900,Petrol,3,1
 Focus,15995,Manual,8333,Petrol,2,1
 Focus,15995,Manual,11900,Petrol,2,1
 Focus,15991,Manual,13448,Petrol,3,1.14
 Focus,15991,Manual,12555,Diesel,2,1.14
 Focus,15991,Manual,46604,Petrol,4,1.26
 Focus,15990,Manual,12814,Diesel,2,1.14
 Focus,15990,Manual,16107,Diesel,5,1.26
 Focus,15990,Manual,6314,Petrol,2,1
 Focus,15990,Manual,8933,Petrol,2,1
 Focus,15990,Manual,8000,Petrol,2,1
 Focus,15990,Manual,10865,Petrol,2,1
 Focus,15990,Automatic,12500,Diesel,3,1.14
 Focus,15990,Manual,13445,Petrol,3,1
 Focus,15990,Manual,3914,Petrol,2,1
 Focus,15988,Automatic,10853,Petrol,2,1
 Focus,15980,Manual,8144,Petrol,4,1.26
 Focus,15980,Manual,7500,Petrol,2,1
 Focus,15980,Manual,13999,Petrol,2,1
 Focus,15970,Automatic,404,Petrol,2,1.14
 Focus,15960,Manual,12388,Diesel,2,1.14
 Focus,15950,Manual,27000,Petrol,5,1.26
 Focus,15950,Manual,11507,Petrol,2,1
 Focus,15950,Manual,3333,Diesel,2,1.14
 Focus,15950,Manual,6283,Petrol,2,1
 Focus,15950,Manual,9550,Diesel,2,1.14
 Focus,15950,Manual,9572,Diesel,2,1.14
 Focus,15950,Manual,9987,Petrol,3,1
 Focus,15950,Automatic,14190,Petrol,2,1
 Focus,15945,Manual,13903,Petrol,5,1.26
 Focus,15940,Manual,13789,Diesel,2,1.14
 Focus,15940,Manual,13752,Diesel,2,1.14
 Focus,15940,Manual,6259,Diesel,2,1.14
 Focus,15940,Manual,29984,Diesel,4,1.26
 Focus,15940,Manual,13789,Diesel,2,1.14
 Focus,15940,Manual,13752,Diesel,2,1.14
 Focus,15940,Manual,13789,Diesel,2,1.14
 Focus,15940,Manual,13752,Diesel,2,1.14
 Focus,15940,Manual,13789,Diesel,2,1.14
 Focus,15940,Manual,13752,Diesel,2,1.14
 Focus,15935,Manual,11291,Petrol,2,1
 Focus,15935,Manual,11291,Petrol,2,1
 Focus,15935,Manual,11291,Petrol,2,1
 Focus,15935,Manual,11291,Petrol,2,1
 Focus,15920,Manual,4798,Petrol,2,1
 Focus,15900,Manual,11540,Petrol,2,1
 Focus,15900,Manual,13000,Diesel,2,1.14
 Focus,15900,Manual,30884,Diesel,4,1.26
 Focus,15900,Manual,19488,Diesel,5,1.26
 Focus,15895,Manual,6652,Petrol,2,1
 Focus,15890,Manual,13773,Petrol,2,1
 Focus,15890,Manual,12049,Petrol,2,1
 Focus,15890,Manual,5857,Petrol,3,1
 Focus,15888,Manual,2445,Petrol,2,1
 Focus,15885,Manual,12062,Petrol,2,1
 Focus,15885,Manual,12624,Petrol,2,1
 Focus,15885,Manual,12062,Petrol,2,1
 Focus,15885,Manual,12624,Petrol,2,1
 Focus,15885,Manual,12624,Petrol,2,1
 Focus,15885,Manual,12062,Petrol,2,1
 Focus,15885,Manual,12062,Petrol,2,1
 Focus,15885,Manual,12624,Petrol,2,1
 Focus,15880,Manual,7932,Diesel,2,1.14
 Focus,15877,Manual,40454,Diesel,4,1.26
 Focus,15877,Manual,13400,Petrol,5,1.26
 Focus,15860,Manual,12853,Diesel,2,1.14
 Focus,15860,Manual,10916,Diesel,2,1.14
 Focus,15860,Manual,4265,Petrol,2,1
 Focus,15850,Manual,7288,Petrol,2,1
 Focus,15845,Manual,9929,Petrol,2,1
 Focus,15845,Manual,9929,Petrol,2,1
 Focus,15845,Manual,9929,Petrol,2,1
 Focus,15845,Manual,9929,Petrol,2,1
 Focus,15810,Manual,11795,Diesel,2,1.14
 Focus,15800,Manual,38571,Diesel,4,1.26
 Focus,15800,Manual,20871,Diesel,3,1.26
 Focus,15800,Manual,9379,Petrol,2,1
 Focus,15800,Manual,6681,Petrol,2,1
 Focus,15800,Automatic,9816,Petrol,3,1
 Focus,15799,Manual,7462,Petrol,2,1
 Focus,15799,Manual,19750,Petrol,5,1.26
 Focus,15798,Manual,4534,Petrol,3,1
 Focus,15798,Manual,27532,Diesel,4,1.26
 Focus,15798,Manual,13677,Petrol,2,1
 Focus,15798,Manual,11614,Petrol,2,1
 Focus,15798,Manual,38199,Diesel,4,1.26
 Focus,15795,Automatic,5268,Diesel,3,1.14
 Focus,15795,Manual,18646,Petrol,5,1.26
 Focus,15795,Manual,8288,Petrol,2,1
 Focus,15795,Manual,19948,Diesel,4,1.26
 Focus,15795,Manual,8581,Petrol,2,1
 Focus,15791,Manual,12624,Petrol,2,1
 Focus,15790,Manual,8422,Petrol,2,1
 Focus,15790,Automatic,5114,Diesel,2,1.26
 Focus,15790,Manual,46286,Petrol,3,1.26
 Focus,15789,Manual,8459,Petrol,3,1.14
 Focus,15789,Manual,8459,Petrol,3,1.14
 Focus,15789,Manual,8800,Petrol,2,1
 Focus,15780,Manual,5372,Diesel,2,1.14
 Focus,15771,Manual,48905,Diesel,3,1.26
 Focus,15760,Manual,10282,Diesel,2,1.14
 Focus,15750,Manual,34980,Petrol,4,1.26
 Focus,15750,Manual,4637,Petrol,2,1
 Focus,15750,Manual,19694,Petrol,4,1.26
 Focus,15750,Manual,6388,Diesel,2,1.14
 Focus,15750,Manual,5155,Diesel,2,1.14
 Focus,15750,Manual,36980,Petrol,4,1.26
 Focus,15750,Manual,14195,Petrol,2,1
 Focus,15750,Manual,5620,Petrol,2,1
 Focus,15750,Manual,43499,Diesel,4,1.26
 Focus,15749,Manual,19664,Petrol,5,1.26
 Focus,15700,Manual,6238,Petrol,2,1
 Focus,15700,Manual,7989,Petrol,2,1
 Focus,15700,Manual,5387,Petrol,2,1
 Focus,15700,Manual,19877,Petrol,4,1.26
 Focus,15700,Manual,5300,Petrol,2,1
 Focus,15699,Manual,9004,Petrol,2,1
 Focus,15698,Manual,6953,Petrol,2,1
 Focus,15698,Manual,42060,Petrol,5,1.26
 Focus,15698,Manual,24432,Diesel,5,1.26
 Focus,15695,Manual,11326,Petrol,3,1
 Focus,15695,Manual,18800,Petrol,2,1
 Focus,15690,Manual,12998,Petrol,2,1
 Focus,15690,Manual,10000,Diesel,2,1.14
 Focus,15690,Manual,10500,Petrol,3,1
 Focus,15670,Manual,29824,Petrol,4,1.26
 Focus,15660,Manual,8387,Diesel,2,1.14
 Focus,15650,Manual,2068,Petrol,2,1
 Focus,15645,Manual,10552,Petrol,2,1
 Focus,15645,Manual,10552,Petrol,2,1
 Focus,15645,Manual,10552,Petrol,2,1
 Focus,15645,Manual,10552,Petrol,2,1
 Focus,15612,Manual,24421,Diesel,4,1.26
 Focus,15610,Manual,26499,Diesel,4,1.26
 Focus,15600,Manual,10900,Petrol,2,1
 Focus,15600,Manual,557,Petrol,1,1
 Focus,15599,Manual,11736,Petrol,3,1
 Focus,15599,Manual,18000,Diesel,3,1.14
 Focus,15597,Manual,7231,Petrol,2,1
 Focus,15595,Manual,5257,Petrol,2,1
 Focus,15591,Manual,45400,Diesel,4,1.26
 Focus,15591,Manual,30312,Diesel,4,1.26
 Focus,15590,Manual,11110,Petrol,2,1
 Focus,15590,Manual,6,Petrol,2,1
 Focus,15590,Manual,10,Petrol,2,1
 Focus,15590,Manual,6484,Petrol,2,1
 Focus,15590,Manual,8000,Petrol,2,1
 Focus,15590,Manual,5,Petrol,2,1
 Focus,15590,Manual,5739,Petrol,2,1
 Focus,15590,Manual,8895,Petrol,2,1
 Focus,15590,Manual,3412,Petrol,2,1
 Focus,15580,Manual,16052,Diesel,2,1.14
 Focus,15580,Manual,5011,Petrol,2,1
 Focus,15580,Manual,9000,Petrol,2,1
 Focus,15545,Manual,12820,Petrol,2,1
 Focus,15545,Manual,12820,Petrol,2,1
 Focus,15545,Manual,12820,Petrol,2,1
 Focus,15545,Manual,12820,Petrol,2,1
 Focus,15540,Manual,8188,Diesel,2,1.14
 Focus,15540,Manual,11881,Petrol,2,1
 Focus,15540,Manual,8188,Diesel,2,1.14
 Focus,15540,Manual,8188,Diesel,2,1.14
 Focus,15540,Manual,8188,Diesel,2,1.14
 Focus,15530,Manual,16778,Diesel,2,1.14
 Focus,15530,Manual,6857,Petrol,2,1
 Focus,15530,Manual,3061,Petrol,2,1
 Focus,15520,Manual,6754,Petrol,2,1
 Focus,15510,Manual,4198,Petrol,2,1
 Focus,15510,Manual,15811,Diesel,2,1.14
 Focus,15510,Manual,7453,Petrol,2,1
 Focus,15510,Manual,1786,Petrol,2,1
 Focus,15500,Manual,19593,Petrol,4,1.26
 Focus,15500,Manual,15889,Petrol,4,1.26
 Focus,15500,Manual,3380,Petrol,2,1
 Focus,15500,Manual,13036,Petrol,5,1.26
 Focus,15500,Manual,13036,Petrol,5,1.26
 Focus,15500,Manual,7917,Petrol,3,1
 Focus,15500,Manual,10286,Petrol,3,1
 Focus,15500,Manual,7932,Petrol,2,1
 Focus,15500,Manual,29546,Diesel,4,1.26
 Focus,15500,Manual,14505,Petrol,3,1
 Focus,15500,Manual,24610,Diesel,4,1.26
 Focus,15500,Manual,17210,Petrol,3,1
 Focus,15500,Manual,8580,Petrol,2,1
 Focus,15500,Manual,21464,Diesel,3,1.26
 Focus,15500,Manual,13323,Petrol,2,1
 Focus,15500,Manual,9204,Petrol,2,1
 Focus,15500,Manual,30801,Diesel,4,1.26
 Focus,15500,Manual,28344,Diesel,5,0
 Focus,15500,Manual,10000,Petrol,2,1
 Focus,15499,Manual,8098,Petrol,2,1
 Focus,15499,Manual,10000,Petrol,3,1
 Focus,15499,Manual,11000,Petrol,3,1
 Focus,15499,Manual,38688,Diesel,4,1.26
 Focus,15499,Semi-Auto,29984,Diesel,4,1.26
 Focus,15498,Manual,14579,Petrol,3,1
 Focus,15498,Manual,37989,Petrol,4,1.26
 Focus,15498,Manual,35090,Diesel,3,1.26
 Focus,15498,Manual,15538,Petrol,2,1
 Focus,15498,Manual,27654,Diesel,3,1.14
 Focus,15497,Manual,12378,Petrol,2,1
 Focus,15497,Manual,1310,Petrol,2,1
 Focus,15495,Manual,5600,Petrol,2,1
 Focus,15495,Manual,17325,Petrol,2,1
 Focus,15495,Manual,15149,Diesel,2,1.14
 Focus,15495,Manual,21162,Petrol,3,1
 Focus,15495,Manual,8500,Petrol,2,1
 Focus,15495,Manual,12583,Petrol,2,1
 Focus,15495,Manual,34687,Diesel,4,1.26
 Focus,15495,Manual,32294,Diesel,4,1.26
 Focus,15495,Manual,14298,Petrol,3,1
 Focus,15495,Manual,11041,Petrol,3,1
 Focus,15495,Manual,10561,Petrol,3,1
 Focus,15490,Manual,17988,Petrol,4,1.26
 Focus,15490,Manual,7885,Diesel,2,1.14
 Focus,15490,Manual,26491,Diesel,3,1.14
 Focus,15490,Manual,38047,Diesel,4,1.26
 Focus,15490,Manual,6900,Diesel,3,1.14
 Focus,15490,Manual,12900,Petrol,3,1
 Focus,15490,Manual,23000,Diesel,4,1.26
 Focus,15480,Manual,25894,Petrol,4,1.26
 Focus,15480,Manual,2485,Petrol,2,1
 Focus,15480,Manual,15999,Diesel,2,1.14
 Focus,15475,Automatic,15751,Diesel,3,1.14
 Focus,15475,Automatic,15751,Diesel,3,1.14
 Focus,15470,Manual,8724,Petrol,2,1
 Focus,15470,Manual,5852,Petrol,2,1
 Focus,15470,Manual,3422,Petrol,2,1
 Focus,15470,Manual,8958,Petrol,2,1
 Focus,15470,Manual,8292,Petrol,2,1
 Focus,15460,Manual,7170,Petrol,2,1
 Focus,15460,Manual,6810,Petrol,2,1
 Focus,15460,Manual,3572,Petrol,2,1
 Focus,15450,Manual,10794,Petrol,2,1
 Focus,15440,Manual,5800,Petrol,2,1
 Focus,15440,Manual,10500,Petrol,2,1
 Focus,15440,Manual,5684,Petrol,2,1
 Focus,15440,Manual,19877,Petrol,4,1.26
 Focus,15440,Manual,10613,Petrol,2,1
 Focus,15435,Manual,11645,Petrol,2,1
 Focus,15435,Manual,11645,Petrol,2,1
 Focus,15435,Manual,11645,Petrol,2,1
 Focus,15435,Manual,11645,Petrol,2,1
 Focus,15420,Manual,8980,Petrol,2,1
 Focus,15420,Manual,7294,Petrol,2,1
 Focus,15420,Manual,5447,Petrol,2,1
 Focus,15410,Manual,6500,Petrol,2,1
 Focus,15400,Manual,5068,Petrol,2,1
 Focus,15400,Manual,9845,Petrol,2,1
 Focus,15400,Manual,9700,Petrol,2,1
 Focus,15400,Manual,7268,Petrol,2,1
 Focus,15400,Manual,13423,Petrol,2,1
 Focus,15400,Manual,10310,Petrol,2,1
 Focus,15400,Manual,14132,Petrol,2,1
 Focus,15400,Manual,10253,Diesel,4,1.26
 Focus,15399,Manual,14693,Petrol,3,1.14
 Focus,15399,Manual,24717,Petrol,5,1.26
 Focus,15395,Manual,9129,Petrol,3,1
 Focus,15395,Manual,26908,Diesel,4,1.26
 Focus,15395,Manual,18500,Petrol,3,1
 Focus,15391,Manual,3591,Petrol,2,1
 Focus,15390,Manual,5341,Petrol,2,1
 Focus,15390,Manual,10235,Petrol,2,1
 Focus,15390,Manual,5979,Petrol,2,1
 Focus,15390,Manual,6692,Petrol,2,1
 Focus,15390,Manual,5301,Petrol,2,1
 Focus,15387,Manual,20076,Petrol,5,1.26
 Focus,15380,Manual,6955,Petrol,2,1
 Focus,15375,Automatic,6660,Petrol,3,1
 Focus,15370,Manual,6736,Petrol,2,1
 Focus,15370,Manual,7912,Petrol,2,1
 Focus,15360,Manual,12221,Petrol,2,1
 Focus,15360,Manual,10567,Petrol,2,1
 Focus,15351,Manual,13064,Petrol,2,1
 Focus,15340,Manual,7602,Petrol,2,1
 Focus,15340,Manual,9876,Petrol,2,1
 Focus,15340,Manual,6175,Petrol,2,1
 Focus,15340,Manual,10551,Petrol,3,1
 Focus,15335,Manual,10589,Petrol,2,1
 Focus,15335,Manual,13762,Petrol,2,1
 Focus,15335,Manual,13797,Petrol,2,1
 Focus,15335,Manual,13762,Petrol,2,1
 Focus,15335,Manual,13797,Petrol,2,1
 Focus,15335,Manual,10589,Petrol,2,1
 Focus,15335,Manual,13797,Petrol,2,1
 Focus,15335,Manual,10589,Petrol,2,1
 Focus,15335,Manual,13762,Petrol,2,1
 Focus,15335,Manual,10589,Petrol,2,1
 Focus,15335,Manual,13762,Petrol,2,1
 Focus,15335,Manual,13797,Petrol,2,1
 Focus,15330,Manual,8109,Petrol,2,1
 Focus,15330,Manual,9968,Petrol,2,1
 Focus,15320,Manual,9010,Petrol,2,1
 Focus,15320,Manual,8739,Petrol,2,1
 Focus,15320,Manual,9369,Petrol,2,1
 Focus,15310,Manual,5308,Petrol,2,1
 Focus,15310,Manual,11237,Petrol,2,1
 Focus,15300,Manual,12250,Petrol,2,1
 Focus,15300,Manual,6541,Petrol,2,1
 Focus,15300,Manual,5660,Petrol,2,1
 Focus,15300,Manual,11138,Petrol,2,1
 Focus,15300,Manual,7267,Diesel,3,1.14
 Focus,15300,Manual,10700,Petrol,2,1
 Focus,15299,Automatic,12315,Petrol,3,1
 Focus,15299,Manual,9742,Petrol,2,1
 Focus,15299,Manual,8016,Petrol,2,1
 Focus,15298,Automatic,12779,Petrol,2,1
 Focus,15298,Manual,16480,Diesel,4,1.26
 Focus,15298,Automatic,13312,Petrol,2,1
 Focus,15298,Automatic,13704,Petrol,2,1
 Focus,15298,Automatic,10493,Petrol,2,1
 Focus,15295,Manual,13340,Petrol,2,1
 Focus,15295,Manual,4544,Diesel,3,1.14
 Focus,15295,Manual,9695,Petrol,2,1
 Focus,15295,Manual,11817,Petrol,2,1
 Focus,15295,Manual,12556,Petrol,2,1
 Focus,15295,Manual,5396,Petrol,2,1
 Focus,15295,Automatic,8421,Petrol,2,1
 Focus,15295,Manual,7196,Petrol,2,1
 Focus,15295,Manual,14034,Petrol,3,1
 Focus,15291,Manual,36706,Diesel,5,1.26
 Focus,15291,Manual,13284,Diesel,2,1.14
 Focus,15290,Manual,8811,Petrol,2,1
 Focus,15290,Manual,10056,Petrol,2,1
 Focus,15289,Manual,23815,Petrol,4,1.26
 Focus,15270,Manual,12100,Petrol,2,1
 Focus,15270,Manual,14234,Petrol,2,1
 Focus,15260,Manual,11301,Petrol,2,1
 Focus,15250,Manual,21500,Diesel,3,1.14
 Focus,15250,Manual,3939,Petrol,3,1
 Focus,15250,Manual,6898,Petrol,3,1
 Focus,15250,Manual,6367,Petrol,3,1
 Focus,15240,Manual,13206,Diesel,2,1.14
 Focus,15235,Manual,12811,Petrol,2,1
 Focus,15235,Manual,12811,Petrol,2,1
 Focus,15235,Manual,12811,Petrol,2,1
 Focus,15235,Manual,12811,Petrol,2,1
 Focus,15200,Manual,15440,Diesel,5,1.26
 Focus,15200,Manual,10648,Petrol,2,1
 Focus,15200,Manual,7317,Petrol,3,1
 Focus,15200,Manual,5811,Petrol,3,1
 Focus,15200,Manual,13574,Petrol,2,1
 Focus,15200,Manual,13595,Petrol,2,1
 Focus,15199,Manual,12892,Petrol,2,1
 Focus,15187,Manual,17981,Diesel,4,1.26
 Focus,15170,Manual,11085,Diesel,2,1.14
 Focus,15151,Manual,13591,Petrol,2,1
 Focus,15150,Manual,9567,Petrol,2,1
 Focus,15140,Manual,14581,Diesel,2,1.14
 Focus,15124,Manual,17354,Diesel,2,1.14
 Focus,15095,Manual,4442,Petrol,2,1
 Focus,15087,Manual,54631,Diesel,4,1.26
 Focus,15080,Manual,12691,Diesel,2,1.14
 Focus,15066,Manual,33566,Diesel,5,1.26
 Focus,15020,Manual,20300,Petrol,2,1
 Focus,15000,Manual,16495,Diesel,3,1.14
 Focus,15000,Manual,2772,Petrol,3,1
 Focus,15000,Manual,6602,Petrol,2,1
 Focus,15000,Manual,3023,Diesel,3,1.14
 Focus,15000,Manual,16083,Petrol,3,1
 Focus,15000,Manual,5842,Diesel,2,1.14
 Focus,15000,Manual,10755,Diesel,3,1.14
 Focus,15000,Manual,12234,Diesel,3,1.14
 Focus,15000,Manual,15918,Petrol,3,1
 Focus,15000,Manual,4563,Petrol,2,1
 Focus,15000,Manual,27634,Petrol,5,1.26
 Focus,15000,Manual,8702,Petrol,2,1
 Focus,15000,Manual,22856,Petrol,2,1
 Focus,15000,Manual,13337,Diesel,2,1.14
 Focus,15000,Manual,3036,Petrol,3,1.14
 Focus,15000,Manual,9247,Petrol,3,1
 Focus,14999,Manual,4975,Petrol,2,1
 Focus,14999,Manual,9795,Petrol,3,1
 Focus,14999,Manual,13861,Diesel,3,1.14
 Focus,14999,Manual,10783,Petrol,3,1
 Focus,14999,Semi-Auto,11882,Diesel,4,1.26
 Focus,14999,Manual,32990,Diesel,5,1.26
 Focus,14999,Manual,6177,Petrol,2,1
 Focus,14999,Manual,30341,Diesel,5,1.26
 Focus,14998,Manual,7000,Petrol,2,1
 Focus,14998,Manual,7000,Petrol,2,1
 Focus,14998,Manual,7000,Petrol,2,1
 Focus,14998,Automatic,17028,Petrol,4,1.14
 Focus,14998,Manual,7000,Petrol,2,1
 Focus,14998,Manual,12078,Petrol,2,1
 Focus,14998,Manual,9054,Diesel,5,1.26
 Focus,14998,Manual,39193,Diesel,4,1.26
 Focus,14998,Manual,9712,Petrol,3,1
 Focus,14998,Manual,23589,Diesel,5,1.26
 Focus,14998,Manual,10306,Petrol,3,1
 Focus,14998,Manual,41157,Petrol,5,1.26
 Focus,14998,Automatic,8543,Petrol,4,1.14
 Focus,14998,Manual,10464,Petrol,2,1
 Focus,14998,Manual,6564,Petrol,2,1
 Focus,14997,Manual,8745,Petrol,2,1
 Focus,14995,Manual,16611,Petrol,3,1
 Focus,14995,Manual,25773,Diesel,5,1.26
 Focus,14995,Manual,12075,Petrol,2,1
 Focus,14995,Manual,6330,Petrol,2,1
 Focus,14995,Manual,6093,Petrol,2,1
 Focus,14995,Manual,8201,Petrol,3,1
 Focus,14995,Manual,19721,Petrol,2,1
 Focus,14995,Manual,6623,Petrol,2,1
 Focus,14995,Manual,843,Petrol,2,1
 Focus,14995,Manual,1200,Petrol,2,1
 Focus,14995,Manual,15000,Petrol,2,1
 Focus,14995,Automatic,11000,Petrol,2,1
 Focus,14991,Manual,13712,Petrol,2,1
 Focus,14990,Manual,4215,Petrol,3,1
 Focus,14990,Manual,11365,Petrol,2,1
 Focus,14990,Manual,7049,Petrol,3,1
 Focus,14990,Manual,14482,Diesel,3,1.14
 Focus,14990,Manual,13347,Petrol,2,1
 Focus,14990,Automatic,15350,Diesel,3,1.14
 Focus,14990,Manual,40900,Petrol,5,1.26
 Focus,14990,Manual,1850,Petrol,3,1
 Focus,14985,Manual,5400,Petrol,3,1
 Focus,14980,Manual,30968,Diesel,5,1.26
 Focus,14980,Manual,16000,Petrol,2,1
 Focus,14971,Manual,23779,Diesel,4,1.26
 Focus,14960,Manual,23554,Petrol,4,1.26
 Focus,14950,Manual,13820,Petrol,5,1.26
 Focus,14950,Manual,581,Petrol,3,1
 Focus,14925,Manual,12987,Petrol,2,1
 Focus,14900,Manual,24277,Diesel,4,1.26
 Focus,14899,Manual,28786,Diesel,4,1.26
 Focus,14899,Manual,11322,Petrol,2,1
 Focus,14899,Manual,2832,Petrol,2,1
 Focus,14898,Manual,10868,Petrol,2,1
 Focus,14891,Manual,14115,Diesel,3,1.14
 Focus,14890,Manual,11867,Petrol,2,1
 Focus,14890,Manual,11399,Petrol,2,1
 Focus,14870,Manual,14030,Petrol,3,1
 Focus,14850,Manual,11788,Petrol,2,1
 Focus,14820,Manual,22143,Petrol,3,1
 Focus,14800,Manual,23477,Petrol,2,1
 Focus,14800,Automatic,14654,Diesel,3,1.14
 Focus,14800,Manual,35712,Petrol,7,1.26
 Focus,14799,Manual,6249,Petrol,2,1
 Focus,14799,Manual,8560,Petrol,2,1
 Focus,14798,Manual,28576,Diesel,5,1.26
 Focus,14798,Manual,12558,Petrol,2,1
 Focus,14798,Automatic,12848,Petrol,2,1
 Focus,14798,Manual,18443,Petrol,2,1
 Focus,14795,Manual,26000,Diesel,5,1.26
 Focus,14795,Manual,15000,Petrol,3,1
 Focus,14795,Manual,6894,Petrol,3,1
 Focus,14791,Manual,10103,Petrol,3,1
 Focus,14791,Manual,12125,Petrol,2,1
 Focus,14790,Manual,33352,Petrol,5,1.26
 Focus,14790,Manual,15750,Petrol,3,1
 Focus,14789,Manual,10444,Petrol,3,1
 Focus,14760,Manual,8919,Petrol,2,1
 Focus,14760,Manual,8919,Petrol,2,1
 Focus,14760,Manual,8919,Petrol,2,1
 Focus,14760,Manual,8919,Petrol,2,1
 Focus,14750,Manual,12648,Petrol,2,1
 Focus,14750,Manual,10963,Petrol,2,1
 Focus,14749,Automatic,15452,Diesel,3,1.14
 Focus,14740,Manual,31685,Diesel,6,1.26
 Focus,14740,Manual,13451,Petrol,2,1
 Focus,14739,Manual,13986,Petrol,3,1
 Focus,14730,Manual,3803,Petrol,2,1
 Focus,14700,Manual,5726,Petrol,3,1
 Focus,14700,Manual,8229,Petrol,3,1
 Focus,14699,Manual,42524,Petrol,5,1.26
 Focus,14699,Manual,15937,Diesel,3,1.14
 Focus,14699,Manual,5626,Diesel,2,1.14
 Focus,14699,Manual,11229,Petrol,2,1
 Focus,14698,Manual,10812,Diesel,2,1.14
 Focus,14698,Manual,17640,Petrol,2,1
 Focus,14695,Manual,13257,Petrol,2,1
 Focus,14695,Manual,33896,Diesel,5,1.26
 Focus,14691,Manual,16364,Petrol,3,1
 Focus,14690,Manual,31452,Diesel,5,1.26
 Focus,14660,Manual,10874,Petrol,2,1
 Focus,14660,Manual,10874,Petrol,2,1
 Focus,14660,Manual,10874,Petrol,2,1
 Focus,14660,Manual,10874,Petrol,2,1
 Focus,14650,Manual,3943,Petrol,3,1
 Focus,14650,Manual,22822,Diesel,5,1.26
 Focus,14650,Manual,11144,Diesel,3,1.14
 Focus,14610,Manual,11427,Petrol,2,1
 Focus,14610,Manual,11427,Petrol,2,1
 Focus,14610,Manual,11427,Petrol,2,1
 Focus,14610,Manual,11427,Petrol,2,1
 Focus,14600,Manual,22142,Petrol,2,1.14
 Focus,14600,Manual,7119,Diesel,3,1.14
 Focus,14600,Manual,11033,Petrol,3,1
 Focus,14598,Manual,6194,Petrol,3,1
 Focus,14598,Manual,13882,Petrol,2,1
 Focus,14594,Manual,18638,Diesel,2,1.14
 Focus,14591,Manual,37880,Petrol,3,1
 Focus,14590,Manual,3648,Petrol,2,1
 Focus,14590,Manual,3273,Petrol,2,1
 Focus,14581,Manual,15535,Diesel,3,1.14
 Focus,14575,Automatic,10999,Petrol,3,1
 Focus,14560,Manual,12372,Petrol,2,1
 Focus,14560,Manual,12503,Petrol,2,1
 Focus,14560,Manual,12372,Petrol,2,1
 Focus,14560,Manual,12503,Petrol,2,1
 Focus,14560,Manual,12503,Petrol,2,1
 Focus,14560,Manual,12372,Petrol,2,1
 Focus,14560,Manual,12372,Petrol,2,1
 Focus,14560,Manual,12503,Petrol,2,1
 Focus,14550,Manual,3141,Petrol,2,1
 Focus,14548,Manual,19768,Diesel,2,1.14
 Focus,14545,Manual,33461,Petrol,5,1.26
 Focus,14541,Manual,5050,Petrol,3,1
 Focus,14540,Manual,5908,Diesel,2,1.14
 Focus,14540,Manual,7620,Petrol,2,1
 Focus,14540,Manual,6728,Petrol,2,1
 Focus,14530,Manual,4398,Petrol,2,1
 Focus,14525,Automatic,9534,Petrol,3,1
 Focus,14510,Manual,13545,Petrol,2,1
 Focus,14510,Manual,13931,Petrol,2,1
 Focus,14510,Manual,13931,Petrol,2,1
 Focus,14510,Manual,13545,Petrol,2,1
 Focus,14510,Manual,13545,Petrol,2,1
 Focus,14510,Manual,13931,Petrol,2,1
 Focus,14510,Manual,13545,Petrol,2,1
 Focus,14510,Manual,13931,Petrol,2,1
 Focus,14500,Automatic,22587,Petrol,3,1
 Focus,14500,Manual,10755,Petrol,3,1
 Focus,14500,Manual,35000,Petrol,5,1.26
 Focus,14500,Manual,6575,Petrol,3,1
 Focus,14500,Manual,18771,Diesel,3,1.14
 Focus,14500,Automatic,3255,Petrol,5,1.14
 Focus,14500,Manual,40000,Petrol,4,1.26
 Focus,14500,Automatic,22587,Petrol,3,1
 Focus,14500,Automatic,22587,Petrol,3,1
 Focus,14500,Automatic,22587,Petrol,3,1
 Focus,14500,Automatic,22587,Petrol,3,1
 Focus,14500,Automatic,22587,Petrol,3,1
 Focus,14500,Manual,9000,Petrol,3,1.14
 Focus,14500,Automatic,22587,Petrol,3,1
 Focus,14500,Automatic,22587,Petrol,3,1
 Focus,14500,Automatic,22587,Petrol,3,1
 Focus,14500,Automatic,22587,Petrol,3,1
 Focus,14500,Automatic,22587,Petrol,3,1
 Focus,14500,Automatic,22587,Petrol,3,1
 Focus,14500,Automatic,22587,Petrol,3,1
 Focus,14500,Manual,18500,Petrol,3,1
 Focus,14500,Automatic,22587,Petrol,3,1
 Focus,14499,Manual,4000,Petrol,4,1.14
 Focus,14499,Manual,11997,Diesel,3,1.14
 Focus,14499,Manual,40953,Diesel,5,1.26
 Focus,14499,Automatic,12572,Petrol,4,1.14
 Focus,14499,Manual,41148,Petrol,5,1.26
 Focus,14499,Manual,10050,Petrol,2,1
 Focus,14499,Manual,32967,Diesel,5,1.26
 Focus,14498,Manual,14316,Diesel,2,1.14
 Focus,14498,Manual,32263,Petrol,5,1.26
 Focus,14498,Manual,37886,Diesel,4,1.26
 Focus,14498,Manual,13218,Diesel,3,1.14
 Focus,14498,Manual,16501,Diesel,5,1.26
 Focus,14498,Manual,13235,Petrol,2,1
 Focus,14498,Manual,12739,Petrol,2,1
 Focus,14498,Manual,13574,Petrol,2,1
 Focus,14498,Manual,35074,Diesel,5,1.26
 Focus,14497,Manual,7255,Petrol,3,1
 Focus,14497,Manual,18608,Petrol,3,1
 Focus,14497,Manual,4212,Petrol,3,1
 Focus,14497,Manual,7066,Petrol,3,1
 Focus,14495,Manual,17030,Petrol,3,1
 Focus,14495,Manual,8131,Petrol,2,1
 Focus,14495,Manual,9700,Petrol,3,1
 Focus,14495,Manual,16210,Diesel,3,1.14
 Focus,14495,Manual,17635,Petrol,3,1
 Focus,14495,Manual,18406,Diesel,3,1.14
 Focus,14495,Manual,9321,Petrol,3,1
 Focus,14495,Manual,9814,Petrol,4,1.14
 Focus,14491,Manual,11325,Petrol,2,1
 Focus,14491,Manual,22052,Petrol,3,1
 Focus,14491,Manual,7588,Petrol,2,1
 Focus,14490,Manual,6384,Petrol,2,1
 Focus,14490,Manual,8274,Petrol,2,1
 Focus,14489,Manual,13765,Petrol,2,1
 Focus,14480,Manual,13807,Petrol,3,1
 Focus,14465,Manual,31322,Petrol,6,1.26
 Focus,14460,Manual,14021,Petrol,2,1
 Focus,14460,Manual,14021,Petrol,2,1
 Focus,14460,Manual,14021,Petrol,2,1
 Focus,14460,Manual,14021,Petrol,2,1
 Focus,14450,Manual,7952,Petrol,2,1
 Focus,14450,Manual,8508,Petrol,2,1
 Focus,14450,Manual,16443,Petrol,2,1
 Focus,14450,Automatic,20850,Petrol,2,1
 Focus,14450,Automatic,20850,Petrol,2,1
 Focus,14450,Automatic,20850,Petrol,2,1
 Focus,14450,Automatic,20850,Petrol,2,1
 Focus,14450,Automatic,20850,Petrol,2,1
 Focus,14449,Manual,9885,Diesel,2,1.14
 Focus,14430,Manual,7373,Petrol,2,1
 Focus,14410,Manual,7100,Petrol,2,1
 Focus,14400,Manual,22973,Petrol,5,1.26
 Focus,14400,Manual,7056,Diesel,3,1.14
 Focus,14400,Manual,16931,Diesel,3,1.14
 Focus,14400,Manual,27505,Diesel,5,1.26
 Focus,14390,Manual,11543,Petrol,2,1
 Focus,14390,Manual,10889,Petrol,2,1
 Focus,14380,Manual,13452,Diesel,3,1.14
 Focus,14380,Manual,3802,Petrol,2,1
 Focus,14380,Manual,11176,Petrol,2,1
 Focus,14370,Manual,7024,Diesel,3,1.14
 Focus,14312,Manual,40536,Diesel,5,1.26
 Focus,14310,Manual,9824,Petrol,2,1
 Focus,14300,Manual,9713,Petrol,3,1
 Focus,14300,Manual,8160,Petrol,2,1
 Focus,14300,Manual,1625,Petrol,2,1
 Focus,14300,Manual,40457,Diesel,6,0
 Focus,14300,Manual,18883,Diesel,3,1.14
 Focus,14299,Manual,5729,Diesel,3,1.14
 Focus,14299,Manual,7498,Petrol,3,1
 Focus,14299,Manual,22035,Petrol,7,1.26
 Focus,14298,Manual,3037,Petrol,3,1
 Focus,14295,Manual,6501,Diesel,3,1.14
 Focus,14295,Manual,5482,Petrol,3,1
 Focus,14295,Manual,10585,Petrol,3,1
 Focus,14295,Manual,36970,Petrol,4,1.26
 Focus,14291,Manual,13649,Petrol,2,1
 Focus,14280,Manual,8900,Petrol,3,1
 Focus,14260,Manual,11296,Petrol,3,1
 Focus,14250,Manual,40696,Diesel,5,1.26
 Focus,14250,Manual,11591,Petrol,3,1
 Focus,14250,Manual,4654,Petrol,2,1
 Focus,14250,Manual,13535,Petrol,3,1
 Focus,14240,Manual,7429,Petrol,2,1
 Focus,14237,Manual,25780,Diesel,5,1.26
 Focus,14200,Manual,4393,Diesel,2,1.14
 Focus,14200,Manual,20986,Diesel,2,1.14
 Focus,14199,Manual,21853,Diesel,3,1.14
 Focus,14199,Manual,2500,Diesel,3,1.14
 Focus,14199,Manual,13883,Petrol,3,1
 Focus,14199,Manual,13238,Petrol,2,1
 Focus,14198,Manual,20205,Petrol,2,1
 Focus,14195,Manual,16760,Petrol,3,1
 Focus,14160,Manual,10109,Petrol,3,1
 Focus,14140,Manual,22358,Petrol,3,1
 Focus,14120,Manual,17708,Diesel,3,1.14
 Focus,14110,Manual,7862,Petrol,2,1
 Focus,14100,Manual,20287,Diesel,2,1.14
 Focus,14090,Manual,11536,Petrol,2,1
 Focus,14090,Manual,11536,Petrol,2,1
 Focus,14090,Manual,11536,Petrol,2,1
 Focus,14090,Manual,11536,Petrol,2,1
 Focus,14050,Manual,19097,Diesel,5,1.26
 Focus,14000,Manual,9083,Petrol,3,1
 Focus,14000,Automatic,9137,Petrol,4,1
 Focus,14000,Manual,11426,Petrol,2,1
 Focus,14000,Manual,43000,Petrol,4,1.26
 Focus,14000,Manual,12090,Petrol,3,1
 Focus,14000,Manual,11981,Diesel,2,1.14
 Focus,14000,Semi-Auto,15983,Diesel,3,1.14
 Focus,14000,Manual,14025,Diesel,3,1.14
 Focus,14000,Manual,9236,Petrol,2,1
 Focus,14000,Manual,14858,Petrol,3,1
 Focus,14000,Manual,14737,Petrol,4,1
 Focus,14000,Manual,35194,Petrol,5,1.26
 Focus,14000,Manual,15952,Diesel,2,1.14
 Focus,14000,Manual,5614,Petrol,3,1
 Focus,14000,Manual,7506,Petrol,3,1
 Focus,14000,Automatic,5450,Petrol,4,1
 Focus,14000,Automatic,9137,Petrol,4,1
 Focus,14000,Automatic,9137,Petrol,4,1
 Focus,14000,Automatic,9137,Petrol,4,1
 Focus,14000,Automatic,9137,Petrol,4,1
 Focus,14000,Automatic,9137,Petrol,4,1
 Focus,14000,Automatic,9137,Petrol,4,1
 Focus,14000,Automatic,9137,Petrol,4,1
 Focus,14000,Automatic,9137,Petrol,4,1
 Focus,14000,Automatic,9137,Petrol,4,1
 Focus,14000,Manual,8724,Diesel,3,1.14
 Focus,14000,Automatic,9137,Petrol,4,1
 Focus,14000,Automatic,9137,Petrol,4,1
 Focus,14000,Automatic,9137,Petrol,4,1
 Focus,14000,Automatic,9137,Petrol,4,1
 Focus,14000,Automatic,9137,Petrol,4,1
 Focus,13999,Manual,10441,Diesel,3,1.14
 Focus,13999,Semi-Auto,3407,Petrol,3,1
 Focus,13999,Manual,21997,Diesel,3,1.14
 Focus,13999,Manual,18582,Petrol,3,1
 Focus,13999,Manual,13631,Petrol,4,1
 Focus,13999,Manual,17379,Petrol,3,1
 Focus,13999,Manual,8666,Petrol,3,1
 Focus,13999,Automatic,11233,Petrol,3,1
 Focus,13999,Manual,30367,Petrol,6,1.26
 Focus,13999,Manual,43150,Diesel,5,1.26
 Focus,13999,Manual,38532,Diesel,5,1.26
 Focus,13998,Manual,24895,Diesel,5,1.26
 Focus,13998,Semi-Auto,4735,Petrol,4,1
 Focus,13998,Manual,13401,Petrol,3,1
 Focus,13998,Manual,12024,Petrol,3,1
 Focus,13998,Manual,10149,Petrol,3,1
 Focus,13998,Manual,16879,Petrol,2,1
 Focus,13998,Manual,9328,Petrol,3,1
 Focus,13998,Automatic,14236,Petrol,3,1
 Focus,13998,Manual,9314,Petrol,2,1
 Focus,13998,Manual,11287,Petrol,3,1
 Focus,13998,Manual,18114,Petrol,2,1
 Focus,13998,Manual,9303,Petrol,3,1
 Focus,13997,Manual,8005,Petrol,3,1
 Focus,13997,Manual,17734,Petrol,3,1
 Focus,13997,Manual,12655,Petrol,3,1
 Focus,13995,Manual,11612,Petrol,3,1
 Focus,13995,Manual,32000,Diesel,5,1.26
 Focus,13995,Manual,12521,Petrol,3,1
 Focus,13995,Manual,12042,Petrol,3,1
 Focus,13995,Manual,12197,Petrol,3,1
 Focus,13995,Manual,13520,Petrol,3,1
 Focus,13995,Manual,48534,Diesel,4,1.26
 Focus,13995,Manual,5053,Diesel,3,1.14
 Focus,13995,Manual,12449,Petrol,3,1
 Focus,13995,Manual,16063,Petrol,3,1
 Focus,13991,Manual,11146,Petrol,2,1
 Focus,13990,Manual,7423,Petrol,3,1
 Focus,13990,Manual,9500,Petrol,3,1
 Focus,13990,Manual,15178,Petrol,2,1
 Focus,13990,Manual,10000,Petrol,4,1
 Focus,13990,Manual,7570,Petrol,3,1
 Focus,13990,Manual,9470,Petrol,3,1
 Focus,13990,Manual,8980,Petrol,3,1
 Focus,13990,Manual,9770,Petrol,3,1
 Focus,13990,Manual,16500,Petrol,3,1
 Focus,13990,Manual,30000,Petrol,3,1
 Focus,13989,Manual,7534,Petrol,3,1
 Focus,13989,Automatic,16064,Petrol,3,1
 Focus,13989,Manual,14413,Petrol,2,1
 Focus,13980,Manual,7527,Petrol,3,1
 Focus,13980,Manual,12632,Petrol,2,1
 Focus,13979,Manual,16808,Petrol,3,1
 Focus,13950,Manual,22188,Petrol,3,1
 Focus,13950,Manual,10467,Petrol,3,1
 Focus,13930,Manual,27740,Petrol,3,1
 Focus,13900,Manual,8120,Petrol,4,1.14
 Focus,13900,Manual,16071,Petrol,3,1
 Focus,13900,Manual,12892,Diesel,3,1.14
 Focus,13899,Manual,14563,Diesel,3,1.14
 Focus,13899,Manual,14563,Diesel,3,1.14
 Focus,13899,Manual,15952,Diesel,2,1.14
 Focus,13897,Manual,9174,Petrol,3,1
 Focus,13890,Manual,35842,Diesel,5,1.26
 Focus,13870,Manual,9446,Petrol,3,1
 Focus,13850,Manual,40500,Diesel,4,1.26
 Focus,13838,Manual,26201,Petrol,6,1.26
 Focus,13820,Manual,14835,Petrol,3,1
 Focus,13815,Manual,48628,Diesel,5,1.26
 Focus,13800,Manual,37344,Diesel,6,1.26
 Focus,13800,Manual,15476,Petrol,3,1
 Focus,13800,Manual,22889,Diesel,3,1
 Focus,13799,Manual,17478,Diesel,3,1.14
 Focus,13799,Manual,14082,Petrol,3,1
 Focus,13798,Manual,24123,Diesel,5,1.26
 Focus,13797,Manual,15230,Petrol,3,1
 Focus,13795,Manual,50289,Petrol,4,1.26
 Focus,13795,Manual,10231,Petrol,3,1
 Focus,13790,Manual,12047,Petrol,3,1
 Focus,13790,Manual,19910,Petrol,3,1.14
 Focus,13790,Manual,9311,Petrol,3,1.14
 Focus,13790,Automatic,17643,Petrol,3,1
 Focus,13750,Manual,26275,Petrol,4,1.26
 Focus,13750,Manual,13000,Petrol,3,1
 Focus,13750,Manual,7565,Diesel,3,1.14
 Focus,13750,Manual,4915,Diesel,3,1.14
 Focus,13750,Manual,38000,Diesel,5,1.26
 Focus,13750,Manual,14000,Petrol,3,1.14
 Focus,13749,Manual,32258,Diesel,6,1.26
 Focus,13710,Manual,25623,Petrol,3,1
 Focus,13700,Manual,10606,Petrol,3,1
 Focus,13700,Manual,12686,Petrol,3,1
 Focus,13700,Manual,10800,Diesel,3,1.14
 Focus,13699,Manual,5342,Petrol,3,1
 Focus,13699,Manual,9533,Petrol,3,1
 Focus,13698,Manual,13418,Petrol,3,1
 Focus,13698,Manual,12502,Diesel,3,1.14
 Focus,13698,Manual,23732,Petrol,3,1
 Focus,13695,Manual,16513,Petrol,3,1
 Focus,13695,Manual,15930,Petrol,3,1
 Focus,13691,Manual,12603,Petrol,3,1
 Focus,13690,Manual,23117,Petrol,6,1.26
 Focus,13690,Manual,16286,Diesel,3,1.14
 Focus,13651,Automatic,8598,Petrol,5,1.14
 Focus,13650,Manual,8761,Petrol,3,1
 Focus,13620,Manual,12180,Petrol,3,1
 Focus,13617,Manual,7166,Petrol,3,1
 Focus,13610,Manual,10490,Petrol,3,1
 Focus,13600,Manual,16960,Petrol,3,1
 Focus,13600,Manual,13144,Petrol,3,1
 Focus,13597,Manual,11148,Petrol,3,1
 Focus,13595,Manual,6380,Petrol,3,1
 Focus,13583,Manual,21718,Diesel,6,1.26
 Focus,13580,Manual,7983,Petrol,3,1
 Focus,13567,Manual,7756,Diesel,3,1.14
 Focus,13561,Manual,15071,Petrol,3,1
 Focus,13549,Manual,42322,Diesel,6,1.26
 Focus,13510,Automatic,13409,Petrol,3,1
 Focus,13500,Manual,27916,Diesel,2,1.14
 Focus,13500,Manual,11382,Petrol,3,1
 Focus,13500,Manual,11382,Petrol,3,1
 Focus,13500,Manual,10111,Petrol,3,1
 Focus,13500,Manual,9999,Petrol,3,1
 Focus,13500,Manual,21825,Diesel,3,1.14
 Focus,13500,Manual,24417,Petrol,3,1
 Focus,13500,Manual,14707,Petrol,4,1
 Focus,13500,Manual,8134,Petrol,3,1
 Focus,13500,Semi-Auto,8863,Petrol,4,1
 Focus,13500,Manual,11000,Petrol,3,1
 Focus,13500,Manual,12929,Petrol,3,1.14
 Focus,13500,Semi-Auto,16856,Petrol,4,1
 Focus,13500,Manual,17540,Petrol,3,1
 Focus,13500,Manual,16612,Petrol,3,1
 Focus,13500,Manual,14769,Diesel,3,1.14
 Focus,13500,Manual,24204,Diesel,3,1.14
 Focus,13500,Manual,12100,Petrol,3,1
 Focus,13500,Manual,22243,Petrol,3,1
 Focus,13500,Manual,17250,Petrol,3,1
 Focus,13500,Manual,11382,Petrol,3,1
 Focus,13500,Manual,11382,Petrol,3,1
 Focus,13500,Manual,12890,Petrol,4,1.14
 Focus,13500,Manual,11382,Petrol,3,1
 Focus,13500,Manual,11382,Petrol,3,1
 Focus,13500,Manual,11382,Petrol,3,1
 Focus,13500,Manual,11941,Petrol,3,1
 Focus,13500,Manual,25535,Diesel,3,1.14
 Focus,13500,Manual,26159,Petrol,3,1
 Focus,13500,Manual,11382,Petrol,3,1
 Focus,13500,Manual,11382,Petrol,3,1
 Focus,13500,Manual,11382,Petrol,3,1
 Focus,13500,Manual,11382,Petrol,3,1
 Focus,13500,Manual,11382,Petrol,3,1
 Focus,13500,Manual,11382,Petrol,3,1
 Focus,13500,Manual,11382,Petrol,3,1
 Focus,13499,Manual,11524,Petrol,3,1
 Focus,13499,Manual,16392,Petrol,3,1
 Focus,13499,Manual,19926,Diesel,3,1.14
 Focus,13499,Manual,13377,Petrol,3,1
 Focus,13499,Manual,21898,Diesel,3,1.14
 Focus,13499,Manual,11277,Petrol,3,1
 Focus,13499,Manual,30555,Diesel,6,1.26
 Focus,13499,Manual,41699,Diesel,6,1.26
 Focus,13498,Manual,10150,Petrol,3,1
 Focus,13498,Semi-Auto,12619,Petrol,3,1
 Focus,13498,Manual,18744,Diesel,3,1.14
 Focus,13498,Manual,27491,Petrol,4,1
 Focus,13498,Manual,12726,Petrol,3,1.14
 Focus,13498,Manual,11206,Petrol,3,1
 Focus,13498,Manual,44106,Diesel,5,1.26
 Focus,13498,Manual,15012,Petrol,3,1
 Focus,13498,Automatic,10365,Petrol,4,1.14
 Focus,13497,Manual,12565,Petrol,3,1
 Focus,13497,Manual,13588,Petrol,3,1
 Focus,13497,Manual,17860,Petrol,3,1
 Focus,13497,Manual,19293,Petrol,3,1
 Focus,13497,Manual,17804,Petrol,3,1
 Focus,13497,Manual,12928,Petrol,3,1
 Focus,13495,Automatic,3000,Petrol,4,1
 Focus,13495,Automatic,11600,Petrol,6,1.14
 Focus,13495,Manual,14125,Petrol,3,1
 Focus,13495,Manual,23047,Petrol,3,1
 Focus,13495,Semi-Auto,7672,Petrol,3,1
 Focus,13495,Manual,10335,Petrol,3,1
 Focus,13495,Manual,22279,Petrol,3,1
 Focus,13495,Manual,23111,Petrol,3,1
 Focus,13495,Manual,12951,Petrol,3,1
 Focus,13495,Manual,11139,Petrol,3,1
 Focus,13491,Manual,15919,Petrol,3,1
 Focus,13491,Manual,15919,Petrol,3,1
 Focus,13491,Manual,3915,Petrol,2,1
 Focus,13490,Manual,35802,Petrol,5,1.26
 Focus,13490,Manual,13842,Petrol,3,1
 Focus,13490,Manual,13760,Petrol,3,1
 Focus,13490,Manual,11060,Petrol,3,1
 Focus,13490,Manual,11710,Petrol,3,1
 Focus,13490,Manual,13110,Petrol,3,1
 Focus,13490,Manual,17299,Diesel,3,1.14
 Focus,13490,Manual,18100,Petrol,3,1
 Focus,13490,Manual,26634,Diesel,3,1.14
 Focus,13490,Manual,32148,Diesel,3,1.14
 Focus,13490,Manual,27400,Diesel,3,1.14
 Focus,13489,Semi-Auto,3549,Diesel,3,1.14
 Focus,13480,Manual,26008,Diesel,5,1.26
 Focus,13450,Manual,13485,Petrol,3,1
 Focus,13450,Manual,19729,Petrol,3,1
 Focus,13450,Manual,17897,Petrol,3,1
 Focus,13450,Automatic,15267,Diesel,3,1.26
 Focus,13449,Manual,15250,Petrol,3,1
 Focus,13445,Manual,19672,Petrol,3,1
 Focus,13442,Manual,6850,Petrol,3,1
 Focus,13441,Manual,16117,Diesel,3,1.14
 Focus,13439,Manual,5889,Petrol,3,1
 Focus,13430,Manual,19859,Diesel,4,1.14
 Focus,13400,Manual,11952,Petrol,2,1
 Focus,13400,Manual,8271,Petrol,3,1
 Focus,13399,Manual,23178,Petrol,6,1.26
 Focus,13399,Manual,10040,Petrol,3,1
 Focus,13398,Automatic,21649,Petrol,4,1.14
 Focus,13395,Automatic,10202,Petrol,5,1.14
 Focus,13395,Manual,13338,Petrol,4,1
 Focus,13380,Manual,9695,Petrol,3,1
 Focus,13352,Manual,33986,Petrol,6,1.26
 Focus,13350,Automatic,19167,Petrol,4,1.14
 Focus,13350,Semi-Auto,8207,Petrol,3,1
 Focus,13341,Manual,14064,Petrol,3,1
 Focus,13300,Manual,30098,Diesel,3,1.14
 Focus,13300,Manual,7871,Petrol,3,1
 Focus,13300,Automatic,9728,Petrol,4,1
 Focus,13299,Manual,10000,Petrol,3,1
 Focus,13299,Manual,16257,Diesel,3,1.14
 Focus,13299,Manual,14889,Diesel,4,1.14
 Focus,13299,Manual,16963,Diesel,3,1.14
 Focus,13298,Semi-Auto,9038,Petrol,4,1
 Focus,13298,Manual,15320,Petrol,2,1
 Focus,13298,Automatic,12912,Petrol,4,1.14
 Focus,13298,Manual,13905,Petrol,3,1
 Focus,13298,Manual,9162,Petrol,4,1.14
 Focus,13298,Manual,8794,Diesel,4,1.14
 Focus,13298,Manual,11132,Petrol,3,1
 Focus,13295,Manual,60879,Diesel,4,1.26
 Focus,13295,Manual,7359,Petrol,3,1
 Focus,13295,Manual,22406,Petrol,3,1
 Focus,13295,Manual,18695,Petrol,3,1
 Focus,13291,Manual,35157,Diesel,6,1.26
 Focus,13291,Manual,23496,Petrol,3,1
 Focus,13290,Manual,9459,Petrol,3,1
 Focus,13290,Manual,20275,Diesel,3,1.14
 Focus,13289,Manual,22058,Petrol,3,1
 Focus,13289,Manual,22058,Petrol,3,1
 Focus,13289,Manual,13387,Diesel,3,1.14
 Focus,13271,Manual,5467,Petrol,3,1
 Focus,13270,Manual,33362,Diesel,3,1.14
 Focus,13270,Manual,13131,Petrol,4,1
 Focus,13265,Manual,19550,Petrol,3,1
 Focus,13250,Manual,36638,Diesel,5,1.26
 Focus,13250,Manual,13090,Petrol,3,1
 Focus,13250,Manual,14984,Petrol,3,1
 Focus,13250,Manual,13638,Petrol,3,1
 Focus,13250,Manual,7000,Petrol,3,1
 Focus,13250,Manual,8976,Petrol,3,1
 Focus,13250,Manual,32643,Diesel,5,1.26
 Focus,13250,Semi-Auto,3038,Petrol,4,1
 Focus,13249,Automatic,8727,Petrol,4,1
 Focus,13240,Automatic,58644,Diesel,5,1.26
 Focus,13231,Manual,11856,Petrol,3,1
 Focus,13220,Manual,9812,Petrol,3,1
 Focus,13220,Manual,13892,Diesel,3,1.14
 Focus,13210,Manual,13090,Petrol,4,1.14
 Focus,13200,Manual,32000,Diesel,6,1.26
 Focus,13200,Manual,20597,Petrol,3,1
 Focus,13199,Manual,21622,Petrol,3,1
 Focus,13195,Manual,29730,Petrol,3,1
 Focus,13195,Manual,15010,Diesel,3,1.14
 Focus,13195,Manual,13518,Petrol,3,1
 Focus,13195,Manual,13000,Petrol,4,1
 Focus,13190,Manual,22786,Petrol,3,1.14
 Focus,13180,Semi-Auto,19065,Diesel,3,1.14
 Focus,13160,Manual,21235,Diesel,3,1.14
 Focus,13157,Manual,12967,Petrol,3,1
 Focus,13150,Manual,5055,Petrol,3,1
 Focus,13150,Semi-Auto,14346,Petrol,3,1
 Focus,13140,Manual,12583,Diesel,3,1.14
 Focus,13100,Manual,8478,Petrol,3,1
 Focus,13099,Automatic,8841,Petrol,4,1.14
 Focus,13095,Manual,14295,Petrol,3,1
 Focus,13084,Manual,40807,Petrol,6,1.26
 Focus,13060,Manual,11710,Petrol,3,1
 Focus,13000,Manual,34466,Diesel,2,1.14
 Focus,13000,Manual,12456,Petrol,4,1
 Focus,13000,Manual,12456,Petrol,4,1
 Focus,13000,Manual,15462,Petrol,3,1
 Focus,13000,Manual,37605,Diesel,5,1.26
 Focus,13000,Manual,22997,Petrol,4,1.14
 Focus,13000,Manual,8026,Petrol,3,1
 Focus,13000,Manual,11842,Petrol,3,1
 Focus,13000,Manual,39448,Diesel,3,1.14
 Focus,13000,Manual,16838,Diesel,4,1.14
 Focus,13000,Manual,10355,Petrol,3,1
 Focus,13000,Manual,16475,Diesel,3,1.14
 Focus,13000,Manual,41599,Petrol,6,1.26
 Focus,13000,Manual,11589,Diesel,3,1.14
 Focus,13000,Manual,12581,Petrol,3,1.14
 Focus,13000,Manual,18696,Diesel,3,1.14
 Focus,13000,Manual,16853,Diesel,3,1.14
 Focus,13000,Semi-Auto,17525,Petrol,4,1
 Focus,13000,Semi-Auto,14119,Petrol,3,1
 Focus,13000,Manual,11000,Petrol,3,1
 Focus,13000,Semi-Auto,10028,Petrol,4,1
 Focus,13000,Semi-Auto,29685,Diesel,3,1.14
 Focus,13000,Semi-Auto,4952,Petrol,3,1
 Focus,13000,Manual,12456,Petrol,4,1
 Focus,13000,Manual,12456,Petrol,4,1
 Focus,13000,Manual,12456,Petrol,4,1
 Focus,13000,Manual,18332,Petrol,3,1
 Focus,13000,Semi-Auto,9099,Petrol,3,1
 Focus,13000,Manual,12456,Petrol,4,1
 Focus,13000,Manual,12456,Petrol,4,1
 Focus,13000,Manual,12914,Diesel,4,1.14
 Focus,13000,Manual,10834,Petrol,3,1
 Focus,13000,Manual,9738,Petrol,3,1
 Focus,13000,Automatic,1446,Petrol,4,1
 Focus,13000,Manual,24716,Diesel,3,1.14
 Focus,13000,Manual,15362,Diesel,4,1.14
 Focus,13000,Manual,15379,Diesel,4,1.14
 Focus,13000,Manual,24484,Diesel,4,0
 Focus,13000,Manual,27000,Petrol,7,1.26
 Focus,13000,Manual,12456,Petrol,4,1
 Focus,13000,Manual,12456,Petrol,4,1
 Focus,13000,Manual,46007,Diesel,6,1.26
 Focus,13000,Manual,12456,Petrol,4,1
 Focus,13000,Manual,12456,Petrol,4,1
 Focus,13000,Manual,12456,Petrol,4,1
 Focus,13000,Manual,12456,Petrol,4,1
 Focus,13000,Automatic,23670,Petrol,4,1.14
 Focus,13000,Manual,11913,Petrol,3,1
 Focus,13000,Manual,12456,Petrol,4,1
 Focus,13000,Manual,12456,Petrol,4,1
 Focus,13000,Manual,12456,Petrol,4,1
 Focus,12999,Manual,12428,Petrol,3,1
 Focus,12999,Manual,9500,Petrol,3,1
 Focus,12999,Semi-Auto,13860,Petrol,3,1
 Focus,12999,Manual,25126,Petrol,3,1
 Focus,12999,Manual,16087,Petrol,3,1
 Focus,12999,Manual,17542,Petrol,3,1
 Focus,12999,Manual,21000,Petrol,4,1
 Focus,12999,Semi-Auto,16943,Petrol,4,1
 Focus,12999,Manual,29534,Petrol,6,1.26
 Focus,12999,Manual,48542,Diesel,6,1.26
 Focus,12999,Automatic,17303,Petrol,4,1
 Focus,12999,Manual,11000,Petrol,3,0
 Focus,12998,Manual,16081,Petrol,3,1
 Focus,12998,Manual,25878,Diesel,6,1.26
 Focus,12998,Manual,17307,Diesel,4,1.14
 Focus,12998,Manual,15448,Petrol,3,1
 Focus,12998,Manual,41484,Diesel,5,1.26
 Focus,12998,Manual,22253,Petrol,3,1
 Focus,12998,Manual,7095,Petrol,4,1.14
 Focus,12998,Manual,15123,Diesel,3,1.14
 Focus,12998,Manual,18661,Petrol,3,1
 Focus,12998,Manual,25279,Diesel,4,1.14
 Focus,12998,Automatic,11577,Petrol,4,1.14
 Focus,12997,Manual,16568,Petrol,3,1
 Focus,12997,Manual,7888,Petrol,3,1
 Focus,12997,Manual,9612,Petrol,4,1
 Focus,12997,Semi-Auto,14392,Petrol,4,1
 Focus,12995,Automatic,2000,Petrol,4,1
 Focus,12995,Manual,9781,Petrol,3,1
 Focus,12995,Manual,10727,Petrol,3,1
 Focus,12995,Manual,7804,Petrol,3,1
 Focus,12995,Manual,18300,Petrol,3,1
 Focus,12995,Manual,13013,Petrol,4,1
 Focus,12995,Manual,11489,Petrol,3,1
 Focus,12995,Manual,14233,Petrol,3,1
 Focus,12995,Manual,33019,Diesel,3,1.14
 Focus,12995,Manual,10300,Petrol,4,1
 Focus,12995,Manual,10438,Petrol,4,1
 Focus,12995,Manual,21950,Petrol,3,1
 Focus,12995,Manual,12595,Petrol,4,1
 Focus,12995,Manual,18670,Petrol,3,1
 Focus,12995,Manual,17161,Petrol,3,1
 Focus,12993,Manual,19135,Petrol,3,1
 Focus,12991,Manual,15623,Petrol,3,1
 Focus,12991,Manual,7273,Petrol,4,1
 Focus,12991,Manual,49605,Diesel,6,1.26
 Focus,12990,Manual,12822,Petrol,4,1
 Focus,12990,Manual,11233,Diesel,4,1.14
 Focus,12990,Manual,10384,Petrol,3,1
 Focus,12990,Manual,11785,Petrol,3,1
 Focus,12990,Manual,20425,Petrol,3,1
 Focus,12990,Manual,13470,Diesel,3,1.14
 Focus,12990,Manual,4883,Petrol,4,1
 Focus,12990,Manual,20000,Petrol,3,1
 Focus,12989,Manual,17989,Diesel,3,1.14
 Focus,12989,Manual,9884,Petrol,3,1
 Focus,12980,Manual,11600,Petrol,4,1.14
 Focus,12975,Manual,11000,Petrol,4,0
 Focus,12970,Manual,7994,Petrol,3,1
 Focus,12950,Manual,21149,Petrol,3,1
 Focus,12950,Manual,15442,Petrol,3,1
 Focus,12950,Manual,14842,Petrol,4,1
 Focus,12950,Manual,15916,Petrol,3,1
 Focus,12949,Automatic,21507,Petrol,4,1.14
 Focus,12949,Manual,7755,Petrol,4,1
 Focus,12942,Manual,30768,Petrol,6,1.26
 Focus,12940,Manual,33000,Diesel,6,1.26
 Focus,12900,Manual,9022,Petrol,3,1
 Focus,12900,Manual,14877,Petrol,4,1.14
 Focus,12900,Manual,16165,Petrol,3,1
 Focus,12900,Manual,29280,Petrol,6,1.26
 Focus,12900,Manual,9022,Petrol,3,1
 Focus,12900,Manual,9022,Petrol,3,1
 Focus,12900,Manual,9022,Petrol,3,1
 Focus,12900,Manual,9022,Petrol,3,1
 Focus,12900,Manual,9022,Petrol,3,1
 Focus,12899,Manual,12073,Diesel,3,1.14
 Focus,12899,Manual,13791,Petrol,3,1
 Focus,12898,Manual,22015,Petrol,3,1
 Focus,12895,Manual,20830,Petrol,3,1
 Focus,12891,Automatic,13800,Petrol,4,1.14
 Focus,12890,Manual,14509,Petrol,4,1
 Focus,12880,Manual,19340,Diesel,4,1.14
 Focus,12877,Manual,16000,Petrol,3,1
 Focus,12850,Manual,36232,Petrol,7,1.26
 Focus,12849,Manual,16128,Petrol,3,1
 Focus,12800,Manual,23842,Diesel,3,1.14
 Focus,12800,Manual,6945,Petrol,3,1
 Focus,12800,Manual,16790,Diesel,4,1.14
 Focus,12799,Manual,48537,Diesel,5,1.26
 Focus,12799,Semi-Auto,13768,Petrol,4,1
 Focus,12799,Manual,8968,Petrol,3,1
 Focus,12798,Manual,22153,Diesel,4,1.14
 Focus,12798,Manual,18632,Diesel,4,1.14
 Focus,12798,Manual,16703,Petrol,4,1
 Focus,12795,Manual,18569,Petrol,3,1
 Focus,12795,Manual,7299,Diesel,4,1.14
 Focus,12795,Semi-Auto,10106,Petrol,4,1
 Focus,12792,Manual,29229,Diesel,5,1.26
 Focus,12791,Manual,16565,Petrol,3,1
 Focus,12791,Manual,16565,Petrol,3,1
 Focus,12790,Semi-Auto,8881,Petrol,4,1
 Focus,12790,Manual,3184,Diesel,4,1.14
 Focus,12787,Manual,39772,Diesel,6,1.26
 Focus,12750,Manual,3640,Petrol,4,1
 Focus,12750,Manual,8558,Petrol,3,1
 Focus,12750,Manual,33202,Petrol,7,1.26
 Focus,12700,Manual,14363,Petrol,3,1
 Focus,12700,Manual,15705,Petrol,3,1
 Focus,12700,Manual,2571,Petrol,3,1
 Focus,12700,Automatic,24769,Petrol,4,1.14
 Focus,12700,Manual,32242,Diesel,4,1.26
 Focus,12700,Manual,25746,Diesel,4,1.14
 Focus,12700,Manual,13198,Petrol,3,1
 Focus,12700,Manual,21388,Diesel,4,1.14
 Focus,12699,Manual,14350,Petrol,3,1
 Focus,12699,Manual,21442,Petrol,3,1
 Focus,12699,Manual,35221,Diesel,3,1.14
 Focus,12699,Manual,16286,Petrol,4,1
 Focus,12699,Manual,8839,Petrol,3,1
 Focus,12698,Manual,7906,Diesel,5,1.14
 Focus,12698,Manual,13588,Diesel,4,1.14
 Focus,12698,Semi-Auto,14876,Petrol,4,1
 Focus,12698,Manual,9484,Diesel,4,1.14
 Focus,12698,Manual,15619,Diesel,4,1.14
 Focus,12698,Semi-Auto,5715,Petrol,4,1
 Focus,12697,Automatic,19823,Petrol,5,1.14
 Focus,12695,Manual,32659,Diesel,6,1.26
 Focus,12695,Manual,10908,Petrol,3,1
 Focus,12695,Manual,3937,Petrol,4,1
 Focus,12691,Manual,21364,Petrol,3,1
 Focus,12690,Manual,20988,Diesel,4,1.14
 Focus,12690,Manual,16834,Petrol,3,1
 Focus,12690,Semi-Auto,15637,Petrol,3,1
 Focus,12689,Automatic,12369,Petrol,5,1.14
 Focus,12670,Manual,7162,Petrol,3,1
 Focus,12661,Manual,34457,Petrol,7,1.26
 Focus,12650,Manual,18442,Petrol,3,1
 Focus,12638,Manual,46628,Diesel,6,1.26
 Focus,12630,Manual,20790,Petrol,3,1
 Focus,12620,Semi-Auto,23829,Petrol,4,1
 Focus,12619,Manual,20879,Petrol,4,1
 Focus,12612,Manual,8974,Petrol,4,1
 Focus,12610,Manual,26052,Petrol,3,1
 Focus,12600,Manual,35211,Diesel,3,1.14
 Focus,12600,Manual,13420,Petrol,3,1
 Focus,12600,Manual,23164,Diesel,3,1.14
 Focus,12600,Manual,16043,Petrol,4,1
 Focus,12599,Manual,15000,Petrol,4,1
 Focus,12599,Manual,4559,Petrol,4,1
 Focus,12599,Manual,22111,Petrol,4,1.14
 Focus,12599,Manual,10760,Diesel,4,1.14
 Focus,12595,Manual,13768,Petrol,3,1
 Focus,12591,Manual,11627,Petrol,4,1
 Focus,12591,Manual,32860,Diesel,3,1.14
 Focus,12590,Manual,29440,Diesel,3,1.14
 Focus,12590,Semi-Auto,14478,Diesel,4,1.14
 Focus,12560,Manual,27647,Diesel,3,1.14
 Focus,12550,Manual,28230,Petrol,3,1
 Focus,12539,Automatic,14952,Petrol,3,1
 Focus,12500,Manual,20668,Petrol,4,1
 Focus,12500,Manual,40310,Petrol,6,1.26
 Focus,12500,Manual,58000,Diesel,6,1.26
 Focus,12500,Manual,19730,Petrol,3,1
 Focus,12500,Manual,45599,Petrol,7,1.26
 Focus,12500,Manual,5014,Petrol,3,1
 Focus,12500,Manual,23868,Petrol,3,1
 Focus,12500,Manual,12900,Petrol,3,1
 Focus,12500,Manual,33820,Diesel,4,1.14
 Focus,12500,Manual,22494,Petrol,3,1
 Focus,12500,Manual,18101,Petrol,3,1
 Focus,12500,Manual,25264,Petrol,3,1
 Focus,12500,Manual,8455,Petrol,3,1
 Focus,12500,Manual,5813,Petrol,3,1
 Focus,12500,Semi-Auto,12118,Petrol,4,1
 Focus,12500,Semi-Auto,8593,Petrol,4,1
 Focus,12500,Manual,16145,Petrol,3,1
 Focus,12500,Manual,49762,Petrol,5,1.26
 Focus,12500,Automatic,17560,Petrol,4,1
 Focus,12500,Manual,18605,Petrol,3,1
 Focus,12500,Manual,8220,Diesel,4,1.14
 Focus,12500,Automatic,21697,Petrol,4,1
 Focus,12500,Manual,7677,Petrol,3,1
 Focus,12499,Manual,44300,Diesel,6,1.26
 Focus,12499,Automatic,31653,Diesel,4,1.14
 Focus,12499,Manual,7732,Petrol,3,1
 Focus,12499,Manual,18053,Petrol,3,1
 Focus,12499,Manual,26100,Diesel,3,1.14
 Focus,12499,Manual,10276,Petrol,4,1
 Focus,12499,Manual,16819,Petrol,3,1
 Focus,12499,Semi-Auto,16943,Petrol,4,1
 Focus,12499,Manual,16287,Petrol,3,1
 Focus,12499,Manual,17330,Diesel,3,1.14
 Focus,12499,Manual,14952,Diesel,4,1.14
 Focus,12499,Manual,52492,Petrol,4,1.14
 Focus,12499,Manual,11830,Petrol,4,1
 Focus,12498,Semi-Auto,12244,Petrol,4,1
 Focus,12498,Manual,9338,Petrol,4,1
 Focus,12498,Manual,17998,Diesel,4,1.14
 Focus,12498,Manual,12705,Petrol,4,1
 Focus,12498,Manual,18812,Diesel,4,1.14
 Focus,12498,Manual,16549,Diesel,4,1.14
 Focus,12498,Manual,20554,Diesel,4,1.14
 Focus,12498,Manual,13559,Petrol,3,1
 Focus,12498,Manual,25941,Diesel,4,1.14
 Focus,12497,Manual,12206,Petrol,4,1
 Focus,12497,Manual,13589,Petrol,3,1
 Focus,12497,Manual,24396,Petrol,3,1
 Focus,12495,Automatic,4000,Petrol,4,1.17
 Focus,12495,Semi-Auto,22354,Diesel,4,1.26
 Focus,12495,Manual,25661,Petrol,5,1.14
 Focus,12495,Manual,13273,Petrol,3,1
 Focus,12495,Manual,20144,Petrol,3,1
 Focus,12495,Manual,23722,Diesel,4,1.14
 Focus,12495,Manual,30130,Petrol,4,1.14
 Focus,12495,Automatic,20693,Petrol,4,1.14
 Focus,12495,Manual,35027,Petrol,4,1
 Focus,12495,Manual,37000,Petrol,8,1.26
 Focus,12495,Manual,45000,Diesel,6,1.26
 Focus,12495,Manual,21215,Petrol,3,1
 Focus,12491,Automatic,27000,Petrol,4,1.14
 Focus,12491,Manual,9712,Petrol,3,1
 Focus,12491,Manual,11356,Petrol,3,1
 Focus,12490,Manual,11292,Petrol,4,1.14
 Focus,12490,Manual,35981,Diesel,4,1.14
 Focus,12490,Manual,25892,Diesel,4,1.14
 Focus,12489,Manual,13530,Diesel,4,1.14
 Focus,12452,Manual,18729,Petrol,4,1.14
 Focus,12450,Manual,24533,Petrol,3,1
 Focus,12430,Manual,35050,Diesel,4,1.14
 Focus,12430,Semi-Auto,16515,Petrol,4,1
 Focus,12429,Semi-Auto,15000,Petrol,4,1
 Focus,12410,Manual,4948,Diesel,4,1.14
 Focus,12400,Manual,26719,Diesel,4,1.14
 Focus,12400,Manual,14130,Diesel,3,1.14
 Focus,12400,Manual,14992,Petrol,3,1
 Focus,12400,Manual,5343,Petrol,3,1
 Focus,12400,Manual,21264,Petrol,3,1
 Focus,12399,Manual,15242,Petrol,3,1
 Focus,12399,Manual,30388,Petrol,7,1.26
 Focus,12399,Manual,29099,Diesel,3,1.14
 Focus,12399,Manual,18227,Diesel,3,1.14
 Focus,12399,Manual,15420,Petrol,3,1
 Focus,12395,Manual,21000,Petrol,3,1
 Focus,12395,Manual,31643,Diesel,3,1.14
 Focus,12395,Manual,19127,Diesel,4,1.14
 Focus,12395,Manual,18280,Petrol,3,1
 Focus,12390,Semi-Auto,26482,Diesel,4,1.14
 Focus,12390,Manual,3345,Petrol,3,1
 Focus,12390,Manual,12664,Petrol,3,1
 Focus,12390,Automatic,30888,Petrol,4,1.14
 Focus,12380,Automatic,24111,Petrol,4,1.14
 Focus,12370,Semi-Auto,15486,Petrol,4,1
 Focus,12369,Manual,17028,Petrol,4,1
 Focus,12360,Manual,15311,Diesel,4,1.14
 Focus,12350,Semi-Auto,5315,Petrol,3,1
 Focus,12350,Manual,25000,Diesel,4,1.14
 Focus,12350,Manual,9247,Petrol,3,1
 Focus,12339,Manual,17333,Petrol,4,1
 Focus,12317,Automatic,2618,Petrol,5,1.14
 Focus,12300,Manual,13255,Petrol,3,1
 Focus,12300,Manual,29568,Diesel,3,1.14
 Focus,12300,Automatic,27823,Diesel,4,1.14
 Focus,12300,Manual,32333,Diesel,4,1.14
 Focus,12300,Manual,14724,Petrol,4,1
 Focus,12299,Manual,19850,Petrol,3,1
 Focus,12299,Manual,21680,Diesel,3,1.14
 Focus,12299,Manual,12100,Petrol,4,1
 Focus,12299,Manual,13430,Petrol,3,1
 Focus,12299,Manual,17896,Diesel,4,1.14
 Focus,12299,Manual,17779,Petrol,4,1
 Focus,12299,Manual,13264,Petrol,3,1
 Focus,12298,Manual,51103,Petrol,6,1.26
 Focus,12298,Manual,27494,Petrol,3,1
 Focus,12298,Manual,22163,Diesel,4,1.14
 Focus,12295,Manual,14288,Petrol,4,1
 Focus,12295,Manual,17139,Petrol,3,1
 Focus,12295,Manual,14750,Petrol,4,1
 Focus,12295,Manual,13500,Petrol,3,1
 Focus,12295,Manual,23016,Petrol,4,1.14
 Focus,12295,Manual,13849,Diesel,4,1.14
 Focus,12295,Manual,22327,Petrol,4,1.14
 Focus,12295,Manual,16136,Petrol,3,1
 Focus,12295,Manual,15893,Petrol,3,1
 Focus,12290,Manual,8067,Petrol,3,1
 Focus,12289,Semi-Auto,18134,Petrol,4,1
 Focus,12289,Manual,14112,Petrol,4,1
 Focus,12270,Manual,18866,Petrol,4,1
 Focus,12259,Manual,18006,Diesel,4,1.14
 Focus,12250,Manual,14554,Diesel,4,1.14
 Focus,12250,Manual,8586,Petrol,3,1
 Focus,12250,Manual,14728,Petrol,4,1.14
 Focus,12250,Manual,14554,Diesel,4,1.14
 Focus,12250,Manual,14554,Diesel,4,1.14
 Focus,12250,Manual,18138,Petrol,4,1
 Focus,12250,Manual,16706,Petrol,3,1
 Focus,12247,Manual,9865,Petrol,4,1
 Focus,12241,Manual,10627,Petrol,3,1
 Focus,12240,Automatic,15540,Petrol,4,1.14
 Focus,12204,Manual,22688,Petrol,3,1
 Focus,12200,Manual,24450,Diesel,4,1.14
 Focus,12200,Manual,13974,Petrol,3,1
 Focus,12200,Semi-Auto,15357,Diesel,5,1.26
 Focus,12200,Manual,38773,Diesel,6,1.26
 Focus,12199,Manual,14766,Petrol,3,1
 Focus,12199,Manual,5304,Petrol,3,1
 Focus,12199,Manual,17954,Diesel,4,1.14
 Focus,12199,Manual,8600,Petrol,4,1
 Focus,12195,Manual,8734,Petrol,3,1
 Focus,12195,Manual,11821,Petrol,3,1
 Focus,12195,Manual,68438,Petrol,5,1.26
 Focus,12195,Manual,6300,Petrol,3,1
 Focus,12190,Manual,32340,Diesel,3,1.14
 Focus,12189,Manual,10283,Petrol,3,1
 Focus,12180,Manual,43782,Petrol,3,1
 Focus,12170,Semi-Auto,11634,Petrol,4,1
 Focus,12128,Manual,21399,Petrol,4,1
 Focus,12120,Manual,16853,Petrol,4,1
 Focus,12100,Manual,12548,Petrol,4,1
 Focus,12100,Manual,13579,Diesel,4,1.14
 Focus,12099,Manual,14439,Diesel,4,1.14
 Focus,12091,Manual,25250,Diesel,4,1.14
 Focus,12090,Automatic,12279,Petrol,3,1
 Focus,12089,Manual,28568,Diesel,3,1.14
 Focus,12050,Automatic,26059,Petrol,4,1
 Focus,12050,Manual,19460,Petrol,3,1.14
 Focus,12046,Manual,48254,Petrol,7,1.26
 Focus,12030,Automatic,24776,Petrol,4,1.14
 Focus,12030,Manual,18770,Petrol,3,1
 Focus,12020,Manual,10020,Petrol,3,1
 Focus,12012,Manual,20621,Petrol,4,1
 Focus,12000,Automatic,15238,Petrol,4,1
 Focus,12000,Automatic,15238,Petrol,4,1
 Focus,12000,Manual,48876,Diesel,5,1.26
 Focus,12000,Manual,12547,Petrol,3,1
 Focus,12000,Manual,18952,Diesel,3,1.14
 Focus,12000,Manual,11300,Petrol,3,1
 Focus,12000,Manual,11457,Petrol,3,1
 Focus,12000,Manual,11285,Petrol,3,1
 Focus,12000,Manual,15071,Diesel,3,1.14
 Focus,12000,Manual,13318,Petrol,4,1
 Focus,12000,Manual,14255,Petrol,4,1
 Focus,12000,Manual,10250,Petrol,3,1
 Focus,12000,Manual,16299,Petrol,6,1.14
 Focus,12000,Manual,31070,Diesel,4,1.14
 Focus,12000,Manual,14162,Diesel,3,1.14
 Focus,12000,Semi-Auto,13756,Petrol,4,1
 Focus,12000,Manual,14917,Petrol,3,1
 Focus,12000,Manual,22296,Diesel,4,1.14
 Focus,12000,Manual,17225,Petrol,3,1
 Focus,12000,Manual,20045,Diesel,3,1.14
 Focus,12000,Manual,28672,Petrol,4,1
 Focus,12000,Manual,13696,Petrol,3,1
 Focus,12000,Manual,6179,Diesel,4,1.14
 Focus,12000,Manual,12564,Petrol,3,1
 Focus,12000,Manual,33310,Diesel,4,1.14
 Focus,12000,Manual,12775,Petrol,3,1
 Focus,12000,Manual,21316,Petrol,4,1
 Focus,12000,Automatic,15238,Petrol,4,1
 Focus,12000,Automatic,15238,Petrol,4,1
 Focus,12000,Automatic,15238,Petrol,4,1
 Focus,12000,Manual,31727,Diesel,4,1.14
 Focus,12000,Automatic,15238,Petrol,4,1
 Focus,12000,Manual,31249,Diesel,4,1.14
 Focus,12000,Automatic,15238,Petrol,4,1
 Focus,12000,Manual,15506,Petrol,4,1
 Focus,12000,Manual,25060,Petrol,5,1.14
 Focus,12000,Automatic,80468,Diesel,5,1.26
 Focus,12000,Manual,18116,Diesel,4,1.14
 Focus,12000,Manual,36851,Diesel,4,1.14
 Focus,12000,Automatic,14436,Petrol,5,1.14
 Focus,12000,Automatic,15238,Petrol,4,1
 Focus,12000,Automatic,20000,Petrol,4,1
 Focus,12000,Automatic,15238,Petrol,4,1
 Focus,12000,Automatic,15238,Petrol,4,1
 Focus,12000,Automatic,15238,Petrol,4,1
 Focus,12000,Automatic,15238,Petrol,4,1
 Focus,12000,Automatic,15238,Petrol,4,1
 Focus,12000,Automatic,15238,Petrol,4,1
 Focus,12000,Automatic,15238,Petrol,4,1
 Focus,12000,Automatic,15238,Petrol,4,1
 Focus,11999,Manual,30953,Petrol,3,1.14
 Focus,11999,Manual,6691,Petrol,3,1
 Focus,11999,Manual,15002,Petrol,5,1.14
 Focus,11999,Manual,30699,Petrol,3,1.14
 Focus,11999,Manual,14662,Petrol,4,1
 Focus,11999,Manual,2240,Petrol,4,1
 Focus,11999,Manual,16473,Petrol,3,1
 Focus,11999,Manual,16878,Petrol,4,1
 Focus,11999,Manual,9381,Petrol,4,1
 Focus,11999,Manual,11741,Petrol,4,1
 Focus,11999,Manual,14929,Petrol,3,1
 Focus,11999,Manual,9844,Petrol,4,1
 Focus,11999,Manual,13072,Petrol,3,1
 Focus,11999,Manual,20186,Petrol,3,1
 Focus,11999,Manual,18153,Petrol,4,1.14
 Focus,11999,Manual,26973,Petrol,4,1
 Focus,11999,Manual,20310,Diesel,4,1.14
 Focus,11999,Manual,26898,Petrol,3,1
 Focus,11999,Manual,12485,Petrol,4,1
 Focus,11999,Manual,28036,Diesel,4,1.14
 Focus,11999,Manual,17296,Diesel,4,1.14
 Focus,11999,Manual,22214,Diesel,4,1.14
 Focus,11999,Manual,13678,Petrol,3,1
 Focus,11999,Manual,37737,Diesel,6,1.26
 Focus,11999,Manual,17431,Petrol,3,1
 Focus,11999,Manual,12961,Petrol,4,1
 Focus,11998,Manual,28497,Diesel,4,1.14
 Focus,11998,Manual,7412,Petrol,4,1
 Focus,11998,Semi-Auto,18978,Diesel,4,1.14
 Focus,11998,Manual,10474,Diesel,4,1.14
 Focus,11998,Manual,8308,Diesel,4,1.14
 Focus,11998,Manual,25950,Diesel,4,1.14
 Focus,11998,Manual,14032,Diesel,4,1.14
 Focus,11998,Manual,20758,Diesel,4,1.14
 Focus,11998,Manual,9038,Diesel,4,1.14
 Focus,11998,Manual,20932,Diesel,3,1.14
 Focus,11998,Manual,20986,Petrol,4,1
 Focus,11998,Manual,9080,Petrol,4,1
 Focus,11998,Manual,29826,Diesel,4,1.14
 Focus,11998,Semi-Auto,7084,Petrol,4,1
 Focus,11998,Manual,18123,Diesel,4,1.14
 Focus,11998,Manual,14895,Diesel,4,1.14
 Focus,11998,Manual,18856,Petrol,4,1
 Focus,11997,Manual,15332,Petrol,3,1
 Focus,11997,Manual,11502,Petrol,3,1
 Focus,11997,Manual,7269,Petrol,3,1
 Focus,11997,Manual,13146,Petrol,3,1
 Focus,11997,Manual,10708,Petrol,4,1
 Focus,11995,Automatic,13000,Diesel,5,1.14
 Focus,11995,Manual,23469,Petrol,4,1.14
 Focus,11995,Manual,10553,Diesel,3,1.14
 Focus,11995,Manual,43393,Diesel,6,1.26
 Focus,11995,Manual,24000,Petrol,3,1
 Focus,11995,Manual,46679,Diesel,3,1.14
 Focus,11995,Semi-Auto,35289,Diesel,4,1.14
 Focus,11995,Manual,19933,Petrol,4,1
 Focus,11995,Semi-Auto,10796,Petrol,4,1
 Focus,11995,Manual,22572,Diesel,4,1.14
 Focus,11995,Manual,13711,Petrol,4,1
 Focus,11995,Semi-Auto,16172,Petrol,3,1
 Focus,11995,Manual,15000,Petrol,4,1
 Focus,11995,Manual,15984,Petrol,3,1
 Focus,11995,Manual,10048,Petrol,3,1
 Focus,11995,Manual,22081,Diesel,4,1.14
 Focus,11995,Manual,16246,Petrol,3,1
 Focus,11995,Manual,16246,Petrol,3,1
 Focus,11995,Manual,19036,Petrol,3,1
 Focus,11995,Manual,11500,Petrol,4,1
 Focus,11995,Manual,12662,Petrol,3,1
 Focus,11995,Semi-Auto,21553,Petrol,4,1
 Focus,11995,Manual,15900,Petrol,3,1
 Focus,11995,Automatic,21890,Diesel,4,1.26
 Focus,11995,Manual,25000,Petrol,3,1
 Focus,11995,Automatic,12320,Petrol,5,1
 Focus,11995,Manual,22167,Petrol,4,1
 Focus,11995,Manual,23516,Petrol,4,1
 Focus,11995,Automatic,34646,Petrol,5,1.14
 Focus,11995,Manual,6654,Petrol,4,1
 Focus,11992,Manual,15814,Petrol,3,1
 Focus,11991,Manual,23445,Diesel,4,1.14
 Focus,11991,Manual,23161,Diesel,4,1.14
 Focus,11991,Manual,24174,Diesel,3,1.14
 Focus,11991,Manual,20595,Diesel,3,1.14
 Focus,11991,Manual,10662,Petrol,3,1
 Focus,11991,Semi-Auto,8805,Petrol,4,1
 Focus,11990,Manual,17212,Diesel,4,1.14
 Focus,11990,Manual,21567,Petrol,3,1
 Focus,11990,Manual,29478,Diesel,4,1.14
 Focus,11990,Manual,23915,Petrol,3,1
 Focus,11990,Manual,12956,Petrol,3,1
 Focus,11990,Automatic,27948,Petrol,4,1.14
 Focus,11990,Manual,47729,Petrol,8,1.26
 Focus,11990,Semi-Auto,3600,Petrol,4,1
 Focus,11990,Manual,20312,Petrol,3,1
 Focus,11990,Manual,45000,Petrol,5,1.26
 Focus,11989,Manual,9088,Petrol,3,1
 Focus,11989,Automatic,25913,Petrol,5,1.14
 Focus,11989,Manual,29086,Diesel,3,1.14
 Focus,11982,Manual,15417,Petrol,3,1
 Focus,11982,Manual,6633,Petrol,3,1
 Focus,11980,Semi-Auto,30898,Petrol,3,1
 Focus,11980,Manual,13864,Petrol,3,1
 Focus,11980,Manual,30680,Diesel,4,1.14
 Focus,11970,Manual,37000,Diesel,3,1.14
 Focus,11969,Manual,24634,Diesel,3,1.14
 Focus,11950,Semi-Auto,12739,Petrol,4,1
 Focus,11950,Manual,15654,Diesel,3,1.14
 Focus,11950,Manual,10041,Petrol,3,1
 Focus,11950,Manual,14977,Petrol,4,1
 Focus,11920,Semi-Auto,10672,Diesel,4,1.14
 Focus,11900,Manual,30898,Diesel,5,1.26
 Focus,11900,Manual,9574,Petrol,4,1
 Focus,11900,Manual,17881,Petrol,3,1
 Focus,11900,Manual,11574,Diesel,4,1.14
 Focus,11900,Manual,21791,Petrol,4,1
 Focus,11900,Semi-Auto,18396,Petrol,4,1
 Focus,11900,Manual,16271,Petrol,3,1
 Focus,11900,Semi-Auto,7560,Petrol,4,1
 Focus,11900,Manual,26329,Diesel,4,1.14
 Focus,11900,Manual,17144,Petrol,3,1
 Focus,11899,Manual,4657,Petrol,3,1
 Focus,11899,Manual,17298,Petrol,3,1
 Focus,11899,Manual,9673,Petrol,3,1
 Focus,11899,Manual,17445,Petrol,4,1
 Focus,11890,Manual,13914,Petrol,3,1
 Focus,11890,Manual,19097,Petrol,3,1
 Focus,11890,Semi-Auto,38617,Petrol,4,1
 Focus,11889,Manual,9610,Petrol,3,1
 Focus,11886,Manual,19798,Diesel,4,1.14
 Focus,11885,Manual,27000,Petrol,4,1
 Focus,11880,Manual,2435,Petrol,4,1
 Focus,11880,Manual,30345,Diesel,4,1.26
 Focus,11860,Manual,23769,Diesel,3,1.14
 Focus,11850,Manual,15363,Petrol,3,1
 Focus,11850,Manual,15013,Diesel,4,1.14
 Focus,11850,Manual,18466,Diesel,4,1.14
 Focus,11841,Manual,17434,Petrol,4,1
 Focus,11817,Semi-Auto,12582,Petrol,4,1
 Focus,11810,Manual,17330,Petrol,3,1.14
 Focus,11810,Semi-Auto,5034,Petrol,5,1
 Focus,11800,Manual,25339,Diesel,3,1.14
 Focus,11800,Manual,9654,Petrol,4,1
 Focus,11800,Manual,21831,Diesel,3,1.14
 Focus,11800,Manual,25299,Diesel,3,1.14
 Focus,11800,Manual,22076,Petrol,3,1
 Focus,11800,Manual,12621,Petrol,3,1
 Focus,11800,Manual,6859,Petrol,4,1
 Focus,11800,Automatic,12514,Petrol,5,1.14
 Focus,11800,Automatic,22008,Petrol,4,1
 Focus,11800,Manual,30212,Diesel,4,1.14
 Focus,11800,Manual,13601,Petrol,4,1
 Focus,11800,Manual,16612,Diesel,4,1.14
 Focus,11799,Manual,21069,Diesel,4,1.14
 Focus,11799,Manual,17315,Diesel,4,1.14
 Focus,11799,Manual,28333,Petrol,4,1
 Focus,11799,Manual,20417,Petrol,3,1
 Focus,11798,Manual,15417,Diesel,4,1.14
 Focus,11797,Manual,12255,Petrol,4,1
 Focus,11795,Manual,25069,Diesel,4,1.14
 Focus,11795,Manual,11086,Petrol,3,1
 Focus,11795,Manual,22220,Diesel,5,1.14
 Focus,11795,Manual,23572,Petrol,4,1.14
 Focus,11795,Manual,30564,Petrol,4,1
 Focus,11795,Manual,12260,Petrol,4,1
 Focus,11795,Manual,9616,Petrol,4,1
 Focus,11795,Manual,20611,Petrol,3,1
 Focus,11795,Manual,26500,Petrol,3,1
 Focus,11795,Manual,17995,Petrol,3,1
 Focus,11790,Semi-Auto,26694,Petrol,3,1
 Focus,11790,Manual,13239,Diesel,4,1.14
 Focus,11784,Manual,6000,Diesel,5,1.14
 Focus,11779,Semi-Auto,11011,Petrol,3,1
 Focus,11768,Manual,15375,Petrol,4,1
 Focus,11750,Manual,32746,Diesel,4,1.14
 Focus,11750,Manual,8556,Petrol,4,1
 Focus,11750,Manual,27800,Petrol,4,1
 Focus,11750,Manual,27800,Petrol,4,1
 Focus,11750,Manual,20205,Petrol,4,1.14
 Focus,11750,Manual,17045,Petrol,3,1
 Focus,11750,Manual,18787,Diesel,4,1.14
 Focus,11750,Manual,19371,Petrol,3,1
 Focus,11750,Manual,12200,Petrol,4,1
 Focus,11750,Manual,32746,Diesel,4,1.14
 Focus,11750,Manual,32746,Diesel,4,1.14
 Focus,11750,Manual,32746,Diesel,4,1.14
 Focus,11750,Manual,32746,Diesel,4,1.14
 Focus,11750,Manual,32746,Diesel,4,1.14
 Focus,11750,Manual,25465,Diesel,3,1.14
 Focus,11750,Manual,32746,Diesel,4,1.14
 Focus,11750,Manual,11829,Petrol,3,1
 Focus,11750,Manual,32746,Diesel,4,1.14
 Focus,11750,Manual,32746,Diesel,4,1.14
 Focus,11750,Manual,32746,Diesel,4,1.14
 Focus,11750,Manual,32746,Diesel,4,1.14
 Focus,11750,Manual,32746,Diesel,4,1.14
 Focus,11750,Manual,32746,Diesel,4,1.14
 Focus,11750,Manual,32746,Diesel,4,1.14
 Focus,11750,Manual,32746,Diesel,4,1.14
 Focus,11748,Manual,22638,Petrol,4,1.14
 Focus,11746,Manual,26495,Petrol,3,1
 Focus,11731,Manual,22522,Petrol,4,1
 Focus,11728,Manual,9340,Diesel,4,1.14
 Focus,11704,Manual,13878,Diesel,3,1.14
 Focus,11700,Manual,18587,Diesel,4,1.26
 Focus,11700,Manual,26807,Petrol,4,1
 Focus,11700,Manual,39093,Petrol,4,1.14
 Focus,11700,Manual,21934,Diesel,4,1.14
 Focus,11700,Manual,18479,Petrol,4,1
 Focus,11700,Manual,21000,Petrol,4,1
 Focus,11700,Manual,20691,Petrol,4,1
 Focus,11700,Automatic,24775,Petrol,4,1
 Focus,11699,Manual,31607,Diesel,3,1.14
 Focus,11699,Manual,11526,Petrol,4,1
 Focus,11699,Manual,13211,Petrol,4,1
 Focus,11698,Manual,17750,Diesel,4,1.14
 Focus,11698,Manual,8111,Petrol,4,1
 Focus,11698,Manual,24706,Diesel,4,1.14
 Focus,11698,Manual,19359,Petrol,3,1
 Focus,11698,Manual,32557,Diesel,4,1.14
 Focus,11698,Manual,17398,Diesel,4,1.14
 Focus,11697,Manual,20744,Petrol,4,1
 Focus,11695,Manual,15935,Petrol,4,1
 Focus,11695,Manual,7788,Petrol,3,1
 Focus,11695,Semi-Auto,22804,Petrol,4,1
 Focus,11695,Manual,28543,Petrol,4,1.14
 Focus,11695,Manual,21502,Diesel,4,1.14
 Focus,11695,Manual,57420,Diesel,5,1.26
 Focus,11691,Manual,13159,Petrol,3,1
 Focus,11689,Manual,20827,Petrol,3,1
 Focus,11689,Manual,14132,Diesel,4,1.14
 Focus,11680,Manual,12500,Petrol,3,1
 Focus,11680,Manual,22854,Petrol,3,1
 Focus,11677,Manual,10604,Petrol,3,1
 Focus,11670,Manual,26754,Diesel,4,1.14
 Focus,11660,Manual,46995,Petrol,3,1
 Focus,11650,Manual,17312,Petrol,3,1
 Focus,11649,Manual,23765,Diesel,4,1.14
 Focus,11640,Manual,29546,Petrol,3,1
 Focus,11625,Semi-Auto,15618,Petrol,5,1
 Focus,11620,Manual,26508,Diesel,4,1.14
 Focus,11618,Manual,10000,Petrol,3,1
 Focus,11610,Manual,26411,Diesel,4,1.14
 Focus,11607,Manual,23000,Petrol,7,1.26
 Focus,11600,Manual,27910,Diesel,4,1.14
 Focus,11600,Manual,23500,Petrol,4,1
 Focus,11600,Semi-Auto,15716,Petrol,4,1
 Focus,11600,Manual,26476,Petrol,4,1
 Focus,11600,Manual,17105,Petrol,4,1
 Focus,11599,Manual,40820,Petrol,4,1.14
 Focus,11599,Manual,23436,Petrol,4,1
 Focus,11599,Manual,38590,Diesel,4,1.14
 Focus,11599,Manual,36539,Diesel,4,1.14
 Focus,11599,Manual,19064,Petrol,3,1
 Focus,11599,Automatic,22436,Petrol,4,1
 Focus,11599,Manual,21618,Petrol,4,1
 Focus,11599,Manual,36601,Diesel,6,1.26
 Focus,11599,Manual,12527,Petrol,5,1.14
 Focus,11598,Manual,11654,Petrol,3,1
 Focus,11595,Manual,17666,Diesel,5,1.14
 Focus,11595,Manual,25392,Petrol,4,1
 Focus,11591,Manual,11055,Petrol,4,1
 Focus,11591,Manual,7612,Petrol,4,1
 Focus,11589,Manual,17997,Petrol,3,1
 Focus,11560,Manual,17530,Petrol,4,1
 Focus,11555,Semi-Auto,10136,Petrol,5,1
 Focus,11550,Semi-Auto,30973,Diesel,4,1.14
 Focus,11510,Semi-Auto,18150,Petrol,4,1
 Focus,11500,Manual,18413,Petrol,4,1
 Focus,11500,Automatic,27348,Petrol,4,1.14
 Focus,11500,Manual,72085,Diesel,5,1.26
 Focus,11500,Manual,22344,Petrol,4,1.14
 Focus,11500,Manual,22241,Petrol,4,1
 Focus,11500,Semi-Auto,19386,Petrol,4,1
 Focus,11500,Manual,27000,Diesel,4,1.14
 Focus,11500,Manual,8286,Petrol,3,1
 Focus,11500,Manual,30186,Diesel,4,1.14
 Focus,11500,Manual,23890,Diesel,3,1.14
 Focus,11500,Manual,41545,Petrol,4,1.14
 Focus,11500,Manual,19512,Petrol,4,1
 Focus,11500,Manual,22075,Diesel,4,1.14
 Focus,11500,Semi-Auto,14482,Petrol,4,1
 Focus,11500,Manual,23202,Petrol,3,1
 Focus,11500,Semi-Auto,6474,Petrol,5,1
 Focus,11500,Automatic,36200,Diesel,4,1.14
 Focus,11500,Manual,37446,Diesel,5,1.14
 Focus,11500,Manual,2481,Petrol,4,1
 Focus,11500,Manual,44646,Diesel,4,1.14
 Focus,11500,Automatic,34468,Diesel,4,1.14
 Focus,11500,Automatic,20733,Petrol,4,1
 Focus,11500,Manual,6071,Diesel,5,1.14
 Focus,11500,Automatic,29755,Petrol,4,1
 Focus,11499,Manual,21063,Diesel,4,1.14
 Focus,11499,Manual,30905,Diesel,4,1.26
 Focus,11499,Manual,23187,Petrol,4,1
 Focus,11499,Manual,17918,Petrol,4,1
 Focus,11499,Manual,28604,Diesel,4,1.14
 Focus,11499,Manual,22465,Petrol,3,1
 Focus,11499,Manual,35763,Petrol,4,1.14
 Focus,11499,Manual,11091,Petrol,4,1
 Focus,11499,Manual,9122,Petrol,4,1
 Focus,11499,Manual,24845,Diesel,5,1.26
 Focus,11499,Manual,21023,Petrol,3,1
 Focus,11499,Manual,42043,Petrol,6,1.26
 Focus,11499,Automatic,10703,Petrol,5,1.17
 Focus,11498,Semi-Auto,30917,Petrol,4,1
 Focus,11498,Manual,9148,Petrol,4,1
 Focus,11498,Manual,25464,Petrol,3,1
 Focus,11498,Manual,27277,Diesel,3,1.14
 Focus,11498,Manual,15378,Petrol,4,1
 Focus,11498,Manual,22115,Diesel,4,1.14
 Focus,11498,Semi-Auto,23361,Petrol,4,1
 Focus,11498,Manual,27307,Petrol,4,1
 Focus,11498,Manual,22213,Diesel,4,1.14
 Focus,11498,Manual,35491,Diesel,4,1.14
 Focus,11498,Manual,22876,Diesel,4,1.14
 Focus,11498,Manual,15430,Diesel,4,1.14
 Focus,11498,Manual,40850,Diesel,4,1.14
 Focus,11498,Manual,18150,Petrol,4,1
 Focus,11498,Manual,20120,Diesel,4,1.14
 Focus,11498,Manual,12418,Petrol,4,1
 Focus,11497,Manual,9379,Petrol,3,1
 Focus,11497,Manual,16558,Petrol,3,1
 Focus,11495,Manual,29900,Diesel,5,1.14
 Focus,11495,Manual,32546,Diesel,5,1.26
 Focus,11495,Semi-Auto,33661,Diesel,6,1.26
 Focus,11495,Manual,38517,Diesel,4,1.14
 Focus,11495,Manual,10738,Petrol,3,1
 Focus,11495,Manual,16700,Petrol,4,1
 Focus,11495,Manual,17468,Petrol,3,1
 Focus,11495,Manual,13459,Petrol,4,1
 Focus,11495,Manual,20958,Petrol,4,1
 Focus,11495,Manual,13764,Petrol,4,1
 Focus,11495,Manual,17468,Petrol,3,1
 Focus,11495,Manual,8389,Petrol,5,1
 Focus,11495,Automatic,30452,Petrol,4,1
 Focus,11495,Manual,14174,Petrol,3,1
 Focus,11495,Manual,20000,Petrol,4,1
 Focus,11495,Manual,58655,Diesel,6,1.26
 Focus,11495,Automatic,21000,Petrol,4,1
 Focus,11491,Manual,36461,Diesel,3,1.14
 Focus,11491,Manual,31397,Petrol,4,1.14
 Focus,11491,Manual,11045,Petrol,4,1
 Focus,11491,Manual,5178,Petrol,4,1
 Focus,11491,Manual,19399,Diesel,4,1.14
 Focus,11491,Manual,21289,Petrol,3,1
 Focus,11491,Semi-Auto,44525,Diesel,4,1.14
 Focus,11490,Manual,14991,Petrol,3,1
 Focus,11490,Manual,17152,Petrol,3,1
 Focus,11490,Manual,27291,Diesel,3,1.14
 Focus,11490,Manual,63686,Diesel,4,1.26
 Focus,11490,Manual,17423,Petrol,4,1
 Focus,11490,Manual,5937,Petrol,3,1
 Focus,11490,Manual,16823,Petrol,3,1
 Focus,11490,Manual,18997,Petrol,3,1
 Focus,11490,Manual,33812,Petrol,5,1.14
 Focus,11490,Manual,45000,Diesel,6,1.26
 Focus,11490,Manual,19579,Petrol,4,1
 Focus,11489,Manual,26549,Diesel,4,1.14
 Focus,11489,Manual,19942,Diesel,5,1.14
 Focus,11479,Manual,52639,Diesel,4,1.14
 Focus,11460,Manual,21742,Petrol,3,1
 Focus,11450,Manual,18524,Petrol,4,1
 Focus,11450,Manual,7680,Petrol,3,1
 Focus,11450,Manual,23319,Petrol,4,1
 Focus,11450,Manual,24521,Petrol,4,1
 Focus,11450,Manual,20266,Petrol,4,1
 Focus,11450,Manual,18095,Petrol,4,1
 Focus,11450,Manual,16006,Petrol,5,1
 Focus,11450,Manual,46500,Diesel,6,1.26
 Focus,11400,Manual,26656,Petrol,3,1
 Focus,11400,Manual,15000,Petrol,4,1
 Focus,11400,Automatic,10266,Petrol,5,1
 Focus,11399,Manual,17980,Petrol,4,1
 Focus,11399,Automatic,20928,Petrol,4,1
 Focus,11397,Manual,14668,Petrol,3,1
 Focus,11395,Manual,25887,Diesel,4,1.14
 Focus,11390,Manual,19419,Petrol,4,1
 Focus,11390,Manual,29751,Diesel,3,1.14
 Focus,11389,Manual,36608,Diesel,4,1.14
 Focus,11375,Manual,19484,Petrol,4,1
 Focus,11370,Manual,14090,Diesel,4,1.14
 Focus,11360,Manual,27961,Diesel,4,1.14
 Focus,11350,Manual,10051,Petrol,3,1
 Focus,11350,Manual,11892,Petrol,4,1
 Focus,11350,Manual,67588,Diesel,6,1.26
 Focus,11341,Manual,18256,Petrol,3,1
 Focus,11330,Manual,24903,Petrol,5,1.14
 Focus,11318,Manual,40402,Petrol,7,1.26
 Focus,11300,Manual,13300,Petrol,4,1
 Focus,11300,Manual,31118,Diesel,4,1.14
 Focus,11300,Manual,13673,Petrol,3,1
 Focus,11300,Manual,28271,Petrol,3,1
 Focus,11300,Manual,10304,Petrol,4,1
 Focus,11300,Manual,21874,Petrol,4,1
 Focus,11300,Semi-Auto,18503,Petrol,5,1.17
 Focus,11300,Manual,21786,Diesel,4,1.14
 Focus,11300,Manual,16617,Petrol,3,1
 Focus,11299,Manual,23624,Diesel,4,1.14
 Focus,11298,Manual,24386,Diesel,4,1.14
 Focus,11298,Semi-Auto,37880,Diesel,3,1.14
 Focus,11298,Manual,2666,Petrol,4,1
 Focus,11298,Manual,14604,Diesel,4,1.14
 Focus,11298,Manual,17530,Diesel,4,1.14
 Focus,11298,Manual,29492,Diesel,4,1.14
 Focus,11298,Manual,26781,Petrol,4,1
 Focus,11298,Manual,22973,Diesel,4,1.14
 Focus,11298,Manual,22480,Diesel,4,1.14
 Focus,11295,Manual,15612,Petrol,4,1
 Focus,11295,Manual,13435,Petrol,3,1
 Focus,11295,Manual,5063,Petrol,4,1
 Focus,11295,Manual,19337,Petrol,4,1
 Focus,11291,Semi-Auto,12857,Petrol,4,1
 Focus,11291,Manual,17904,Diesel,4,1.14
 Focus,11291,Manual,17555,Diesel,4,1.14
 Focus,11290,Manual,9928,Petrol,5,1
 Focus,11290,Manual,29787,Diesel,4,1.14
 Focus,11290,Manual,37820,Diesel,4,1.14
 Focus,11280,Manual,10492,Petrol,5,1
 Focus,11257,Manual,17000,Diesel,4,1.14
 Focus,11253,Manual,9793,Petrol,4,1
 Focus,11250,Manual,41495,Diesel,4,1.14
 Focus,11250,Manual,41495,Diesel,4,1.14
 Focus,11250,Manual,12302,Petrol,3,1
 Focus,11250,Manual,7330,Petrol,3,1
 Focus,11250,Manual,19338,Petrol,3,1
 Focus,11250,Manual,8564,Petrol,3,1
 Focus,11250,Manual,33104,Petrol,4,1
 Focus,11250,Manual,6421,Petrol,3,1
 Focus,11250,Manual,20309,Petrol,4,1
 Focus,11250,Manual,41495,Diesel,4,1.14
 Focus,11250,Manual,41495,Diesel,4,1.14
 Focus,11250,Manual,16446,Petrol,3,1
 Focus,11250,Manual,41495,Diesel,4,1.14
 Focus,11250,Manual,41495,Diesel,4,1.14
 Focus,11250,Manual,41495,Diesel,4,1.14
 Focus,11250,Manual,6746,Petrol,4,1
 Focus,11250,Manual,41495,Diesel,4,1.14
 Focus,11250,Manual,41495,Diesel,4,1.14
 Focus,11250,Manual,41495,Diesel,4,1.14
 Focus,11250,Manual,41495,Diesel,4,1.14
 Focus,11250,Manual,41495,Diesel,4,1.14
 Focus,11250,Manual,41495,Diesel,4,1.14
 Focus,11250,Automatic,23156,Petrol,4,1
 Focus,11250,Manual,41495,Diesel,4,1.14
 Focus,11220,Manual,21922,Petrol,5,1.14
 Focus,11220,Semi-Auto,22132,Petrol,4,1
 Focus,11220,Manual,24000,Petrol,4,1
 Focus,11211,Manual,22766,Petrol,4,1
 Focus,11202,Manual,26500,Petrol,4,1
 Focus,11200,Manual,15121,Petrol,4,1
 Focus,11200,Manual,11133,Diesel,4,1.14
 Focus,11200,Manual,15410,Diesel,4,1.14
 Focus,11200,Manual,18832,Petrol,4,1
 Focus,11200,Manual,23000,Petrol,3,1
 Focus,11200,Manual,38635,Petrol,5,1.14
 Focus,11200,Manual,14341,Diesel,4,1.14
 Focus,11199,Manual,22625,Diesel,4,1.14
 Focus,11199,Manual,25084,Petrol,3,1
 Focus,11195,Semi-Auto,31648,Diesel,4,1.14
 Focus,11190,Semi-Auto,38410,Diesel,4,1.14
 Focus,11150,Manual,16709,Petrol,3,1
 Focus,11150,Manual,15180,Petrol,3,1
 Focus,11111,Manual,14282,Petrol,6,1
 Focus,11100,Manual,19841,Petrol,3,1
 Focus,11100,Manual,26000,Petrol,4,1
 Focus,11100,Manual,23038,Petrol,5,1
 Focus,11100,Automatic,42500,Diesel,4,1.14
 Focus,11095,Manual,21123,Petrol,3,1
 Focus,11091,Manual,20745,Petrol,3,1
 Focus,11090,Manual,18602,Petrol,3,1
 Focus,11080,Semi-Auto,14681,Petrol,4,1
 Focus,11070,Manual,17975,Diesel,5,1.14
 Focus,11001,Manual,26240,Petrol,4,1
 Focus,11000,Manual,48961,Petrol,3,1
 Focus,11000,Manual,23500,Petrol,4,1
 Focus,11000,Manual,17339,Petrol,4,1
 Focus,11000,Manual,17339,Petrol,4,1
 Focus,11000,Manual,48961,Petrol,3,1
 Focus,11000,Manual,23500,Petrol,4,1
 Focus,11000,Manual,11817,Petrol,3,1
 Focus,11000,Manual,28840,Petrol,4,1
 Focus,11000,Manual,50940,Diesel,4,1.14
 Focus,11000,Manual,10053,Petrol,4,1
 Focus,11000,Manual,21567,Diesel,4,1.14
 Focus,11000,Manual,10822,Petrol,3,1
 Focus,11000,Manual,19239,Diesel,4,1.14
 Focus,11000,Manual,29000,Diesel,4,1.14
 Focus,11000,Manual,34495,Diesel,4,1.14
 Focus,11000,Manual,13652,Petrol,4,1
 Focus,11000,Manual,21582,Diesel,4,1.14
 Focus,11000,Manual,33274,Diesel,4,1.14
 Focus,11000,Manual,10467,Petrol,3,1
 Focus,11000,Manual,17423,Petrol,4,1
 Focus,11000,Manual,16971,Petrol,4,1
 Focus,11000,Manual,18050,Petrol,3,1
 Focus,11000,Manual,10278,Petrol,4,1
 Focus,11000,Manual,27530,Petrol,4,1
 Focus,11000,Manual,10981,Petrol,4,1
 Focus,11000,Manual,21112,Petrol,4,1
 Focus,11000,Manual,24220,Petrol,4,1
 Focus,11000,Manual,27980,Diesel,4,1.14
 Focus,11000,Manual,40988,Diesel,4,1.14
 Focus,11000,Manual,26864,Diesel,4,1.14
 Focus,11000,Manual,17339,Petrol,4,1
 Focus,11000,Manual,48961,Petrol,3,1
 Focus,11000,Manual,23500,Petrol,4,1
 Focus,11000,Manual,23500,Petrol,4,1
 Focus,11000,Manual,17339,Petrol,4,1
 Focus,11000,Manual,48961,Petrol,3,1
 Focus,11000,Manual,17339,Petrol,4,1
 Focus,11000,Manual,48961,Petrol,3,1
 Focus,11000,Manual,23500,Petrol,4,1
 Focus,11000,Manual,48961,Petrol,3,1
 Focus,11000,Manual,23500,Petrol,4,1
 Focus,11000,Manual,17339,Petrol,4,1
 Focus,11000,Manual,17339,Petrol,4,1
 Focus,11000,Manual,48961,Petrol,3,1
 Focus,11000,Manual,23500,Petrol,4,1
 Focus,11000,Manual,18374,Petrol,4,1
 Focus,11000,Manual,27878,Diesel,4,1.14
 Focus,11000,Manual,31479,Diesel,4,1.14
 Focus,11000,Manual,12358,Petrol,4,1
 Focus,11000,Manual,17339,Petrol,4,1
 Focus,11000,Manual,48961,Petrol,3,1
 Focus,11000,Manual,23500,Petrol,4,1
 Focus,11000,Manual,23500,Petrol,4,1
 Focus,11000,Manual,48961,Petrol,3,1
 Focus,11000,Manual,17339,Petrol,4,1
 Focus,11000,Manual,17339,Petrol,4,1
 Focus,11000,Manual,48961,Petrol,3,1
 Focus,11000,Manual,23500,Petrol,4,1
 Focus,11000,Manual,17339,Petrol,4,1
 Focus,11000,Manual,48961,Petrol,3,1
 Focus,11000,Manual,23500,Petrol,4,1
 Focus,11000,Manual,48961,Petrol,3,1
 Focus,11000,Manual,23500,Petrol,4,1
 Focus,11000,Manual,17339,Petrol,4,1
 Focus,11000,Manual,17339,Petrol,4,1
 Focus,11000,Manual,48961,Petrol,3,1
 Focus,11000,Manual,23500,Petrol,4,1
 Focus,11000,Manual,23500,Petrol,4,1
 Focus,11000,Manual,48961,Petrol,3,1
 Focus,11000,Manual,48961,Petrol,3,1
 Focus,11000,Manual,23500,Petrol,4,1
 Focus,11000,Manual,17339,Petrol,4,1
 Focus,11000,Manual,48961,Petrol,3,1
 Focus,11000,Manual,23500,Petrol,4,1
 Focus,10999,Manual,23973,Petrol,4,1
 Focus,10999,Manual,12528,Petrol,3,1
 Focus,10999,Manual,37483,Petrol,8,1.26
 Focus,10999,Semi-Auto,33362,Petrol,4,1
 Focus,10999,Manual,19895,Petrol,4,1
 Focus,10999,Manual,17039,Petrol,4,1
 Focus,10999,Manual,11621,Petrol,5,1
 Focus,10999,Semi-Auto,44800,Diesel,4,1.14
 Focus,10999,Manual,24334,Petrol,4,1
 Focus,10999,Manual,17918,Petrol,4,1
 Focus,10999,Manual,25331,Petrol,4,1
 Focus,10999,Semi-Auto,31033,Petrol,4,1
 Focus,10999,Manual,16251,Petrol,4,1
 Focus,10999,Manual,44537,Petrol,7,1.26
 Focus,10999,Semi-Auto,25346,Diesel,5,1.14
 Focus,10999,Manual,13671,Petrol,4,1
 Focus,10999,Manual,15555,Petrol,4,1
 Focus,10999,Automatic,45709,Petrol,4,1.14
 Focus,10999,Manual,42632,Diesel,4,1.14
 Focus,10999,Manual,20254,Petrol,3,1
 Focus,10999,Manual,16714,Diesel,4,1.14
 Focus,10999,Manual,10374,Petrol,3,1
 Focus,10999,Manual,28848,Diesel,5,1.14
 Focus,10999,Manual,31611,Petrol,3,1
 Focus,10999,Manual,27962,Petrol,3,1
 Focus,10999,Manual,37000,Petrol,4,1
 Focus,10999,Manual,32133,Diesel,4,1.14
 Focus,10998,Manual,28001,Petrol,4,1
 Focus,10998,Manual,26648,Petrol,3,1
 Focus,10998,Manual,14653,Diesel,4,1.14
 Focus,10998,Manual,31953,Diesel,4,1.14
 Focus,10998,Manual,28434,Diesel,4,1.14
 Focus,10998,Manual,18291,Diesel,4,1.14
 Focus,10998,Manual,24014,Diesel,4,1.14
 Focus,10998,Manual,21456,Petrol,3,1
 Focus,10998,Manual,7426,Petrol,4,1
 Focus,10998,Manual,15265,Petrol,4,1
 Focus,10998,Manual,31265,Petrol,4,1
 Focus,10998,Manual,21378,Petrol,4,1
 Focus,10998,Manual,16276,Diesel,4,1.14
 Focus,10998,Semi-Auto,36000,Diesel,4,1.14
 Focus,10997,Manual,8915,Petrol,4,1
 Focus,10997,Manual,18980,Petrol,4,1
 Focus,10997,Manual,6348,Petrol,4,1
 Focus,10997,Manual,18676,Petrol,4,1
 Focus,10997,Manual,21136,Petrol,4,1
 Focus,10997,Manual,26828,Petrol,4,1
 Focus,10995,Manual,13791,Petrol,6,1.14
 Focus,10995,Manual,30923,Diesel,5,1.14
 Focus,10995,Manual,30923,Diesel,5,1.14
 Focus,10995,Manual,43578,Diesel,4,1.14
 Focus,10995,Manual,25325,Petrol,5,1
 Focus,10995,Manual,21020,Diesel,4,1.14
 Focus,10995,Manual,28526,Diesel,3,1.14
 Focus,10995,Manual,33313,Diesel,3,1.14
 Focus,10995,Manual,21263,Petrol,4,1
 Focus,10995,Semi-Auto,27328,Petrol,4,1
 Focus,10995,Manual,24006,Diesel,4,1.14
 Focus,10995,Manual,22511,Petrol,4,1
 Focus,10995,Manual,27889,Petrol,4,1
 Focus,10995,Manual,36704,Diesel,4,1.14
 Focus,10995,Automatic,14127,Petrol,5,1
 Focus,10995,Manual,24449,Petrol,4,1
 Focus,10995,Manual,11000,Petrol,5,1
 Focus,10993,Manual,17797,Petrol,4,1
 Focus,10993,Manual,17797,Petrol,4,1
 Focus,10991,Manual,14000,Petrol,3,1
 Focus,10991,Manual,25899,Petrol,4,1
 Focus,10991,Manual,3125,Petrol,5,1
 Focus,10991,Manual,29865,Diesel,4,1.14
 Focus,10991,Manual,23372,Diesel,4,1.14
 Focus,10991,Manual,28081,Petrol,4,1
 Focus,10991,Manual,25152,Diesel,5,1.14
 Focus,10990,Manual,21554,Petrol,4,1
 Focus,10990,Manual,15302,Petrol,3,1
 Focus,10990,Manual,16548,Petrol,4,1
 Focus,10990,Manual,30353,Diesel,5,1.14
 Focus,10990,Manual,9667,Petrol,4,1
 Focus,10990,Manual,11000,Petrol,4,1
 Focus,10990,Manual,17980,Diesel,4,1.14
 Focus,10990,Manual,21647,Petrol,4,1
 Focus,10990,Semi-Auto,23224,Petrol,4,1
 Focus,10990,Manual,22947,Petrol,3,1
 Focus,10990,Manual,22000,Petrol,4,1
 Focus,10990,Manual,35000,Diesel,4,1.14
 Focus,10990,Manual,47000,Petrol,6,1.26
 Focus,10990,Manual,37287,Diesel,4,1.14
 Focus,10989,Manual,20000,Petrol,4,1
 Focus,10989,Manual,11256,Petrol,4,1
 Focus,10989,Manual,17161,Petrol,4,1
 Focus,10982,Manual,22599,Petrol,4,1
 Focus,10981,Manual,25782,Petrol,4,1
 Focus,10980,Manual,23928,Petrol,4,1
 Focus,10979,Manual,35735,Petrol,4,1.14
 Focus,10975,Manual,24035,Petrol,4,1
 Focus,10970,Semi-Auto,28774,Petrol,4,1
 Focus,10955,Manual,41394,Diesel,5,1.14
 Focus,10950,Manual,31079,Diesel,4,1.14
 Focus,10950,Manual,21631,Petrol,4,1
 Focus,10950,Manual,20191,Petrol,3,1
 Focus,10950,Manual,27086,Petrol,4,1
 Focus,10950,Manual,15640,Petrol,4,1
 Focus,10950,Manual,14301,Petrol,4,1
 Focus,10930,Manual,6471,Petrol,4,1
 Focus,10910,Manual,11500,Petrol,4,1
 Focus,10900,Manual,25459,Petrol,4,1
 Focus,10900,Manual,13338,Diesel,4,1.14
 Focus,10900,Manual,35261,Diesel,4,1.14
 Focus,10900,Manual,14879,Petrol,5,1
 Focus,10900,Manual,18324,Petrol,4,1
 Focus,10900,Automatic,33467,Petrol,5,1.14
 Focus,10900,Manual,16159,Petrol,4,1
 Focus,10899,Manual,44864,Petrol,4,1
 Focus,10899,Manual,55865,Petrol,8,1.26
 Focus,10899,Automatic,13879,Petrol,4,1
 Focus,10899,Manual,14929,Diesel,6,1.14
 Focus,10898,Manual,14050,Petrol,4,1
 Focus,10895,Manual,16322,Petrol,3,1
 Focus,10895,Manual,21128,Petrol,4,1
 Focus,10895,Manual,29201,Petrol,5,1.14
 Focus,10891,Manual,15725,Petrol,4,1
 Focus,10890,Manual,22158,Petrol,4,1
 Focus,10890,Semi-Auto,41934,Petrol,4,1
 Focus,10887,Manual,16342,Petrol,4,1
 Focus,10882,Manual,12094,Petrol,4,1
 Focus,10870,Manual,19862,Petrol,3,1
 Focus,10840,Manual,27051,Petrol,4,1
 Focus,10820,Manual,15892,Petrol,4,1
 Focus,10811,Manual,23881,Petrol,4,1
 Focus,10810,Automatic,30228,Petrol,4,1
 Focus,10809,Manual,23930,Diesel,4,1.14
 Focus,10800,Manual,22988,Petrol,4,1
 Focus,10800,Manual,17668,Petrol,4,1
 Focus,10800,Manual,46319,Diesel,3,1.14
 Focus,10800,Automatic,22965,Petrol,4,1
 Focus,10800,Automatic,15903,Petrol,5,1
 Focus,10800,Manual,40000,Diesel,4,1.14
 Focus,10800,Manual,18218,Diesel,5,1.14
 Focus,10799,Manual,32194,Diesel,4,1.14
 Focus,10799,Manual,11294,Petrol,5,1
 Focus,10799,Automatic,21693,Petrol,4,1
 Focus,10799,Manual,48370,Diesel,4,1.14
 Focus,10798,Manual,22904,Diesel,5,1.14
 Focus,10798,Manual,14678,Petrol,3,1
 Focus,10797,Manual,20967,Petrol,4,1
 Focus,10797,Manual,16546,Petrol,4,1
 Focus,10795,Manual,22727,Petrol,4,1
 Focus,10795,Manual,18656,Petrol,4,1
 Focus,10795,Manual,25000,Petrol,4,1
 Focus,10795,Manual,15047,Petrol,5,1
 Focus,10795,Manual,20418,Petrol,4,1
 Focus,10795,Semi-Auto,2903,Petrol,5,1.17
 Focus,10795,Manual,24161,Petrol,4,1
 Focus,10790,Automatic,32294,Diesel,5,1.14
 Focus,10789,Automatic,22000,Petrol,4,1
 Focus,10789,Manual,21847,Petrol,4,1
 Focus,10770,Manual,22176,Petrol,4,1
 Focus,10760,Manual,29891,Petrol,4,1
 Focus,10752,Manual,22936,Petrol,4,1
 Focus,10750,Manual,25519,Diesel,4,1.14
 Focus,10750,Manual,25519,Diesel,4,1.14
 Focus,10750,Manual,35629,Petrol,4,1
 Focus,10750,Manual,33196,Diesel,4,1.14
 Focus,10750,Manual,18954,Petrol,3,1
 Focus,10750,Manual,14436,Petrol,4,1
 Focus,10750,Manual,21224,Petrol,4,1
 Focus,10750,Manual,6245,Petrol,4,1
 Focus,10750,Manual,14100,Petrol,4,1
 Focus,10750,Manual,25519,Diesel,4,1.14
 Focus,10750,Manual,25519,Diesel,4,1.14
 Focus,10750,Manual,23000,Petrol,4,1
 Focus,10750,Manual,25519,Diesel,4,1.14
 Focus,10750,Manual,25519,Diesel,4,1.14
 Focus,10750,Manual,25519,Diesel,4,1.14
 Focus,10750,Manual,34000,Petrol,4,1
 Focus,10750,Manual,25519,Diesel,4,1.14
 Focus,10750,Manual,25519,Diesel,4,1.14
 Focus,10750,Manual,25519,Diesel,4,1.14
 Focus,10750,Manual,25519,Diesel,4,1.14
 Focus,10750,Manual,25519,Diesel,4,1.14
 Focus,10750,Manual,25519,Diesel,4,1.14
 Focus,10750,Manual,25519,Diesel,4,1.14
 Focus,10731,Manual,16768,Diesel,4,1.14
 Focus,10720,Manual,15845,Petrol,4,1
 Focus,10719,Manual,19891,Petrol,4,1
 Focus,10700,Manual,28313,Petrol,3,1
 Focus,10700,Manual,22749,Petrol,3,1
 Focus,10700,Manual,23738,Petrol,3,1
 Focus,10700,Automatic,25259,Petrol,5,1
 Focus,10700,Manual,27733,Petrol,3,1
 Focus,10700,Manual,30600,Petrol,5,1
 Focus,10700,Manual,26715,Petrol,4,1
 Focus,10700,Manual,44901,Diesel,4,1.14
 Focus,10700,Manual,18483,Petrol,4,1
 Focus,10699,Automatic,26796,Petrol,5,1
 Focus,10699,Manual,9027,Petrol,5,1
 Focus,10699,Semi-Auto,12948,Petrol,5,1.17
 Focus,10699,Manual,22625,Diesel,4,1.14
 Focus,10699,Manual,21462,Petrol,6,1.14
 Focus,10699,Automatic,21147,Petrol,6,1.14
 Focus,10698,Manual,11469,Petrol,4,1
 Focus,10698,Manual,32701,Diesel,4,1.14
 Focus,10698,Manual,41068,Diesel,4,1.14
 Focus,10697,Manual,22946,Diesel,4,1.14
 Focus,10696,Manual,13000,Petrol,5,1
 Focus,10695,Manual,20408,Petrol,5,1
 Focus,10695,Manual,32326,Diesel,3,1.14
 Focus,10695,Manual,19518,Diesel,5,1.14
 Focus,10695,Manual,18186,Petrol,4,1
 Focus,10691,Manual,18899,Petrol,4,1
 Focus,10691,Manual,35978,Diesel,4,1.14
 Focus,10690,Manual,6321,Petrol,4,1
 Focus,10690,Manual,17113,Petrol,4,1
 Focus,10690,Manual,27307,Petrol,4,1
 Focus,10690,Manual,37351,Diesel,4,1.14
 Focus,10690,Automatic,8000,Petrol,5,1
 Focus,10689,Manual,26058,Diesel,4,1.14
 Focus,10689,Manual,26058,Diesel,4,1.14
 Focus,10689,Manual,15337,Diesel,4,1.14
 Focus,10680,Manual,13219,Petrol,4,1
 Focus,10680,Manual,22040,Diesel,4,1.14
 Focus,10671,Manual,21833,Diesel,4,1.14
 Focus,10671,Manual,36013,Diesel,4,1.14
 Focus,10670,Automatic,27977,Petrol,5,1
 Focus,10660,Manual,25453,Petrol,4,1
 Focus,10660,Manual,18560,Diesel,5,1.14
 Focus,10650,Manual,36050,Petrol,4,1
 Focus,10650,Manual,23900,Petrol,4,1
 Focus,10650,Manual,13980,Petrol,4,1
 Focus,10620,Manual,18385,Diesel,4,1.14
 Focus,10620,Manual,29475,Diesel,4,1.14
 Focus,10600,Manual,25151,Petrol,3,1
 Focus,10600,Manual,22430,Petrol,5,1
 Focus,10600,Manual,29984,Petrol,5,1
 Focus,10600,Manual,10021,Petrol,4,1
 Focus,10598,Manual,14212,Petrol,4,1
 Focus,10597,Manual,17916,Petrol,3,1
 Focus,10595,Manual,28303,Diesel,4,1.14
 Focus,10595,Manual,14716,Petrol,4,1
 Focus,10595,Manual,27500,Petrol,4,1
 Focus,10591,Manual,22656,Petrol,3,1
 Focus,10590,Automatic,20701,Petrol,6,1.14
 Focus,10587,Manual,50526,Diesel,4,1.14
 Focus,10510,Manual,21720,Petrol,4,1
 Focus,10500,Automatic,26000,Diesel,5,1.26
 Focus,10500,Manual,16946,Petrol,4,1
 Focus,10500,Manual,28879,Petrol,3,1
 Focus,10500,Manual,28244,Diesel,4,1.14
 Focus,10500,Manual,31350,Diesel,4,1.14
 Focus,10500,Manual,15610,Petrol,5,1
 Focus,10500,Manual,14603,Petrol,4,1
 Focus,10500,Manual,19086,Petrol,4,1
 Focus,10500,Manual,23499,Petrol,5,1
 Focus,10500,Manual,21718,Petrol,4,1
 Focus,10500,Manual,21967,Petrol,4,1
 Focus,10500,Manual,30753,Petrol,3,1
 Focus,10500,Manual,29461,Petrol,4,1
 Focus,10500,Manual,34800,Petrol,4,1
 Focus,10500,Manual,16200,Petrol,4,1
 Focus,10500,Manual,33511,Petrol,4,1
 Focus,10500,Manual,52571,Diesel,6,1.26
 Focus,10500,Manual,30933,Petrol,4,1
 Focus,10500,Automatic,6693,Petrol,6,1.17
 Focus,10500,Manual,22249,Petrol,6,1
 Focus,10499,Manual,15712,Diesel,4,1.14
 Focus,10499,Manual,16016,Diesel,4,1.14
 Focus,10499,Manual,30286,Petrol,6,1.14
 Focus,10499,Manual,35047,Diesel,4,1.14
 Focus,10499,Semi-Auto,19395,Petrol,5,1
 Focus,10499,Manual,37073,Diesel,4,1.14
 Focus,10499,Manual,23077,Petrol,4,1
 Focus,10499,Manual,41600,Diesel,4,1.14
 Focus,10499,Manual,19530,Petrol,4,1
 Focus,10499,Manual,29396,Diesel,4,1.14
 Focus,10499,Manual,14808,Diesel,5,1.14
 Focus,10499,Manual,17606,Diesel,5,1.14
 Focus,10498,Manual,42002,Petrol,4,1
 Focus,10498,Manual,49485,Diesel,4,1.14
 Focus,10498,Manual,6989,Petrol,5,1
 Focus,10498,Manual,39539,Petrol,4,1
 Focus,10498,Manual,24741,Petrol,4,1
 Focus,10498,Manual,17685,Diesel,5,1.14
 Focus,10498,Manual,26029,Diesel,4,1.14
 Focus,10498,Manual,27704,Diesel,4,1.14
 Focus,10498,Manual,28732,Petrol,4,1
 Focus,10498,Manual,17650,Petrol,4,1
 Focus,10498,Semi-Auto,26501,Petrol,4,1.17
 Focus,10498,Manual,25458,Diesel,5,1.14
 Focus,10498,Manual,30589,Diesel,4,1.14
 Focus,10498,Manual,22627,Diesel,4,1.14
 Focus,10498,Manual,6736,Petrol,4,1
 Focus,10498,Manual,26076,Diesel,5,1.14
 Focus,10498,Manual,16192,Diesel,5,1.14
 Focus,10498,Manual,33324,Diesel,4,1.14
 Focus,10498,Manual,32873,Diesel,4,1.14
 Focus,10497,Manual,27489,Petrol,4,1
 Focus,10497,Manual,33274,Petrol,4,1
 Focus,10497,Manual,19686,Petrol,4,1
 Focus,10495,Manual,37231,Diesel,6,1.26
 Focus,10495,Semi-Auto,55400,Diesel,5,1.26
 Focus,10495,Manual,41741,Diesel,5,1.14
 Focus,10495,Manual,29620,Diesel,4,1.14
 Focus,10495,Semi-Auto,18230,Diesel,6,1.14
 Focus,10495,Manual,15000,Petrol,5,1
 Focus,10495,Manual,27820,Petrol,4,1
 Focus,10495,Manual,24461,Petrol,5,1
 Focus,10495,Manual,13000,Petrol,4,1
 Focus,10495,Manual,8311,Diesel,5,1.14
 Focus,10495,Manual,37000,Diesel,4,1.14
 Focus,10491,Manual,30370,Petrol,3,1
 Focus,10491,Manual,15245,Petrol,4,1
 Focus,10491,Manual,29300,Diesel,4,1.14
 Focus,10491,Manual,30970,Diesel,5,1.14
 Focus,10491,Manual,23968,Petrol,3,1
 Focus,10491,Semi-Auto,13500,Petrol,5,1.17
 Focus,10491,Manual,23273,Diesel,4,1.14
 Focus,10490,Semi-Auto,47018,Petrol,4,1
 Focus,10490,Manual,21044,Petrol,4,1
 Focus,10490,Manual,14576,Petrol,4,1
 Focus,10490,Manual,28310,Petrol,4,1
 Focus,10490,Manual,15392,Petrol,6,1
 Focus,10490,Manual,10974,Petrol,6,1
 Focus,10490,Manual,34000,Diesel,4,1.26
 Focus,10490,Manual,50000,Diesel,6,1.26
 Focus,10490,Manual,29000,Diesel,4,1.14
 Focus,10489,Manual,24121,Petrol,5,1
 Focus,10489,Automatic,12416,Petrol,5,1
 Focus,10489,Manual,3960,Petrol,4,1
 Focus,10483,Manual,25000,Diesel,4,1.14
 Focus,10482,Manual,10500,Petrol,5,1
 Focus,10480,Manual,30526,Diesel,4,1.14
 Focus,10479,Manual,33446,Diesel,4,1.14
 Focus,10468,Manual,13076,Petrol,4,1
 Focus,10465,Manual,16000,Petrol,4,1
 Focus,10460,Manual,40412,Diesel,4,1.14
 Focus,10450,Manual,29254,Petrol,4,1
 Focus,10450,Manual,15267,Petrol,4,1
 Focus,10420,Manual,18913,Petrol,5,1
 Focus,10420,Manual,39039,Diesel,4,1.14
 Focus,10417,Automatic,11990,Petrol,5,1
 Focus,10400,Manual,13275,Petrol,4,1
 Focus,10400,Manual,7845,Diesel,4,1.14
 Focus,10400,Manual,24800,Diesel,5,1.14
 Focus,10400,Manual,21060,Diesel,4,1.14
 Focus,10400,Manual,25400,Diesel,4,1.14
 Focus,10399,Manual,38697,Petrol,4,1
 Focus,10395,Manual,18636,Petrol,4,1
 Focus,10391,Manual,33589,Diesel,5,1.14
 Focus,10391,Manual,35877,Diesel,4,1.14
 Focus,10390,Manual,16122,Petrol,4,1
 Focus,10390,Manual,30261,Diesel,4,1.14
 Focus,10390,Manual,31589,Diesel,5,1.14
 Focus,10390,Semi-Auto,13655,Petrol,6,1.17
 Focus,10380,Manual,22945,Petrol,4,1
 Focus,10350,Manual,37920,Diesel,4,1.14
 Focus,10350,Manual,19508,Diesel,5,1.14
 Focus,10350,Manual,32299,Diesel,4,1.14
 Focus,10345,Manual,31913,Diesel,4,1.14
 Focus,10340,Manual,31767,Petrol,4,1
 Focus,10337,Manual,23126,Diesel,5,1.14
 Focus,10302,Manual,75359,Petrol,7,1.26
 Focus,10300,Manual,45773,Petrol,3,1
 Focus,10300,Manual,21117,Petrol,5,1
 Focus,10300,Manual,23260,Diesel,5,1.14
 Focus,10300,Manual,27871,Diesel,4,1.14
 Focus,10300,Manual,14896,Diesel,5,1.14
 Focus,10300,Manual,51186,Petrol,4,1.14
 Focus,10299,Manual,30806,Diesel,4,1.14
 Focus,10299,Automatic,38286,Diesel,6,1.26
 Focus,10299,Manual,17507,Diesel,5,1.14
 Focus,10298,Manual,15510,Diesel,5,1.14
 Focus,10298,Manual,34211,Petrol,5,1
 Focus,10298,Manual,20536,Petrol,4,1
 Focus,10298,Manual,23562,Petrol,4,1
 Focus,10297,Automatic,10442,Petrol,5,1
 Focus,10295,Manual,33946,Petrol,3,1
 Focus,10295,Manual,22711,Petrol,3,1
 Focus,10295,Manual,38113,Diesel,5,1.14
 Focus,10295,Manual,23742,Diesel,6,1.14
 Focus,10295,Manual,46713,Petrol,4,1
 Focus,10295,Manual,19000,Petrol,4,1
 Focus,10291,Manual,25957,Diesel,5,1.14
 Focus,10291,Semi-Auto,21156,Petrol,5,1
 Focus,10290,Automatic,19816,Petrol,5,1
 Focus,10289,Manual,20254,Diesel,4,1.14
 Focus,10280,Manual,12257,Diesel,4,1.14
 Focus,10270,Manual,18653,Diesel,6,1.14
 Focus,10261,Manual,21687,Diesel,6,1.14
 Focus,10250,Manual,29705,Petrol,5,1
 Focus,10250,Manual,29705,Petrol,5,1
 Focus,10250,Manual,23256,Petrol,5,1.14
 Focus,10250,Manual,18421,Petrol,4,1
 Focus,10250,Manual,53457,Diesel,4,1.14
 Focus,10250,Manual,30086,Diesel,5,1.14
 Focus,10250,Manual,24659,Diesel,4,1.14
 Focus,10250,Manual,14950,Petrol,4,1
 Focus,10250,Manual,16000,Diesel,4,1.14
 Focus,10250,Semi-Auto,29719,Petrol,4,1.17
 Focus,10250,Manual,28825,Petrol,4,1
 Focus,10250,Manual,29705,Petrol,5,1
 Focus,10250,Manual,29705,Petrol,5,1
 Focus,10250,Manual,29705,Petrol,5,1
 Focus,10250,Manual,29705,Petrol,5,1
 Focus,10250,Manual,29705,Petrol,5,1
 Focus,10250,Manual,29705,Petrol,5,1
 Focus,10250,Manual,29705,Petrol,5,1
 Focus,10250,Manual,29705,Petrol,5,1
 Focus,10250,Manual,29705,Petrol,5,1
 Focus,10250,Manual,29705,Petrol,5,1
 Focus,10250,Automatic,29320,Petrol,5,1
 Focus,10250,Manual,29705,Petrol,5,1
 Focus,10250,Manual,29705,Petrol,5,1
 Focus,10250,Manual,29705,Petrol,5,1
 Focus,10250,Manual,29705,Petrol,5,1
 Focus,10240,Manual,32501,Petrol,3,1
 Focus,10210,Manual,21018,Diesel,5,1.14
 Focus,10200,Manual,19450,Petrol,3,1
 Focus,10200,Manual,31586,Diesel,4,1.14
 Focus,10200,Manual,13219,Diesel,4,1.14
 Focus,10200,Manual,29805,Petrol,4,1
 Focus,10200,Manual,43234,Diesel,4,1.14
 Focus,10200,Manual,12427,Petrol,5,1
 Focus,10200,Manual,27912,Diesel,4,1.14
 Focus,10195,Manual,32176,Petrol,3,1
 Focus,10190,Manual,18560,Diesel,5,1.14
 Focus,10189,Manual,36347,Petrol,3,1
 Focus,10185,Automatic,53717,Diesel,5,1.26
 Focus,10178,Manual,19325,Diesel,4,1.14
 Focus,10170,Manual,36563,Petrol,5,1
 Focus,10170,Manual,42903,Diesel,4,1.14
 Focus,10150,Manual,18291,Petrol,4,1
 Focus,10150,Manual,29301,Diesel,4,1.14
 Focus,10142,Manual,31500,Diesel,5,1.14
 Focus,10141,Manual,42792,Diesel,5,1.26
 Focus,10100,Manual,20800,Diesel,4,1.14
 Focus,10100,Manual,38638,Diesel,5,1.14
 Focus,10099,Manual,28099,Diesel,4,1.14
 Focus,10080,Manual,12376,Petrol,5,1
 Focus,10061,Manual,25544,Diesel,5,1.14
 Focus,10057,Manual,15019,Petrol,4,1
 Focus,10050,Manual,36789,Diesel,4,1.14
 Focus,10000,Manual,19785,Petrol,5,1
 Focus,10000,Manual,19785,Petrol,5,1
 Focus,10000,Manual,27353,Petrol,4,1
 Focus,10000,Manual,39417,Diesel,5,1.14
 Focus,10000,Manual,49904,Diesel,4,1.14
 Focus,10000,Manual,27097,Diesel,6,1.14
 Focus,10000,Manual,9012,Petrol,5,1
 Focus,10000,Manual,20533,Petrol,4,1
 Focus,10000,Manual,29888,Diesel,4,1.14
 Focus,10000,Manual,24670,Diesel,4,1.14
 Focus,10000,Manual,16330,Petrol,4,1
 Focus,10000,Manual,26828,Petrol,4,1
 Focus,10000,Manual,24951,Diesel,4,1.14
 Focus,10000,Manual,34297,Diesel,5,1.14
 Focus,10000,Manual,17753,Petrol,4,1
 Focus,10000,Manual,24951,Diesel,4,1.14
 Focus,10000,Manual,28935,Diesel,4,1.14
 Focus,10000,Manual,6679,Petrol,5,1
 Focus,10000,Manual,22000,Diesel,4,1.14
 Focus,10000,Manual,30000,Diesel,4,1.14
 Focus,10000,Manual,19785,Petrol,5,1
 Focus,10000,Manual,19785,Petrol,5,1
 Focus,10000,Manual,19785,Petrol,5,1
 Focus,10000,Manual,19785,Petrol,5,1
 Focus,10000,Manual,19785,Petrol,5,1
 Focus,10000,Manual,19498,Diesel,6,1.14
 Focus,10000,Manual,46008,Diesel,5,1.14
 Focus,10000,Manual,18896,Diesel,6,1.14
 Focus,10000,Manual,26488,Diesel,4,1.14
 Focus,10000,Manual,19785,Petrol,5,1
 Focus,10000,Manual,19785,Petrol,5,1
 Focus,10000,Manual,19785,Petrol,5,1
 Focus,10000,Manual,30208,Petrol,5,1
 Focus,10000,Manual,19785,Petrol,5,1
 Focus,10000,Manual,19785,Petrol,5,1
 Focus,10000,Manual,48141,Petrol,3,1
 Focus,10000,Manual,19785,Petrol,5,1
 Focus,10000,Manual,14790,Petrol,4,1
 Focus,10000,Manual,19785,Petrol,5,1
 Focus,10000,Manual,19785,Petrol,5,1
 Focus,10000,Manual,19785,Petrol,5,1
 Focus,9999,Manual,7010,Diesel,6,1.17
 Focus,9999,Manual,27977,Diesel,5,1.14
 Focus,9999,Manual,47311,Diesel,4,1.14
 Focus,9999,Manual,42315,Petrol,5,1
 Focus,9999,Manual,20613,Petrol,4,1
 Focus,9999,Manual,29391,Diesel,6,1.14
 Focus,9999,Manual,29389,Diesel,6,1.14
 Focus,9999,Manual,70348,Diesel,4,1.14
 Focus,9999,Manual,23325,Petrol,5,1
 Focus,9999,Manual,53112,Diesel,4,1.14
 Focus,9999,Manual,35293,Diesel,4,1.14
 Focus,9999,Manual,18000,Diesel,5,1.14
 Focus,9999,Manual,16000,Petrol,5,1
 Focus,9999,Manual,27343,Diesel,5,1.14
 Focus,9999,Automatic,39198,Diesel,4,1.14
 Focus,9999,Manual,13946,Diesel,6,1.14
 Focus,9999,Manual,17907,Diesel,5,1.14
 Focus,9998,Manual,26399,Diesel,5,1.14
 Focus,9998,Manual,22001,Petrol,4,1
 Focus,9998,Semi-Auto,32384,Petrol,4,1
 Focus,9998,Manual,28761,Petrol,4,1
 Focus,9998,Manual,13861,Petrol,4,1
 Focus,9998,Manual,27193,Diesel,5,1.14
 Focus,9998,Manual,3155,Petrol,5,1
 Focus,9998,Manual,21243,Petrol,5,1
 Focus,9998,Manual,28761,Diesel,4,1.14
 Focus,9998,Manual,27014,Petrol,4,1
 Focus,9998,Manual,28534,Diesel,4,1.14
 Focus,9998,Manual,46011,Diesel,4,1.14
 Focus,9998,Manual,30605,Diesel,4,1.14
 Focus,9998,Manual,37583,Petrol,4,1
 Focus,9998,Manual,34025,Petrol,4,1
 Focus,9998,Manual,51382,Petrol,8,1.26
 Focus,9997,Manual,30085,Diesel,5,1.14
 Focus,9997,Manual,29942,Petrol,4,1
 Focus,9997,Manual,34606,Petrol,4,1
 Focus,9995,Manual,39414,Diesel,4,1.14
 Focus,9995,Manual,20102,Petrol,4,1
 Focus,9995,Manual,30387,Petrol,4,1
 Focus,9995,Manual,52132,Diesel,4,1.14
 Focus,9995,Manual,30363,Petrol,4,1
 Focus,9995,Manual,30091,Diesel,4,1.14
 Focus,9995,Manual,14716,Petrol,4,1
 Focus,9995,Manual,7905,Diesel,5,1.14
 Focus,9995,Manual,35286,Diesel,5,1.14
 Focus,9995,Manual,32187,Petrol,4,1
 Focus,9995,Manual,33083,Petrol,4,1
 Focus,9995,Manual,34040,Diesel,4,1.14
 Focus,9995,Manual,37774,Diesel,5,1.14
 Focus,9995,Manual,24664,Petrol,5,1
 Focus,9995,Manual,51000,Diesel,4,1.14
 Focus,9995,Manual,48000,Diesel,5,1.14
 Focus,9995,Manual,22000,Petrol,6,1
 Focus,9991,Manual,28351,Diesel,6,1.14
 Focus,9991,Manual,19907,Petrol,4,1
 Focus,9991,Manual,21755,Petrol,4,1
 Focus,9991,Manual,47477,Diesel,5,1.14
 Focus,9991,Manual,22409,Petrol,4,1
 Focus,9991,Manual,43588,Diesel,4,1.14
 Focus,9990,Manual,51097,Petrol,8,1.26
 Focus,9990,Manual,14205,Petrol,4,1
 Focus,9990,Manual,59407,Petrol,5,1
 Focus,9990,Semi-Auto,32618,Diesel,5,1.14
 Focus,9990,Manual,25000,Diesel,5,1.14
 Focus,9990,Manual,14776,Petrol,5,1
 Focus,9990,Manual,42500,Diesel,4,1.14
 Focus,9990,Automatic,23700,Petrol,5,1.17
 Focus,9989,Manual,31856,Petrol,4,1
 Focus,9989,Manual,16299,Diesel,4,1.14
 Focus,9980,Manual,27700,Petrol,4,1
 Focus,9980,Manual,51198,Diesel,3,1.14
 Focus,9980,Semi-Auto,29927,Diesel,4,1.14
 Focus,9980,Manual,32551,Diesel,5,1.14
 Focus,9975,Manual,37166,Petrol,4,1
 Focus,9950,Manual,19223,Petrol,3,1
 Focus,9950,Manual,36590,Petrol,4,1
 Focus,9940,Manual,25887,Diesel,4,1.14
 Focus,9933,Automatic,16186,Petrol,6,1.17
 Focus,9920,Automatic,49031,Petrol,4,1.14
 Focus,9920,Manual,34894,Petrol,5,1
 Focus,9910,Manual,56798,Diesel,5,1.14
 Focus,9910,Manual,32316,Petrol,5,1
 Focus,9900,Automatic,31821,Petrol,4,1
 Focus,9900,Manual,21492,Petrol,4,1
 Focus,9900,Manual,26345,Petrol,4,1
 Focus,9900,Manual,35452,Diesel,4,1.14
 Focus,9900,Manual,18139,Petrol,5,1
 Focus,9899,Manual,13234,Diesel,6,1.17
 Focus,9899,Manual,33228,Petrol,5,1
 Focus,9897,Manual,35199,Petrol,5,1
 Focus,9891,Manual,24065,Petrol,4,1
 Focus,9891,Manual,64470,Petrol,8,1.26
 Focus,9890,Manual,20058,Diesel,5,1.14
 Focus,9890,Semi-Auto,39900,Diesel,4,1.14
 Focus,9880,Semi-Auto,13370,Petrol,6,1.17
 Focus,9870,Manual,23699,Petrol,4,1
 Focus,9860,Manual,47267,Diesel,4,1.14
 Focus,9850,Manual,20764,Diesel,5,1.14
 Focus,9830,Manual,26340,Petrol,4,1
 Focus,9800,Manual,33629,Diesel,4,1.14
 Focus,9800,Manual,29188,Diesel,6,1.17
 Focus,9800,Manual,27861,Petrol,5,1
 Focus,9800,Manual,44162,Diesel,5,1.26
 Focus,9800,Manual,20498,Petrol,6,1
 Focus,9800,Manual,40166,Petrol,4,1
 Focus,9799,Manual,22333,Diesel,5,1.14
 Focus,9799,Manual,28024,Diesel,6,1.14
 Focus,9799,Manual,54750,Petrol,9,1.26
 Focus,9798,Manual,39763,Diesel,4,1.14
 Focus,9798,Manual,18733,Diesel,6,1.14
 Focus,9798,Manual,32160,Petrol,4,1
 Focus,9797,Manual,25286,Diesel,5,1.14
 Focus,9795,Manual,19993,Petrol,4,1
 Focus,9795,Semi-Auto,31100,Petrol,4,1
 Focus,9791,Semi-Auto,33821,Petrol,6,1.17
 Focus,9790,Manual,34006,Diesel,5,1.14
 Focus,9790,Manual,23000,Petrol,4,0
 Focus,9780,Manual,33432,Diesel,4,1.14
 Focus,9780,Manual,41151,Diesel,5,1.14
 Focus,9774,Manual,26437,Petrol,4,1
 Focus,9750,Manual,39236,Petrol,5,1
 Focus,9750,Manual,22850,Petrol,4,1
 Focus,9750,Manual,29266,Petrol,4,1
 Focus,9750,Manual,15354,Petrol,4,1
 Focus,9740,Manual,40828,Diesel,4,1.14
 Focus,9730,Manual,48425,Petrol,8,1.26
 Focus,9725,Manual,18291,Diesel,4,1.14
 Focus,9710,Manual,14661,Petrol,5,1
 Focus,9700,Manual,42956,Petrol,4,1
 Focus,9700,Manual,42741,Diesel,6,1.14
 Focus,9700,Manual,10190,Petrol,4,1
 Focus,9699,Manual,13480,Petrol,5,1
 Focus,9699,Manual,47843,Petrol,4,1
 Focus,9699,Manual,23183,Petrol,4,1
 Focus,9699,Manual,42330,Diesel,5,1.14
 Focus,9698,Manual,20786,Petrol,5,1
 Focus,9698,Manual,13391,Petrol,6,1
 Focus,9698,Manual,30149,Diesel,6,1.14
 Focus,9698,Manual,23764,Petrol,4,1
 Focus,9698,Manual,28648,Diesel,5,1.14
 Focus,9698,Manual,34371,Diesel,4,1.14
 Focus,9698,Manual,42148,Petrol,4,1
 Focus,9698,Manual,23243,Diesel,5,1.14
 Focus,9695,Manual,35483,Petrol,4,1
 Focus,9691,Manual,17915,Petrol,5,1
 Focus,9690,Manual,46176,Diesel,5,1.14
 Focus,9690,Manual,27708,Petrol,5,1
 Focus,9689,Manual,31432,Petrol,5,1
 Focus,9677,Manual,30088,Diesel,5,1.14
 Focus,9675,Manual,33173,Petrol,4,1
 Focus,9659,Manual,22887,Petrol,4,1
 Focus,9657,Automatic,9281,Petrol,6,1.17
 Focus,9650,Manual,25000,Petrol,6,1.14
 Focus,9650,Semi-Auto,44368,Diesel,5,1.14
 Focus,9650,Manual,27000,Petrol,4,1
 Focus,9650,Manual,23300,Petrol,4,1
 Focus,9640,Manual,24920,Diesel,5,1.14
 Focus,9620,Automatic,25668,Petrol,4,1
 Focus,9610,Manual,50332,Petrol,6,1.14
 Focus,9600,Manual,50689,Diesel,4,1.14
 Focus,9600,Manual,27036,Diesel,5,1.14
 Focus,9600,Manual,28258,Diesel,6,1.14
 Focus,9599,Manual,25625,Diesel,5,1.14
 Focus,9598,Manual,20340,Diesel,5,1.14
 Focus,9598,Manual,29577,Diesel,6,1.17
 Focus,9595,Automatic,49773,Petrol,4,1
 Focus,9595,Manual,40000,Diesel,5,1.14
 Focus,9590,Manual,36342,Petrol,5,1
 Focus,9590,Manual,36342,Petrol,5,1
 Focus,9552,Manual,32963,Diesel,5,1.14
 Focus,9551,Manual,49311,Diesel,4,1.14
 Focus,9550,Manual,28414,Diesel,4,1.14
 Focus,9545,Automatic,33190,Diesel,5,1.14
 Focus,9539,Manual,13101,Petrol,5,1
 Focus,9511,Manual,19276,Petrol,5,1
 Focus,9500,Automatic,30292,Petrol,6,1.17
 Focus,9500,Manual,15344,Petrol,4,1
 Focus,9500,Manual,25887,Diesel,4,1.14
 Focus,9500,Manual,21861,Diesel,4,1.14
 Focus,9500,Manual,39382,Petrol,4,1
 Focus,9500,Manual,40096,Diesel,4,1.14
 Focus,9500,Manual,46000,Diesel,5,1.14
 Focus,9500,Manual,33496,Diesel,6,1.14
 Focus,9500,Manual,20907,Petrol,6,1
 Focus,9500,Manual,32245,Petrol,6,1
 Focus,9499,Manual,41200,Petrol,6,1
 Focus,9499,Manual,35529,Petrol,5,1
 Focus,9499,Manual,29299,Diesel,5,1.14
 Focus,9499,Manual,32113,Diesel,5,1.14
 Focus,9499,Manual,55790,Diesel,5,1.14
 Focus,9499,Manual,32113,Diesel,5,1.14
 Focus,9499,Manual,23154,Petrol,5,1
 Focus,9499,Manual,25000,Petrol,6,1
 Focus,9499,Manual,44815,Petrol,5,1
 Focus,9499,Manual,62664,Diesel,5,1.14
 Focus,9499,Manual,31309,Petrol,5,1
 Focus,9499,Manual,30825,Petrol,4,1
 Focus,9498,Manual,18154,Petrol,5,1
 Focus,9498,Manual,24717,Petrol,6,1
 Focus,9498,Manual,22420,Diesel,6,1.14
 Focus,9498,Manual,29901,Diesel,6,1.14
 Focus,9498,Manual,35850,Petrol,4,1
 Focus,9498,Manual,50875,Diesel,4,1.14
 Focus,9498,Manual,34913,Diesel,5,1.14
 Focus,9498,Manual,22224,Diesel,6,1.14
 Focus,9497,Manual,32688,Petrol,4,1
 Focus,9495,Manual,50857,Diesel,4,1.14
 Focus,9495,Semi-Auto,18683,Petrol,6,1.17
 Focus,9495,Manual,23583,Petrol,6,1
 Focus,9495,Manual,28740,Diesel,5,1.14
 Focus,9495,Manual,20018,Petrol,6,1
 Focus,9495,Manual,22439,Petrol,6,1
 Focus,9495,Manual,13886,Diesel,6,1.17
 Focus,9495,Manual,9750,Petrol,5,1
 Focus,9495,Semi-Auto,40196,Petrol,4,1
 Focus,9495,Manual,30408,Diesel,6,1.17
 Focus,9491,Manual,27455,Diesel,6,1.14
 Focus,9491,Manual,30380,Diesel,5,1.14
 Focus,9490,Manual,67000,Petrol,8,1.26
 Focus,9489,Manual,16160,Petrol,5,1
 Focus,9489,Manual,38000,Diesel,6,1.14
 Focus,9470,Manual,30493,Diesel,4,1.14
 Focus,9470,Manual,40519,Diesel,5,1.14
 Focus,9463,Manual,39275,Diesel,5,1.14
 Focus,9462,Manual,25612,Petrol,6,1
 Focus,9450,Manual,14549,Diesel,5,1.17
 Focus,9450,Semi-Auto,20445,Petrol,6,1.17
 Focus,9450,Manual,15545,Diesel,5,1.14
 Focus,9432,Manual,38322,Petrol,5,1
 Focus,9420,Manual,34214,Diesel,5,1.14
 Focus,9400,Manual,25998,Petrol,5,1
 Focus,9400,Manual,32718,Diesel,5,1.14
 Focus,9400,Manual,10414,Petrol,6,1
 Focus,9400,Manual,37300,Petrol,5,1
 Focus,9400,Manual,43000,Diesel,5,1.14
 Focus,9400,Manual,48153,Diesel,6,1.14
 Focus,9399,Manual,14944,Petrol,5,1
 Focus,9399,Manual,32041,Diesel,5,1.14
 Focus,9390,Semi-Auto,16370,Petrol,6,1.17
 Focus,9388,Semi-Auto,32780,Diesel,5,1.14
 Focus,9380,Manual,21945,Petrol,6,1
 Focus,9380,Manual,26550,Petrol,5,1
 Focus,9362,Manual,45588,Petrol,6,1
 Focus,9350,Manual,28880,Petrol,4,1
 Focus,9347,Manual,35013,Diesel,4,1.14
 Focus,9321,Manual,31136,Petrol,5,1
 Focus,9313,Manual,42740,Petrol,5,1
 Focus,9301,Semi-Auto,67733,Diesel,5,1.26
 Focus,9300,Automatic,56539,Diesel,4,1.14
 Focus,9300,Manual,29652,Petrol,4,1
 Focus,9300,Manual,20770,Diesel,6,1.14
 Focus,9300,Manual,36687,Petrol,4,1
 Focus,9300,Manual,26000,Petrol,5,1
 Focus,9300,Manual,33547,Diesel,5,1.14
 Focus,9299,Manual,41844,Petrol,4,1
 Focus,9299,Manual,39904,Petrol,4,1
 Focus,9299,Manual,26805,Diesel,5,1.14
 Focus,9299,Manual,23306,Diesel,5,1.14
 Focus,9298,Manual,31685,Diesel,5,1.14
 Focus,9298,Manual,30987,Petrol,4,1
 Focus,9298,Manual,46377,Diesel,5,1.14
 Focus,9298,Manual,14736,Petrol,5,1
 Focus,9298,Manual,18489,Petrol,6,1
 Focus,9295,Manual,20578,Petrol,6,1
 Focus,9295,Manual,54385,Petrol,5,1
 Focus,9295,Manual,28000,Petrol,5,1
 Focus,9292,Semi-Auto,46636,Diesel,5,1.14
 Focus,9291,Manual,51731,Diesel,6,1.14
 Focus,9290,Manual,35006,Petrol,4,1
 Focus,9290,Manual,27583,Diesel,5,1.26
 Focus,9280,Manual,30150,Diesel,5,1.14
 Focus,9280,Semi-Auto,12500,Petrol,5,1
 Focus,9275,Manual,44139,Diesel,5,1.14
 Focus,9275,Manual,27355,Petrol,5,1
 Focus,9270,Manual,16327,Diesel,5,1.14
 Focus,9250,Manual,38541,Petrol,4,1
 Focus,9250,Manual,41020,Diesel,5,1.14
 Focus,9250,Manual,21910,Petrol,4,1
 Focus,9250,Manual,54700,Diesel,6,1.14
 Focus,9250,Manual,51552,Diesel,5,1.14
 Focus,9250,Manual,20288,Petrol,5,1
 Focus,9250,Manual,24614,Petrol,6,1
 Focus,9230,Manual,27412,Diesel,6,1.14
 Focus,9200,Manual,46249,Petrol,4,1
 Focus,9200,Manual,43792,Petrol,5,1
 Focus,9200,Manual,36500,Petrol,5,1
 Focus,9200,Manual,32000,Petrol,6,1
 Focus,9199,Manual,45045,Diesel,6,1.14
 Focus,9199,Manual,47304,Petrol,10,1.36
 Focus,9198,Manual,31512,Diesel,6,1.14
 Focus,9191,Manual,27763,Petrol,5,1
 Focus,9175,Automatic,17180,Petrol,6,1.17
 Focus,9170,Manual,28000,Petrol,6,0
 Focus,9160,Manual,31410,Diesel,5,1.14
 Focus,9157,Manual,9971,Petrol,5,1
 Focus,9129,Manual,44897,Diesel,4,1.14
 Focus,9100,Manual,38379,Diesel,6,1.14
 Focus,9099,Automatic,39191,Diesel,5,1.14
 Focus,9082,Manual,41940,Diesel,5,1.14
 Focus,9072,Manual,23000,Petrol,6,0
 Focus,9067,Manual,31967,Diesel,4,1.14
 Focus,9059,Manual,57477,Diesel,5,1.14
 Focus,9040,Manual,43960,Diesel,5,1.14
 Focus,9000,Manual,22331,Petrol,6,1
 Focus,9000,Manual,36565,Diesel,5,1.14
 Focus,9000,Manual,19130,Petrol,5,1
 Focus,9000,Manual,41482,Diesel,4,1.14
 Focus,9000,Manual,44148,Diesel,4,1.14
 Focus,9000,Manual,54900,Diesel,4,1.14
 Focus,9000,Manual,34475,Diesel,5,1.14
 Focus,9000,Manual,29711,Diesel,6,1.17
 Focus,9000,Manual,30170,Diesel,5,1.14
 Focus,9000,Manual,56369,Diesel,6,1.14
 Focus,9000,Semi-Auto,47354,Petrol,6,1.17
 Focus,9000,Manual,51374,Petrol,7,1
 Focus,9000,Manual,35756,Diesel,5,1.14
 Focus,9000,Manual,64195,Diesel,4,1.14
 Focus,9000,Manual,29586,Petrol,5,1
 Focus,9000,Manual,18741,Petrol,6,1
 Focus,9000,Manual,44317,Diesel,5,1.14
 Focus,9000,Manual,33917,Petrol,6,1
 Focus,9000,Manual,32516,Diesel,7,1.17
 Focus,8999,Manual,36873,Diesel,5,1.14
 Focus,8999,Manual,45934,Diesel,5,1.14
 Focus,8999,Manual,23784,Petrol,5,1
 Focus,8999,Manual,46101,Diesel,5,1.14
 Focus,8999,Manual,31335,Diesel,7,1.17
 Focus,8999,Automatic,38120,Petrol,5,1
 Focus,8999,Manual,65920,Diesel,5,1.14
 Focus,8999,Manual,18086,Petrol,5,1
 Focus,8999,Manual,33460,Petrol,4,1
 Focus,8999,Manual,20300,Petrol,6,1
 Focus,8999,Manual,34000,Petrol,8,0
 Focus,8999,Manual,28883,Diesel,5,1.14
 Focus,8999,Manual,39000,Diesel,5,1.14
 Focus,8998,Manual,36087,Diesel,5,1.14
 Focus,8998,Manual,49080,Diesel,5,1.14
 Focus,8998,Manual,43623,Petrol,5,1
 Focus,8998,Manual,51324,Diesel,5,1.14
 Focus,8998,Manual,32492,Diesel,6,1.14
 Focus,8998,Manual,37750,Diesel,6,1.17
 Focus,8998,Manual,10172,Petrol,6,1
 Focus,8998,Manual,49105,Diesel,6,1.14
 Focus,8998,Manual,25171,Diesel,6,1.14
 Focus,8998,Semi-Auto,31501,Petrol,5,1
 Focus,8995,Manual,22493,Petrol,5,1
 Focus,8995,Manual,65746,Diesel,4,1.14
 Focus,8995,Manual,35638,Diesel,5,1.14
 Focus,8995,Manual,60680,Diesel,4,1.14
 Focus,8995,Manual,33744,Diesel,5,1.14
 Focus,8995,Manual,37000,Diesel,5,1.14
 Focus,8995,Manual,38001,Petrol,6,1
 Focus,8995,Manual,18943,Petrol,5,1
 Focus,8995,Manual,12037,Petrol,5,1
 Focus,8995,Manual,37867,Petrol,5,1
 Focus,8995,Manual,39094,Petrol,5,1
 Focus,8992,Manual,35646,Petrol,5,1
 Focus,8991,Manual,41429,Diesel,5,1.14
 Focus,8990,Manual,34998,Diesel,6,1.14
 Focus,8990,Manual,39000,Diesel,5,1.14
 Focus,8990,Manual,36574,Petrol,6,1
 Focus,8990,Manual,76000,Petrol,7,1.26
 Focus,8990,Manual,40000,Petrol,4,1
 Focus,8990,Manual,7000,Petrol,7,1.17
 Focus,8990,Manual,19000,Petrol,4,1
 Focus,8982,Manual,47861,Diesel,6,1.14
 Focus,8980,Manual,56000,Diesel,5,1.14
 Focus,8977,Manual,69000,Diesel,5,1.14
 Focus,8950,Manual,46994,Petrol,4,1
 Focus,8950,Manual,35450,Petrol,4,1
 Focus,8949,Manual,43931,Petrol,4,1
 Focus,8942,Manual,33000,Petrol,6,1
 Focus,8940,Manual,48687,Diesel,5,1.14
 Focus,8940,Automatic,29192,Petrol,7,1.17
 Focus,8900,Manual,44876,Diesel,5,1.14
 Focus,8900,Manual,24095,Petrol,5,1
 Focus,8900,Manual,47393,Diesel,6,1.14
 Focus,8900,Manual,46134,Petrol,4,1
 Focus,8899,Manual,43055,Diesel,6,1.17
 Focus,8899,Manual,49470,Diesel,5,1.14
 Focus,8899,Automatic,7802,Petrol,6,1.17
 Focus,8895,Manual,25487,Petrol,5,1
 Focus,8895,Manual,29984,Petrol,4,1
 Focus,8895,Automatic,38000,Petrol,6,1.17
 Focus,8891,Manual,38389,Petrol,4,1
 Focus,8882,Manual,39753,Diesel,5,1.14
 Focus,8870,Manual,45151,Diesel,4,1.14
 Focus,8841,Manual,67587,Petrol,4,1
 Focus,8830,Manual,33980,Diesel,5,1.14
 Focus,8800,Manual,22872,Petrol,5,1
 Focus,8800,Manual,30731,Petrol,6,1
 Focus,8799,Manual,52946,Petrol,4,1
 Focus,8799,Manual,37458,Diesel,5,1.14
 Focus,8798,Manual,47577,Diesel,5,1.14
 Focus,8798,Manual,29576,Diesel,6,1.14
 Focus,8798,Manual,63921,Petrol,8,1.26
 Focus,8798,Manual,43101,Diesel,5,1.14
 Focus,8798,Manual,46325,Diesel,5,1.14
 Focus,8798,Manual,33539,Diesel,6,1.14
 Focus,8795,Manual,49286,Petrol,5,1
 Focus,8794,Manual,42829,Petrol,7,1.17
 Focus,8790,Manual,41093,Diesel,4,1.14
 Focus,8780,Manual,37460,Diesel,5,1.14
 Focus,8763,Manual,47799,Diesel,6,1.14
 Focus,8760,Manual,38113,Petrol,5,1
 Focus,8750,Manual,46507,Diesel,5,1.14
 Focus,8750,Manual,39556,Petrol,5,1
 Focus,8750,Manual,41000,Diesel,6,1.14
 Focus,8750,Manual,58665,Diesel,5,1.14
 Focus,8700,Manual,45450,Diesel,4,1.14
 Focus,8700,Manual,40580,Diesel,5,1.14
 Focus,8700,Manual,27638,Petrol,5,1
 Focus,8700,Manual,61294,Diesel,6,1.14
 Focus,8699,Manual,48000,Diesel,6,1.14
 Focus,8698,Manual,23540,Petrol,7,1
 Focus,8695,Manual,39394,Petrol,6,1
 Focus,8691,Manual,46038,Diesel,5,1.14
 Focus,8690,Manual,70143,Diesel,4,1.14
 Focus,8690,Manual,44943,Diesel,5,1.14
 Focus,8682,Manual,35938,Petrol,6,1
 Focus,8667,Manual,47832,Diesel,5,1.14
 Focus,8662,Semi-Auto,32407,Petrol,6,1.17
 Focus,8650,Manual,47907,Diesel,6,1.14
 Focus,8629,Manual,38722,Petrol,6,1
 Focus,8620,Manual,42610,Diesel,5,1.14
 Focus,8600,Manual,46923,Diesel,5,1.14
 Focus,8600,Manual,54894,Diesel,6,1.14
 Focus,8599,Manual,40421,Petrol,5,1
 Focus,8599,Manual,26664,Diesel,6,1.14
 Focus,8599,Manual,58312,Diesel,5,1.14
 Focus,8595,Semi-Auto,31000,Petrol,6,1.17
 Focus,8591,Manual,43200,Diesel,5,1.14
 Focus,8570,Manual,29850,Petrol,6,1
 Focus,8559,Manual,55601,Diesel,6,1.14
 Focus,8551,Manual,36026,Petrol,5,1
 Focus,8540,Manual,35210,Petrol,4,1
 Focus,8540,Manual,50004,Diesel,6,1.14
 Focus,8500,Manual,39580,Diesel,6,1.14
 Focus,8500,Manual,26546,Petrol,4,1
 Focus,8500,Manual,32620,Diesel,6,1.14
 Focus,8500,Manual,61087,Diesel,5,1.14
 Focus,8500,Manual,24004,Diesel,6,1.14
 Focus,8500,Manual,23800,Petrol,7,1
 Focus,8500,Manual,50605,Diesel,5,1.14
 Focus,8500,Manual,44654,Diesel,7,1.14
 Focus,8500,Manual,63199,Diesel,5,1.14
 Focus,8500,Manual,57517,Diesel,4,1.14
 Focus,8500,Manual,46342,Diesel,6,1.14
 Focus,8500,Manual,40000,Diesel,6,1.17
 Focus,8500,Manual,37695,Diesel,5,1.14
 Focus,8499,Manual,50502,Diesel,6,1.14
 Focus,8499,Manual,70232,Diesel,6,1.14
 Focus,8499,Manual,46301,Diesel,6,1.14
 Focus,8499,Manual,51879,Diesel,6,1.14
 Focus,8499,Manual,25369,Petrol,5,1
 Focus,8498,Manual,47219,Diesel,6,1.14
 Focus,8498,Manual,51656,Diesel,5,1.14
 Focus,8498,Manual,45256,Petrol,5,1
 Focus,8498,Manual,31974,Petrol,6,1
 Focus,8498,Manual,46668,Diesel,6,1.14
 Focus,8498,Manual,46894,Diesel,6,1.14
 Focus,8498,Manual,38313,Petrol,5,1
 Focus,8498,Manual,49974,Diesel,5,1.14
 Focus,8498,Manual,51643,Petrol,4,1
 Focus,8498,Manual,25169,Diesel,6,1.14
 Focus,8498,Semi-Auto,29014,Petrol,7,1.17
 Focus,8497,Manual,39588,Diesel,6,1.14
 Focus,8497,Manual,52821,Diesel,5,1.14
 Focus,8495,Semi-Auto,36000,Petrol,6,1.17
 Focus,8495,Manual,46042,Petrol,7,1
 Focus,8495,Semi-Auto,39250,Petrol,6,1.17
 Focus,8495,Manual,59865,Diesel,6,1.14
 Focus,8495,Semi-Auto,36325,Petrol,5,1
 Focus,8495,Manual,33012,Petrol,6,1
 Focus,8495,Manual,40801,Petrol,6,1
 Focus,8495,Manual,40746,Diesel,6,1.14
 Focus,8491,Manual,32512,Petrol,5,1
 Focus,8490,Manual,48547,Diesel,6,1.14
 Focus,8490,Manual,38957,Petrol,6,1
 Focus,8490,Manual,65273,Diesel,6,1.14
 Focus,8490,Manual,30345,Diesel,6,1.17
 Focus,8490,Manual,35000,Diesel,5,1.14
 Focus,8490,Manual,20587,Petrol,5,1
 Focus,8489,Manual,61379,Diesel,5,1.14
 Focus,8483,Manual,48739,Petrol,7,1
 Focus,8474,Manual,32000,Petrol,6,1
 Focus,8470,Manual,89827,Diesel,5,1.14
 Focus,8467,Manual,61949,Diesel,6,1.14
 Focus,8465,Semi-Auto,43450,Petrol,6,1.17
 Focus,8462,Manual,45549,Petrol,6,1
 Focus,8450,Manual,45444,Diesel,5,1.14
 Focus,8450,Semi-Auto,46000,Petrol,5,1
 Focus,8450,Manual,23854,Diesel,5,1.14
 Focus,8450,Manual,56022,Diesel,5,1.14
 Focus,8440,Manual,53530,Diesel,5,1.14
 Focus,8400,Manual,43265,Diesel,6,1.14
 Focus,8400,Manual,42706,Petrol,6,1
 Focus,8400,Manual,54451,Diesel,6,1.14
 Focus,8398,Manual,31221,Petrol,5,1
 Focus,8395,Manual,58500,Diesel,6,1.14
 Focus,8391,Manual,11254,Petrol,7,1
 Focus,8390,Manual,18680,Diesel,7,1.17
 Focus,8382,Automatic,34808,Petrol,6,1.17
 Focus,8370,Manual,43924,Petrol,5,1
 Focus,8350,Automatic,18403,Petrol,6,1.17
 Focus,8350,Manual,46935,Petrol,6,1
 Focus,8330,Manual,42294,Petrol,5,1
 Focus,8300,Manual,29078,Petrol,8,1.17
 Focus,8300,Manual,18381,Petrol,6,1
 Focus,8299,Manual,60912,Diesel,6,1.14
 Focus,8299,Automatic,52816,Diesel,6,1.14
 Focus,8299,Manual,40344,Diesel,5,1.14
 Focus,8299,Manual,44973,Diesel,5,1.14
 Focus,8299,Manual,41000,Petrol,6,1
 Focus,8298,Manual,32541,Diesel,7,1.17
 Focus,8298,Manual,56282,Diesel,6,1.17
 Focus,8298,Manual,49173,Diesel,5,1.14
 Focus,8295,Manual,59451,Diesel,6,1.14
 Focus,8295,Manual,60030,Diesel,4,1.14
 Focus,8295,Manual,20000,Petrol,8,1
 Focus,8291,Manual,26900,Petrol,7,1
 Focus,8289,Manual,43839,Petrol,4,1
 Focus,8270,Manual,33203,Diesel,6,1.14
 Focus,8250,Manual,64734,Diesel,6,1.14
 Focus,8250,Manual,39557,Diesel,6,1.14
 Focus,8250,Manual,62706,Diesel,6,1.14
 Focus,8249,Manual,34887,Petrol,5,1
 Focus,8225,Manual,33786,Diesel,6,1.14
 Focus,8211,Manual,46282,Petrol,4,1
 Focus,8200,Automatic,47021,Petrol,5,1
 Focus,8198,Manual,22811,Petrol,6,1
 Focus,8175,Manual,36008,Diesel,7,1.17
 Focus,8170,Manual,42293,Diesel,6,1.14
 Focus,8160,Manual,63117,Diesel,6,1.14
 Focus,8151,Manual,65121,Diesel,6,1.14
 Focus,8150,Manual,44048,Diesel,6,1.14
 Focus,8130,Manual,41232,Diesel,6,1.17
 Focus,8125,Manual,46480,Petrol,5,1
 Focus,8110,Semi-Auto,18234,Petrol,7,1.17
 Focus,8100,Manual,37252,Diesel,6,1.17
 Focus,8100,Manual,59510,Diesel,5,1.14
 Focus,8100,Manual,39612,Diesel,7,1.17
 Focus,8080,Manual,57894,Diesel,5,1.14
 Focus,8000,Manual,38852,Petrol,5,1
 Focus,8000,Manual,43526,Diesel,5,1.14
 Focus,8000,Manual,51378,Petrol,4,1
 Focus,8000,Manual,65000,Diesel,6,1.14
 Focus,8000,Manual,65000,Diesel,6,1.14
 Focus,8000,Manual,45566,Diesel,6,1.14
 Focus,8000,Manual,58774,Diesel,5,1.14
 Focus,8000,Manual,44429,Diesel,6,1.14
 Focus,8000,Manual,49327,Petrol,6,1
 Focus,8000,Manual,47911,Diesel,7,1.17
 Focus,8000,Manual,40253,Petrol,6,1
 Focus,8000,Manual,40253,Petrol,6,1
 Focus,8000,Manual,51194,Diesel,6,1.14
 Focus,8000,Semi-Auto,48895,Petrol,6,1.17
 Focus,8000,Semi-Auto,30558,Petrol,7,1.17
 Focus,8000,Manual,20730,Petrol,7,1
 Focus,8000,Manual,65000,Diesel,6,1.14
 Focus,8000,Manual,65000,Diesel,6,1.14
 Focus,8000,Manual,65000,Diesel,6,1.14
 Focus,8000,Manual,65000,Diesel,6,1.14
 Focus,8000,Manual,65000,Diesel,6,1.14
 Focus,8000,Manual,50000,Petrol,6,1
 Focus,8000,Automatic,61630,Diesel,5,1.14
 Focus,8000,Manual,65000,Diesel,6,1.14
 Focus,8000,Manual,65000,Diesel,6,1.14
 Focus,8000,Manual,65000,Diesel,6,1.14
 Focus,8000,Manual,65000,Diesel,6,1.14
 Focus,8000,Manual,65000,Diesel,6,1.14
 Focus,8000,Manual,65000,Diesel,6,1.14
 Focus,8000,Manual,65000,Diesel,6,1.14
 Focus,7999,Manual,29160,Petrol,7,1
 Focus,7999,Manual,27511,Diesel,5,1.14
 Focus,7999,Manual,45918,Diesel,7,1.17
 Focus,7999,Manual,51976,Petrol,5,1
 Focus,7999,Manual,66442,Diesel,5,1.14
 Focus,7999,Manual,45395,Diesel,6,1.14
 Focus,7999,Manual,29839,Petrol,7,1
 Focus,7998,Manual,50721,Diesel,6,1.14
 Focus,7998,Manual,29331,Diesel,6,1.14
 Focus,7998,Manual,69312,Diesel,5,1.14
 Focus,7998,Manual,46010,Diesel,6,1.17
 Focus,7998,Manual,46155,Diesel,6,1.17
 Focus,7998,Manual,61904,Diesel,6,1.14
 Focus,7998,Manual,27109,Petrol,6,1
 Focus,7998,Manual,62874,Petrol,5,1
 Focus,7997,Manual,42792,Petrol,7,1
 Focus,7996,Manual,44000,Petrol,6,1
 Focus,7995,Manual,56655,Diesel,6,1.17
 Focus,7995,Manual,36500,Petrol,5,1
 Focus,7995,Manual,48000,Diesel,6,1.14
 Focus,7995,Manual,34017,Diesel,6,1.17
 Focus,7995,Manual,38052,Petrol,6,1
 Focus,7995,Manual,51217,Diesel,5,1.14
 Focus,7995,Manual,51000,Petrol,6,1
 Focus,7994,Manual,64612,Diesel,6,1.17
 Focus,7991,Manual,53922,Petrol,5,1
 Focus,7991,Manual,40097,Petrol,6,1
 Focus,7991,Manual,57291,Diesel,6,1.14
 Focus,7990,Manual,27792,Petrol,6,1
 Focus,7990,Manual,39621,Diesel,6,1.14
 Focus,7990,Manual,45323,Diesel,6,1.17
 Focus,7990,Manual,28971,Petrol,6,1
 Focus,7990,Manual,53580,Petrol,5,1
 Focus,7990,Automatic,19227,Petrol,7,1.17
 Focus,7990,Manual,42000,Diesel,6,1.14
 Focus,7990,Manual,52000,Diesel,5,1.14
 Focus,7990,Manual,32000,Diesel,5,1.14
 Focus,7990,Manual,57000,Diesel,5,1.14
 Focus,7990,Manual,28000,Diesel,5,1.14
 Focus,7990,Manual,55000,Diesel,6,1.14
 Focus,7990,Manual,45760,Diesel,5,1.14
 Focus,7983,Automatic,29390,Petrol,7,1.17
 Focus,7981,Manual,40000,Petrol,6,1
 Focus,7960,Manual,20188,Diesel,6,1.14
 Focus,7950,Manual,23691,Petrol,7,1
 Focus,7950,Semi-Auto,29479,Petrol,7,1.17
 Focus,7950,Manual,47000,Petrol,5,1
 Focus,7900,Manual,58898,Diesel,5,1.14
 Focus,7900,Manual,61111,Diesel,5,1.14
 Focus,7899,Manual,60482,Diesel,6,1.14
 Focus,7899,Manual,61491,Petrol,6,1
 Focus,7897,Manual,52570,Diesel,5,1.14
 Focus,7890,Manual,36329,Diesel,5,1.14
 Focus,7890,Manual,47325,Diesel,6,1.14
 Focus,7880,Manual,71661,Diesel,5,1.14
 Focus,7871,Manual,37012,Petrol,6,1
 Focus,7849,Manual,35136,Diesel,7,1.17
 Focus,7842,Manual,71364,Diesel,5,1.14
 Focus,7830,Manual,50124,Diesel,6,1.14
 Focus,7830,Manual,28598,Petrol,7,1
 Focus,7820,Manual,39000,Diesel,7,1.14
 Focus,7810,Manual,66990,Diesel,6,1.14
 Focus,7800,Manual,30500,Diesel,7,1.17
 Focus,7800,Manual,51443,Diesel,7,1.14
 Focus,7800,Manual,40523,Petrol,6,1
 Focus,7799,Manual,28009,Petrol,7,1
 Focus,7798,Manual,43287,Diesel,6,1.14
 Focus,7798,Manual,63664,Diesel,5,1.14
 Focus,7795,Semi-Auto,30000,Petrol,6,1.17
 Focus,7795,Manual,55202,Diesel,7,1.26
 Focus,7795,Manual,22789,Petrol,9,1
 Focus,7791,Manual,32388,Petrol,6,1
 Focus,7790,Manual,48503,Diesel,6,1.17
 Focus,7761,Manual,50356,Petrol,6,1
 Focus,7749,Manual,69779,Petrol,7,1.17
 Focus,7730,Manual,47394,Diesel,7,1.17
 Focus,7730,Manual,55923,Diesel,5,1.14
 Focus,7700,Manual,47192,Diesel,6,1.17
 Focus,7700,Manual,64918,Diesel,5,1.14
 Focus,7700,Manual,54803,Petrol,6,1
 Focus,7700,Manual,55952,Diesel,6,1.14
 Focus,7699,Manual,69205,Diesel,6,1.14
 Focus,7698,Manual,43361,Petrol,6,1
 Focus,7698,Manual,51060,Diesel,6,1.17
 Focus,7695,Manual,51986,Diesel,7,1.17
 Focus,7695,Manual,51986,Diesel,7,1.17
 Focus,7695,Manual,50380,Diesel,6,1.14
 Focus,7695,Manual,59260,Diesel,6,1.14
 Focus,7690,Manual,46306,Petrol,6,1
 Focus,7676,Manual,35201,Petrol,7,1
 Focus,7673,Automatic,30093,Petrol,7,1.17
 Focus,7660,Manual,54224,Petrol,6,1
 Focus,7660,Manual,45878,Diesel,6,1.14
 Focus,7650,Manual,51205,Diesel,6,1.17
 Focus,7600,Manual,46660,Diesel,6,1.14
 Focus,7600,Manual,43919,Petrol,6,1
 Focus,7600,Semi-Auto,31816,Petrol,6,1.17
 Focus,7599,Manual,54672,Diesel,7,1.17
 Focus,7599,Automatic,39915,Petrol,7,1.17
 Focus,7590,Manual,52671,Diesel,6,1.17
 Focus,7582,Manual,66477,Diesel,5,1.14
 Focus,7561,Manual,63630,Diesel,6,1.17
 Focus,7542,Semi-Auto,29222,Petrol,7,1.17
 Focus,7500,Manual,42112,Petrol,6,1
 Focus,7500,Manual,53130,Petrol,6,1
 Focus,7500,Manual,53130,Petrol,6,1
 Focus,7500,Manual,70709,Diesel,5,1.14
 Focus,7500,Manual,73831,Diesel,6,1.14
 Focus,7500,Manual,58289,Petrol,7,1
 Focus,7500,Manual,53130,Petrol,6,1
 Focus,7500,Manual,53130,Petrol,6,1
 Focus,7500,Manual,53130,Petrol,6,1
 Focus,7500,Manual,53130,Petrol,6,1
 Focus,7500,Manual,82955,Diesel,5,1.14
 Focus,7500,Manual,53130,Petrol,6,1
 Focus,7500,Manual,53130,Petrol,6,1
 Focus,7500,Manual,53130,Petrol,6,1
 Focus,7500,Manual,53130,Petrol,6,1
 Focus,7500,Manual,53130,Petrol,6,1
 Focus,7500,Manual,53130,Petrol,6,1
 Focus,7500,Manual,53130,Petrol,6,1
 Focus,7500,Manual,53130,Petrol,6,1
 Focus,7500,Manual,67107,Diesel,6,1.14
 Focus,7500,Manual,53130,Petrol,6,1
 Focus,7499,Manual,90007,Diesel,5,1.14
 Focus,7499,Semi-Auto,47329,Petrol,7,1.17
 Focus,7499,Manual,20798,Petrol,7,1
 Focus,7499,Automatic,67331,Petrol,6,1.17
 Focus,7499,Manual,59020,Diesel,6,1.17
 Focus,7499,Manual,45363,Diesel,6,1.14
 Focus,7498,Manual,47566,Petrol,7,1
 Focus,7498,Manual,36462,Petrol,6,1
 Focus,7498,Manual,54701,Diesel,6,1.17
 Focus,7498,Manual,46610,Diesel,6,1.14
 Focus,7498,Manual,62228,Diesel,5,1.14
 Focus,7495,Manual,38537,Diesel,8,1.17
 Focus,7495,Manual,25750,Petrol,7,1
 Focus,7495,Manual,56329,Diesel,6,1.14
 Focus,7495,Manual,53785,Diesel,9,1.26
 Focus,7495,Manual,28100,Petrol,7,1
 Focus,7495,Manual,29352,Diesel,7,1.17
 Focus,7495,Manual,78000,Diesel,4,1.14
 Focus,7495,Manual,51000,Diesel,8,1.17
 Focus,7495,Automatic,41000,Petrol,7,1.17
 Focus,7491,Manual,31103,Petrol,7,1
 Focus,7490,Manual,62398,Diesel,5,1.14
 Focus,7490,Manual,53998,Diesel,7,1.17
 Focus,7490,Manual,45153,Petrol,7,1
 Focus,7490,Manual,54000,Petrol,11,1.36
 Focus,7490,Manual,58000,Diesel,5,1.14
 Focus,7490,Manual,43325,Petrol,9,1.17
 Focus,7489,Manual,51864,Diesel,6,1.17
 Focus,7480,Manual,62595,Diesel,5,1.14
 Focus,7480,Manual,23478,Petrol,7,1
 Focus,7475,Manual,50000,Petrol,6,1
 Focus,7470,Manual,50039,Petrol,7,1
 Focus,7468,Manual,66825,Diesel,6,1.14
 Focus,7450,Manual,69344,Petrol,6,1
 Focus,7391,Manual,49089,Petrol,5,1
 Focus,7380,Manual,50360,Diesel,6,1.14
 Focus,7360,Manual,76000,Diesel,6,1.17
 Focus,7350,Manual,59201,Diesel,6,1.17
 Focus,7330,Semi-Auto,47067,Petrol,7,1.17
 Focus,7300,Manual,48881,Diesel,8,1.17
 Focus,7299,Manual,39000,Petrol,7,1
 Focus,7299,Manual,62299,Petrol,6,1
 Focus,7299,Semi-Auto,49659,Petrol,6,1.17
 Focus,7299,Manual,45310,Petrol,7,1
 Focus,7299,Manual,66804,Diesel,6,1.14
 Focus,7299,Manual,88993,Diesel,5,1.14
 Focus,7299,Manual,62943,Diesel,8,1.17
 Focus,7298,Manual,52544,Diesel,7,1.17
 Focus,7298,Manual,44149,Petrol,6,1
 Focus,7298,Manual,17425,Petrol,7,1.17
 Focus,7295,Manual,52828,Diesel,7,1.17
 Focus,7295,Manual,58291,Diesel,6,1.17
 Focus,7295,Manual,83823,Diesel,6,1.14
 Focus,7295,Manual,53000,Petrol,7,1
 Focus,7260,Manual,60661,Petrol,6,1
 Focus,7250,Manual,40412,Petrol,7,1
 Focus,7250,Manual,66144,Diesel,6,1.14
 Focus,7222,Semi-Auto,48308,Petrol,7,1.17
 Focus,7211,Manual,67951,Diesel,7,1.26
 Focus,7199,Manual,45596,Petrol,6,1
 Focus,7195,Manual,71350,Diesel,5,1.14
 Focus,7195,Manual,70000,Diesel,6,1.14
 Focus,7191,Manual,63780,Diesel,6,1.17
 Focus,7182,Manual,56984,Diesel,8,1.17
 Focus,7180,Manual,44583,Diesel,6,1.14
 Focus,7160,Manual,40736,Diesel,7,1.17
 Focus,7150,Manual,44670,Petrol,6,1
 Focus,7141,Manual,67680,Diesel,6,1.17
 Focus,7120,Manual,56561,Diesel,6,1.14
 Focus,7099,Manual,49460,Diesel,8,1.26
 Focus,7099,Manual,74176,Diesel,6,1.14
 Focus,7096,Manual,53767,Diesel,7,1.17
 Focus,7080,Manual,35879,Petrol,7,1
 Focus,7050,Manual,70672,Diesel,6,1.14
 Focus,7038,Manual,57960,Diesel,7,1.26
 Focus,7000,Manual,78533,Diesel,6,1.14
 Focus,7000,Manual,82616,Diesel,5,1.14
 Focus,7000,Manual,25462,Diesel,7,1.17
 Focus,7000,Manual,34496,Petrol,7,1.17
 Focus,7000,Manual,54724,Diesel,6,1.14
 Focus,7000,Manual,43016,Diesel,7,1.17
 Focus,7000,Manual,76890,Diesel,6,1.14
 Focus,7000,Manual,48818,Diesel,8,1.17
 Focus,7000,Manual,94581,Petrol,5,1.14
 Focus,7000,Manual,55090,Diesel,7,1.17
 Focus,7000,Manual,47781,Petrol,8,1
 Focus,6999,Manual,63259,Petrol,6,1
 Focus,6999,Manual,41633,Petrol,7,1
 Focus,6999,Manual,65419,Diesel,6,1.14
 Focus,6999,Manual,29624,Diesel,8,1.17
 Focus,6999,Manual,55336,Diesel,6,1.14
 Focus,6998,Manual,76588,Diesel,6,1.14
 Focus,6998,Manual,68650,Diesel,7,1.17
 Focus,6997,Manual,37396,Petrol,7,1
 Focus,6995,Manual,37557,Petrol,8,1
 Focus,6995,Manual,77451,Diesel,6,1.17
 Focus,6995,Manual,58200,Diesel,7,1.17
 Focus,6995,Manual,51606,Petrol,5,1
 Focus,6995,Automatic,53200,Petrol,8,1.17
 Focus,6995,Manual,67178,Petrol,8,1
 Focus,6995,Manual,32887,Petrol,7,1.17
 Focus,6995,Manual,52000,Diesel,7,1.17
 Focus,6995,Automatic,35850,Petrol,8,1.17
 Focus,6995,Manual,53700,Petrol,8,1.17
 Focus,6995,Manual,62903,Diesel,6,1.14
 Focus,6995,Manual,48734,Diesel,9,1.26
 Focus,6995,Automatic,28860,Petrol,8,1.17
 Focus,6995,Manual,68000,Petrol,14,1.36
 Focus,6995,Automatic,80208,Petrol,6,1.17
 Focus,6995,Manual,36000,Petrol,9,1.17
 Focus,6995,Manual,35000,Petrol,8,1
 Focus,6991,Manual,45123,Petrol,6,1
 Focus,6991,Manual,40155,Petrol,7,1
 Focus,6991,Manual,48460,Petrol,7,1
 Focus,6991,Manual,57483,Diesel,7,1.17
 Focus,6991,Manual,29353,Petrol,8,1
 Focus,6990,Manual,66992,Diesel,6,1.14
 Focus,6990,Manual,40041,Petrol,10,1.17
 Focus,6990,Manual,45000,Petrol,5,1
 Focus,6990,Manual,48000,Diesel,6,1.14
 Focus,6990,Manual,56000,Diesel,5,1.14
 Focus,6990,Manual,72160,Petrol,6,1
 Focus,6990,Manual,59000,Diesel,7,1.17
 Focus,6980,Manual,61689,Diesel,6,1.14
 Focus,6980,Manual,14939,Petrol,6,1.17
 Focus,6977,Manual,68000,Diesel,6,1.17
 Focus,6975,Manual,79347,Diesel,6,1.14
 Focus,6950,Manual,36996,Petrol,7,1
 Focus,6940,Manual,48336,Diesel,8,1.17
 Focus,6936,Manual,71250,Diesel,7,1.14
 Focus,6926,Manual,40360,Petrol,7,1
 Focus,6921,Manual,24433,Diesel,8,1.17
 Focus,6920,Manual,34996,Petrol,8,1
 Focus,6920,Manual,62251,Diesel,6,1.14
 Focus,6900,Semi-Auto,28154,Petrol,8,1.17
 Focus,6900,Manual,26443,Petrol,2,1
 Focus,6900,Manual,55995,Diesel,7,1.17
 Focus,6899,Automatic,22488,Petrol,8,1.17
 Focus,6891,Manual,97190,Diesel,5,1.26
 Focus,6840,Manual,69000,Diesel,7,1.17
 Focus,6800,Manual,53500,Petrol,7,1
 Focus,6800,Manual,20600,Petrol,8,1.17
 Focus,6800,Manual,42817,Diesel,8,1.17
 Focus,6800,Manual,46849,Diesel,9,1.17
 Focus,6799,Manual,22608,Petrol,8,1
 Focus,6799,Automatic,45194,Petrol,8,1.17
 Focus,6795,Manual,69547,Diesel,7,1.17
 Focus,6791,Manual,44117,Petrol,7,1
 Focus,6790,Manual,34521,Petrol,8,1.17
 Focus,6790,Manual,37002,Petrol,8,1
 Focus,6790,Manual,51341,Petrol,7,1
 Focus,6780,Manual,44081,Petrol,7,1
 Focus,6776,Manual,35490,Diesel,8,1.17
 Focus,6770,Manual,60852,Petrol,7,1
 Focus,6750,Manual,46800,Petrol,6,1
 Focus,6750,Manual,33000,Petrol,8,1
 Focus,6750,Manual,70000,Diesel,8,1.26
 Focus,6750,Manual,48000,Petrol,10,1.17
 Focus,6730,Manual,65825,Diesel,6,1.14
 Focus,6730,Manual,78164,Diesel,6,1.17
 Focus,6729,Manual,71098,Diesel,8,1.17
 Focus,6701,Manual,50000,Diesel,7,1.17
 Focus,6699,Manual,37773,Petrol,7,1.17
 Focus,6699,Manual,29750,Diesel,8,1.17
 Focus,6698,Semi-Auto,32685,Petrol,8,1.17
 Focus,6695,Manual,65000,Diesel,7,1.17
 Focus,6695,Manual,43000,Petrol,8,1.17
 Focus,6690,Manual,76216,Petrol,6,1
 Focus,6670,Manual,38792,Petrol,7,1.17
 Focus,6650,Manual,31626,Petrol,9,1.17
 Focus,6645,Manual,72000,Diesel,6,1.14
 Focus,6625,Manual,31078,Petrol,7,1
 Focus,6600,Manual,45623,Petrol,7,1
 Focus,6599,Manual,59964,Petrol,7,1.17
 Focus,6598,Manual,71314,Diesel,6,1.14
 Focus,6591,Manual,80427,Diesel,7,1.26
 Focus,6590,Manual,56557,Diesel,7,1.17
 Focus,6545,Manual,47738,Diesel,8,1.17
 Focus,6500,Manual,57029,Petrol,8,1
 Focus,6500,Manual,57029,Petrol,8,1
 Focus,6500,Manual,71250,Diesel,8,1.17
 Focus,6500,Manual,70584,Petrol,7,1
 Focus,6500,Manual,45073,Petrol,7,1
 Focus,6500,Manual,43200,Petrol,9,1.17
 Focus,6500,Manual,46260,Petrol,8,1
 Focus,6500,Manual,57029,Petrol,8,1
 Focus,6500,Manual,57029,Petrol,8,1
 Focus,6500,Manual,57029,Petrol,8,1
 Focus,6500,Manual,57029,Petrol,8,1
 Focus,6500,Manual,57029,Petrol,8,1
 Focus,6500,Manual,66100,Diesel,9,1.17
 Focus,6500,Manual,88220,Diesel,6,1.14
 Focus,6500,Manual,57029,Petrol,8,1
 Focus,6500,Manual,36200,Diesel,7,1.17
 Focus,6500,Manual,57029,Petrol,8,1
 Focus,6500,Manual,57029,Petrol,8,1
 Focus,6500,Manual,57029,Petrol,8,1
 Focus,6500,Manual,57029,Petrol,8,1
 Focus,6500,Manual,57029,Petrol,8,1
 Focus,6500,Manual,57029,Petrol,8,1
 Focus,6500,Manual,57029,Petrol,8,1
 Focus,6499,Manual,46602,Petrol,7,1.17
 Focus,6499,Manual,71500,Petrol,6,1
 Focus,6499,Manual,41048,Petrol,8,1
 Focus,6499,Automatic,72000,Petrol,6,1.17
 Focus,6498,Manual,65125,Petrol,8,1.17
 Focus,6498,Manual,65297,Diesel,8,1.17
 Focus,6495,Manual,43000,Petrol,7,1
 Focus,6495,Manual,53707,Diesel,8,1.17
 Focus,6495,Manual,50500,Petrol,8,1
 Focus,6495,Manual,28000,Diesel,11,1.17
 Focus,6495,Automatic,79000,Petrol,9,1.17
 Focus,6495,Manual,65025,Diesel,7,1.17
 Focus,6495,Manual,53844,Petrol,6,1
 Focus,6494,Manual,53844,Petrol,6,1
 Focus,6490,Manual,30869,Diesel,8,1.17
 Focus,6490,Manual,90000,Diesel,5,1.14
 Focus,6490,Manual,69000,Diesel,6,1.14
 Focus,6490,Manual,62000,Diesel,6,1.14
 Focus,6490,Manual,69000,Diesel,6,1.14
 Focus,6490,Manual,48000,Petrol,9,1
 Focus,6480,Manual,31101,Diesel,8,1.17
 Focus,6480,Manual,55952,Petrol,8,1
 Focus,6480,Manual,49000,Diesel,8,1.17
 Focus,6477,Manual,41250,Petrol,8,1
 Focus,6475,Manual,80000,Diesel,6,1.14
 Focus,6400,Manual,47169,Petrol,8,1
 Focus,6400,Manual,98900,Diesel,10,1.17
 Focus,6399,Manual,84000,Diesel,6,1.14
 Focus,6399,Manual,40942,Petrol,8,1
 Focus,6395,Manual,89770,Diesel,6,1.17
 Focus,6390,Manual,45478,Petrol,7,1
 Focus,6370,Manual,50223,Petrol,8,1
 Focus,6365,Manual,59669,Petrol,8,1
 Focus,6350,Manual,78968,Diesel,6,1.14
 Focus,6324,Manual,57170,Petrol,7,1
 Focus,6300,Manual,50475,Diesel,8,1.17
 Focus,6299,Manual,90378,Diesel,5,1.14
 Focus,6298,Manual,37966,Petrol,8,1
 Focus,6295,Manual,83467,Petrol,6,1
 Focus,6295,Manual,68000,Diesel,9,1.17
 Focus,6295,Manual,66278,Petrol,7,1
 Focus,6295,Manual,30000,Petrol,10,1.17
 Focus,6295,Manual,77000,Diesel,6,1.14
 Focus,6291,Manual,46830,Diesel,8,1.17
 Focus,6289,Manual,63527,Petrol,7,1
 Focus,6288,Manual,46000,Petrol,10,1.17
 Focus,6275,Manual,55000,Petrol,7,1
 Focus,6250,Manual,82446,Diesel,6,1.14
 Focus,6250,Manual,52328,Petrol,8,1
 Focus,6250,Manual,111000,Diesel,6,1.14
 Focus,6250,Manual,53000,Petrol,8,1.17
 Focus,6250,Manual,44000,Petrol,8,1
 Focus,6199,Manual,36000,Petrol,8,1
 Focus,6199,Manual,44235,Petrol,8,1
 Focus,6195,Manual,31543,Diesel,9,1.17
 Focus,6191,Manual,78290,Diesel,8,1.17
 Focus,6190,Manual,52632,Petrol,8,1
 Focus,6190,Manual,47207,Diesel,8,1.17
 Focus,6190,Manual,69000,Diesel,8,1.17
 Focus,6143,Manual,40428,Petrol,8,1
 Focus,6120,Manual,64960,Petrol,8,1.17
 Focus,6100,Manual,48659,Petrol,8,1
 Focus,6000,Manual,72500,Diesel,7,1.17
 Focus,6000,Manual,73913,Diesel,9,1.17
 Focus,6000,Manual,50081,Petrol,8,1
 Focus,5999,Manual,41675,Petrol,8,1
 Focus,5999,Manual,63424,Petrol,8,1
 Focus,5999,Manual,59477,Petrol,8,1
 Focus,5999,Manual,44988,Petrol,9,1
 Focus,5999,Manual,83000,Diesel,9,1.17
 Focus,5999,Automatic,48370,Petrol,10,1.17
 Focus,5999,Manual,62021,Diesel,8,1.17
 Focus,5998,Manual,62855,Diesel,7,1.17
 Focus,5998,Manual,61889,Petrol,7,1
 Focus,5998,Manual,41035,Petrol,8,1
 Focus,5997,Manual,75032,Petrol,8,1
 Focus,5995,Manual,77886,Diesel,8,1.17
 Focus,5995,Manual,63784,Petrol,8,1
 Focus,5995,Manual,59000,Petrol,9,1.17
 Focus,5995,Manual,58610,Petrol,8,1.17
 Focus,5995,Semi-Auto,92000,Diesel,7,1.26
 Focus,5995,Manual,82399,Diesel,7,1.17
 Focus,5995,Manual,67000,Petrol,14,1.36
 Focus,5995,Manual,91000,Diesel,6,1.17
 Focus,5995,Automatic,89000,Diesel,7,1.26
 Focus,5995,Manual,36500,Diesel,7,1.17
 Focus,5991,Manual,57180,Petrol,7,1
 Focus,5991,Manual,53080,Petrol,8,1
 Focus,5991,Manual,55173,Petrol,8,1
 Focus,5991,Manual,52117,Petrol,8,1
 Focus,5990,Manual,58000,Diesel,7,1.17
 Focus,5989,Manual,58778,Diesel,8,1.17
 Focus,5971,Manual,73411,Diesel,8,1.17
 Focus,5960,Manual,55253,Diesel,8,1.17
 Focus,5939,Manual,70199,Diesel,8,1.17
 Focus,5925,Manual,46054,Petrol,10,1.17
 Focus,5902,Manual,57890,Diesel,8,1.17
 Focus,5899,Manual,50914,Diesel,8,1.17
 Focus,5895,Manual,59306,Petrol,7,1
 Focus,5889,Manual,42575,Petrol,8,1
 Focus,5850,Manual,66020,Diesel,8,1.17
 Focus,5840,Manual,58804,Diesel,8,1.17
 Focus,5820,Manual,95723,Diesel,8,1.17
 Focus,5799,Manual,63785,Petrol,7,1
 Focus,5798,Manual,55246,Diesel,7,1.17
 Focus,5795,Manual,105260,Petrol,6,1
 Focus,5795,Manual,79094,Petrol,9,1.17
 Focus,5777,Manual,77000,Diesel,7,1.17
 Focus,5752,Manual,72475,Petrol,7,1
 Focus,5750,Manual,61747,Petrol,8,1
 Focus,5750,Manual,78000,Diesel,6,1.17
 Focus,5750,Manual,35000,Petrol,10,1.17
 Focus,5749,Manual,69000,Petrol,8,1
 Focus,5710,Manual,74754,Diesel,7,1.17
 Focus,5700,Manual,68343,Diesel,7,1.17
 Focus,5700,Semi-Auto,61339,Petrol,8,1.17
 Focus,5698,Manual,70745,Petrol,7,1
 Focus,5698,Manual,64292,Diesel,8,1.17
 Focus,5500,Manual,69498,Diesel,8,1.17
 Focus,5500,Manual,68300,Diesel,9,1.17
 Focus,5500,Manual,75170,Petrol,7,1
 Focus,5499,Manual,56230,Petrol,8,1
 Focus,5499,Manual,59000,Petrol,9,1.17
 Focus,5499,Manual,84000,Diesel,8,1.17
 Focus,5499,Manual,58983,Diesel,10,1.17
 Focus,5499,Manual,53126,Petrol,9,1.17
 Focus,5499,Manual,54901,Petrol,10,1.17
 Focus,5498,Manual,67133,Diesel,8,1.17
 Focus,5498,Manual,59812,Petrol,8,1.17
 Focus,5495,Manual,76000,Diesel,9,1.17
 Focus,5495,Manual,76250,Petrol,8,1
 Focus,5495,Automatic,76317,Diesel,10,1.26
 Focus,5495,Manual,73000,Diesel,9,1.17
 Focus,5495,Manual,77000,Petrol,10,1.17
 Focus,5492,Manual,114000,Diesel,6,1.14
 Focus,5490,Semi-Auto,71445,Petrol,7,1.17
 Focus,5490,Manual,65815,Diesel,8,1.17
 Focus,5490,Manual,68274,Petrol,10,1.17
 Focus,5490,Manual,93591,Diesel,9,1.26
 Focus,5470,Manual,76081,Diesel,8,1.17
 Focus,5450,Manual,79285,Diesel,8,1.17
 Focus,5450,Manual,63000,Diesel,10,1.17
 Focus,5400,Manual,56000,Petrol,9,1
 Focus,5399,Manual,53183,Petrol,8,1
 Focus,5397,Manual,80146,Diesel,8,1.17
 Focus,5391,Manual,65824,Petrol,8,1.17
 Focus,5390,Manual,60326,Diesel,8,1.17
 Focus,5379,Manual,71963,Petrol,9,1.17
 Focus,5347,Manual,84219,Diesel,8,1.17
 Focus,5299,Manual,69000,Petrol,9,1.17
 Focus,5299,Manual,78767,Petrol,7,1.17
 Focus,5298,Manual,90391,Diesel,7,1.17
 Focus,5298,Manual,78323,Diesel,7,1.17
 Focus,5297,Manual,69420,Petrol,8,1
 Focus,5295,Manual,62420,Diesel,8,1.17
 Focus,5295,Manual,64572,Petrol,11,1
 Focus,5295,Manual,66000,Petrol,10,1.17
 Focus,5290,Manual,59003,Diesel,7,1.17
 Focus,5290,Manual,65607,Petrol,8,1
 Focus,5250,Manual,70000,Petrol,9,1
 Focus,5048,Manual,60100,Petrol,9,1
 Focus,5000,Manual,57000,Diesel,9,1.17
 Focus,5000,Manual,102500,Diesel,8,1.17
 Focus,5000,Manual,76000,Petrol,9,1
 Focus,4999,Manual,83772,Diesel,8,1.17
 Focus,4999,Manual,99614,Petrol,10,1.17
 Focus,4995,Manual,74015,Diesel,8,1.17
 Focus,4995,Manual,69000,Petrol,10,1.17
 Focus,4995,Manual,69000,Diesel,10,1.17
 Focus,4995,Manual,106000,Diesel,8,1.26
 Focus,4995,Manual,81000,Petrol,9,1.17
 Focus,4995,Manual,70000,Petrol,10,1.17
 Focus,4990,Manual,91938,Diesel,7,1.17
 Focus,4975,Automatic,76000,Petrol,8,1.17
 Focus,4895,Manual,116000,Diesel,9,1.17
 Focus,4799,Manual,41557,Petrol,11,1.17
 Focus,4795,Manual,73626,Diesel,9,1.17
 Focus,4795,Manual,96000,Petrol,8,1
 Focus,4699,Manual,67226,Petrol,9,1
 Focus,4695,Manual,67000,Petrol,10,1.17
 Focus,4690,Manual,79000,Diesel,11,1.17
 Focus,4500,Automatic,87600,Petrol,10,1.17
 Focus,4500,Manual,97930,Petrol,8,1.17
 Focus,4499,Manual,72279,Petrol,9,1.17
 Focus,4499,Manual,93193,Petrol,9,1.17
 Focus,4495,Manual,77000,Petrol,10,1.17
 Focus,4495,Manual,99400,Petrol,8,1
 Focus,4495,Manual,90400,Diesel,9,1.17
 Focus,4495,Automatic,30000,Petrol,14,1.17
 Focus,4495,Manual,87577,Petrol,10,1.17
 Focus,4299,Automatic,39911,Petrol,12,1.17
 Focus,4195,Manual,76485,Petrol,12,1.22
 Focus,4195,Automatic,62506,Petrol,10,1.17
 Focus,4170,Manual,115000,Diesel,9,1.17
 Focus,4000,Manual,107300,Diesel,9,1.17
 Focus,3999,Manual,127544,Petrol,10,1.17
 Focus,3999,Manual,56064,Petrol,18,1.26
 Focus,3995,Manual,93000,Diesel,8,1.17
 Focus,3995,Automatic,63000,Petrol,10,1.17
 Focus,3995,Manual,89411,Diesel,8,1.17
 Focus,3995,Manual,112000,Petrol,10,1.17
 Focus,3995,Manual,93000,Petrol,12,1.17
 Focus,3990,Manual,114000,Diesel,8,1.17
 Focus,3899,Manual,126000,Diesel,9,1.26
 Focus,3895,Manual,90000,Diesel,12,1.22
 Focus,3895,Automatic,60190,Petrol,12,1.17
 Focus,3795,Manual,89520,Petrol,11,1.17
 Focus,3699,Manual,60466,Diesel,11,1.26
 Focus,3695,Manual,88151,Diesel,10,1.17
 Focus,3695,Manual,50000,Petrol,13,1.26
 Focus,3695,Automatic,65782,Petrol,13,1.17
 Focus,3690,Manual,80000,Diesel,12,1.22
 Focus,3575,Manual,50975,Diesel,12,1.26
 Focus,3499,Manual,84239,Petrol,10,1.22
 Focus,3495,Manual,44000,Diesel,14,1.26
 Focus,3495,Manual,75000,Petrol,12,1.17
 Focus,3495,Manual,73000,Petrol,13,1.17
 Focus,3495,Manual,100000,Diesel,11,1.17
 Focus,3495,Manual,102000,Diesel,10,1.17
 Focus,3485,Manual,90000,Diesel,11,1.17
 Focus,3485,Manual,85049,Petrol,12,1.17
 Focus,3485,Manual,90000,Diesel,12,1.17
 Focus,3450,Manual,77466,Petrol,12,1.17
 Focus,3395,Manual,52000,Petrol,12,1.17
 Focus,3350,Manual,52000,Petrol,12,1.17
 Focus,3299,Manual,67416,Petrol,12,1.17
 Focus,3295,Manual,80000,Petrol,12,1.22
 Focus,3295,Manual,79381,Diesel,13,1.26
 Focus,3295,Manual,86000,Petrol,10,1.17
 Focus,3000,Manual,81124,Diesel,11,1.26
 Focus,3000,Manual,91000,Petrol,13,1
 Focus,2995,Manual,130000,Diesel,8,1.17
 Focus,2995,Manual,71000,Petrol,11,1.17
 Focus,2995,Manual,98000,Diesel,12,1.22
 Focus,2995,Manual,114000,Petrol,11,1.17
 Focus,2995,Manual,80278,Diesel,12,1.17
 Focus,2995,Manual,93400,Petrol,12,1.17
 Focus,2995,Manual,88000,Petrol,11,1.17
 Focus,2995,Manual,77000,Diesel,13,1.26
 Focus,2995,Manual,109000,Diesel,12,1.22
 Focus,2995,Manual,63000,Petrol,14,1.22
 Focus,2995,Automatic,77368,Diesel,12,1.26
 Focus,2991,Manual,89969,Petrol,12,1.17
 Focus,2950,Manual,68500,Petrol,12,1.17
 Focus,2900,Automatic,75800,Petrol,13,1.17
 Focus,2895,Automatic,54000,Petrol,14,1.26
 Focus,2895,Manual,91000,Petrol,13,1.17
 Focus,2799,Manual,100900,Petrol,11,1.17
 Focus,2799,Automatic,50403,Petrol,14,1.17
 Focus,2795,Manual,94618,Petrol,12,1.17
 Focus,2725,Manual,95000,Petrol,11,1.17
 Focus,2699,Manual,86726,Petrol,13,1.17
 Focus,2695,Manual,104000,Diesel,12,1.26
 Focus,2695,Manual,61000,Petrol,14,1.17
 Focus,2695,Manual,91000,Diesel,13,1.17
 Focus,2645,Manual,105000,Petrol,11,1.17
 Focus,2595,Automatic,84500,Petrol,13,1.17
 Focus,2500,Manual,98500,Petrol,13,1.17
 Focus,2499,Manual,85000,Petrol,12,1.17
 Focus,2499,Manual,87023,Diesel,11,1.17
 Focus,2499,Manual,115000,Petrol,13,1.26
 Focus,2495,Manual,100000,Diesel,11,1.17
 Focus,2495,Manual,107000,Petrol,12,1.17
 Focus,2495,Manual,118000,Diesel,12,1.17
 Focus,2495,Manual,93900,Diesel,11,1.17
 Focus,2495,Manual,89000,Diesel,13,1.17
 Focus,2495,Manual,78000,Diesel,14,1.17
 Focus,2495,Manual,78580,Petrol,14,1.12
 Focus,2495,Automatic,70730,Petrol,15,1.17
 Focus,2495,Automatic,87908,Petrol,16,1.17
 Focus,2400,Manual,92000,Petrol,12,1.17
 Focus,2395,Manual,102000,Diesel,12,1.17
 Focus,2375,Manual,89000,Petrol,13,1.17
 Focus,2295,Manual,94360,Petrol,14,1.17
 Focus,2295,Manual,81000,Diesel,13,1.22
 Focus,2295,Manual,87530,Petrol,16,1.26
 Focus,2195,Manual,89000,Diesel,15,1.17
 Focus,1999,Manual,113492,Petrol,12,1.17
 Focus,1999,Manual,137000,Diesel,12,1.26
 Focus,1999,Manual,101000,Petrol,13,1.17
 Focus,1999,Manual,109000,Petrol,12,1.22
 Focus,1995,Manual,88000,Diesel,13,1.26
 Focus,1995,Manual,40000,Petrol,16,1.17
 Focus,1995,Manual,141000,Petrol,13,1.17
 Focus,1995,Manual,76530,Petrol,14,1.17
 Focus,1995,Automatic,85847,Petrol,14,1.17
 Focus,1995,Manual,97498,Petrol,12,1.17
 Focus,1950,Manual,50000,Petrol,12,1.17
 Focus,1885,Manual,98213,Petrol,16,1.17
 Focus,1850,Manual,74500,Petrol,14,1.22
 Focus,1795,Manual,130000,Diesel,13,1.22
 Focus,1699,Manual,121000,Petrol,13,1.22
 Focus,1695,Manual,139600,Petrol,12,1.17
 Focus,1695,Manual,89630,Petrol,18,1.17
 Focus,1695,Manual,92013,Diesel,13,1.22
 Focus,1575,Automatic,111000,Petrol,18,1.26
 Focus,1575,Manual,90000,Petrol,16,1.17
 Focus,1495,Manual,132000,Petrol,13,1.17
 Focus,1495,Manual,105000,Diesel,15,1.17
 Focus,1475,Automatic,88746,Petrol,16,1.17
 Focus,1450,Manual,110000,Petrol,13,1.22
 Focus,1450,Manual,100100,Petrol,14,1.17
 Focus,1449,Manual,101000,Petrol,16,1.17
 Focus,1290,Manual,137000,Diesel,13,1.22
 Focus,950,Manual,150000,Petrol,16,1.17
 Focus,795,Manual,101000,Petrol,19,1.17
 Focus,795,Manual,71214,Petrol,16,1.17
 Focus,675,Manual,121000,Petrol,16,1.26
 Focus,495,Manual,177644,Petrol,18,1.17
